problem_clarity_score,market_need_score,founder_market_fit_score,ai_fit_score,business_potential_score,validation_score,confidence,eye_contact,speaking_speed,filler_words,clarity,energy,qna_quality_score,pitch_length_words,has_clear_customer,has_business_model,has_competition_awareness,has_go_to_market,has_revenue_model,investor_readiness_score
77.97,27.96,56.55,52.54,53.72,45.69,74.79,73.03,108.0,4.0,67.56,73.27,66.86,243,0,0.0,0,1.0,0.0,52.41
63.84,57.97,29.08,53.48,54.49,41.78,65.66,53.18,151.0,2.0,75.19,69.7,72.87,245,1,0.0,0,0.0,0.0,56.89
77.88,41.0,61.46,49.73,61.54,58.2,60.84,41.65,144.0,8.0,59.82,62.18,79.72,215,0,0.0,0,1.0,0.0,53.08
84.49,50.3,60.94,65.98,72.72,64.06,60.16,46.89,127.0,7.0,63.76,48.16,49.51,286,0,,0,1.0,1.0,58.7
52.41,51.76,43.18,45.05,56.56,33.99,76.36,100.0,120.0,3.0,58.12,53.81,58.89,196,0,0.0,0,1.0,0.0,58.02
45.41,41.59,34.32,39.32,28.07,28.48,66.23,52.17,145.0,8.0,55.63,42.15,41.52,127,0,0.0,0,0.0,0.0,22.91
61.37,37.07,36.74,68.23,66.36,49.81,80.63,63.98,133.0,2.0,61.36,88.51,73.24,210,0,1.0,0,0.0,0.0,55.39
71.57,55.91,53.58,54.11,61.27,56.44,43.29,12.54,150.0,12.0,50.4,36.5,53.31,215,0,0.0,0,1.0,0.0,41.03
47.44,26.36,72.9,26.36,58.2,42.26,49.67,30.21,127.0,11.0,35.54,41.28,40.14,230,0,0.0,0,0.0,1.0,31.76
52.41,42.9,55.02,35.29,51.6,49.64,73.17,73.22,133.0,7.0,65.78,83.64,50.33,179,1,1.0,0,0.0,1.0,56.39
71.56,71.48,49.81,76.96,77.37,55.6,68.22,85.01,159.0,8.0,69.52,76.35,57.17,154,0,1.0,1,0.0,1.0,68.69
77.82,18.3,58.5,57.72,80.24,50.21,72.95,48.25,122.0,5.0,58.17,47.29,51.32,310,0,1.0,0,1.0,1.0,50.47
74.82,30.24,52.16,41.38,38.11,49.66,82.73,80.21,115.0,6.0,68.63,85.15,62.83,207,0,0.0,0,0.0,0.0,52.53
68.88,100.0,66.02,100.0,69.4,70.32,86.74,70.87,125.0,5.0,67.36,68.12,72.22,396,1,1.0,1,1.0,1.0,81.55
90.22,61.93,62.29,82.87,57.17,68.43,62.43,47.05,143.0,13.0,52.97,52.39,55.03,131,0,0.0,0,0.0,0.0,56.99
56.18,54.5,36.45,54.38,49.21,40.32,51.88,55.61,172.0,10.0,41.62,46.49,37.81,256,1,1.0,0,1.0,1.0,49.03
74.87,25.64,45.46,67.14,49.61,43.07,71.11,80.33,143.0,8.0,67.79,52.55,62.96,309,0,0.0,0,0.0,0.0,39.85
58.71,29.59,50.71,50.11,39.36,32.12,72.16,74.08,124.0,7.0,56.71,75.71,57.64,93,0,0.0,0,0.0,0.0,43.1
82.76,44.31,49.55,49.71,55.99,42.66,57.98,35.87,123.0,4.0,69.62,33.1,44.56,286,0,1.0,0,0.0,0.0,51.05
74.85,60.49,41.41,83.62,87.88,60.16,73.71,64.63,148.0,8.0,72.45,59.37,64.39,251,0,1.0,0,0.0,1.0,57.62
46.34,54.66,35.73,71.51,52.22,49.09,62.36,63.89,107.0,9.0,39.27,77.18,41.82,246,0,0.0,0,0.0,1.0,42.64
66.49,68.55,50.23,36.78,66.16,56.62,50.7,65.45,103.0,6.0,70.42,75.75,81.9,321,1,1.0,1,0.0,0.0,60.14
82.54,88.53,68.75,77.57,69.52,80.75,78.28,73.53,144.0,4.0,74.77,64.73,65.28,203,1,0.0,1,1.0,0.0,73.7
56.32,31.16,60.29,63.24,59.66,46.43,64.24,30.51,155.0,8.0,47.8,44.13,54.29,297,0,0.0,0,0.0,0.0,32.91
66.39,50.16,36.72,54.62,72.12,39.83,80.31,81.69,158.0,4.0,75.88,76.54,64.46,251,0,1.0,0,0.0,1.0,57.94
44.92,5.11,32.09,78.1,39.97,34.03,47.99,64.39,143.0,13.0,49.28,47.53,35.49,212,0,0.0,0,0.0,,25.85
66.07,63.37,53.23,97.32,63.8,54.56,56.79,42.87,159.0,6.0,63.99,75.05,47.1,262,1,0.0,0,0.0,0.0,51.67
59.07,55.58,54.21,62.41,50.54,53.37,43.42,26.51,133.0,10.0,39.68,38.77,43.32,282,0,1.0,0,0.0,1.0,51.62
73.31,52.73,59.52,70.03,80.19,48.34,54.36,64.6,131.0,11.0,64.67,45.6,44.05,184,1,0.0,0,1.0,0.0,52.26
60.92,22.39,37.06,54.88,37.86,37.42,68.63,81.67,139.0,8.0,63.09,66.24,54.68,249,0,0.0,0,1.0,0.0,32.24
75.43,,81.74,79.78,72.21,78.62,64.05,81.3,144.0,5.0,63.13,57.75,58.5,260,1,0.0,0,0.0,1.0,69.69
60.77,79.22,35.7,52.71,68.86,60.67,93.39,62.15,190.0,3.0,70.98,72.21,72.6,186,1,0.0,1,0.0,1.0,65.01
50.44,53.29,37.29,73.9,88.16,51.87,86.04,71.39,138.0,6.0,70.3,89.08,44.66,261,0,1.0,1,0.0,1.0,67.03
52.13,46.35,55.25,84.92,65.36,52.67,88.52,90.67,146.0,0.0,55.48,86.08,55.37,244,0,1.0,0,0.0,0.0,55.66
92.64,88.77,33.44,97.67,73.67,68.7,60.11,34.42,170.0,10.0,33.72,43.7,51.88,223,1,1.0,0,1.0,1.0,66.23
57.21,30.02,70.14,79.2,43.83,47.67,,44.21,220.0,18.0,46.06,41.91,64.01,231,0,0.0,0,,0.0,46.57
77.95,64.89,54.03,34.05,85.57,66.82,71.18,51.0,110.0,9.0,47.46,36.33,43.19,236,0,1.0,1,1.0,0.0,63.73
81.6,54.18,31.0,27.5,49.6,46.05,49.07,61.94,168.0,12.0,45.74,85.98,56.5,309,0,0.0,0,0.0,0.0,46.74
61.79,13.51,35.66,64.21,39.28,33.95,56.07,44.13,144.0,10.0,46.91,71.01,50.82,210,0,0.0,0,0.0,0.0,30.16
67.74,25.62,74.74,88.18,62.51,46.29,67.82,77.31,90.0,1.0,88.16,77.41,,141,0,0.0,0,0.0,0.0,48.48
83.7,48.87,84.84,79.8,60.77,,79.75,78.69,134.0,6.0,64.94,85.52,74.66,272,0,0.0,0,0.0,0.0,61.63
53.63,55.56,71.47,61.75,48.78,52.4,83.28,100.0,129.0,1.0,80.42,78.79,57.34,129,0,0.0,0,0.0,0.0,56.63
47.06,70.2,65.71,79.92,53.32,49.57,69.19,76.82,131.0,7.0,54.08,66.92,61.51,315,1,1.0,1,1.0,0.0,60.82
57.61,35.93,46.38,68.77,39.6,49.65,91.06,90.05,142.0,3.0,64.76,83.58,71.26,190,0,1.0,0,0.0,0.0,46.63
57.91,21.15,34.23,71.47,30.57,36.98,65.31,45.02,152.0,6.0,49.77,84.58,56.84,224,0,0.0,0,0.0,0.0,30.34
89.88,85.5,53.87,48.13,60.05,63.34,64.06,27.8,162.0,7.0,37.91,41.39,50.44,164,1,1.0,0,0.0,0.0,51.34
76.92,63.54,72.6,82.56,86.31,75.21,72.61,92.96,164.0,5.0,59.26,68.72,74.49,189,1,1.0,0,1.0,1.0,76.47
64.35,44.88,32.31,86.81,62.05,48.46,57.14,49.44,167.0,11.0,36.07,39.94,63.31,306,1,0.0,0,0.0,1.0,49.37
75.97,63.58,49.33,78.8,55.82,50.37,49.81,49.98,133.0,16.0,45.97,59.45,45.36,335,1,1.0,0,0.0,1.0,61.76
73.61,87.36,42.77,84.23,81.66,73.89,74.83,64.21,103.0,4.0,66.15,30.38,67.61,312,0,1.0,1,1.0,0.0,63.87
72.43,57.89,59.69,70.48,70.8,,76.85,63.58,96.0,8.0,62.72,65.73,69.62,280,0,0.0,0,0.0,0.0,54.61
,50.41,62.57,73.23,62.84,75.57,72.2,45.25,154.0,7.0,51.79,32.4,37.71,202,0,0.0,0,1.0,0.0,53.15
62.17,83.6,23.55,76.98,48.13,51.8,46.26,42.73,135.0,4.0,54.05,64.98,39.48,180,1,0.0,0,0.0,0.0,48.72
60.82,58.88,49.71,49.21,57.74,40.64,68.39,69.01,166.0,9.0,53.32,43.51,,183,1,0.0,0,0.0,0.0,53.89
58.1,46.6,31.87,50.29,81.74,59.96,92.56,82.95,151.0,4.0,67.0,65.51,,209,0,1.0,0,0.0,1.0,65.7
67.04,39.17,38.31,52.55,58.13,47.33,58.98,58.6,107.0,9.0,41.56,41.75,47.02,309,0,0.0,0,1.0,0.0,33.93
72.75,63.48,32.95,61.63,69.84,,62.5,69.79,128.0,7.0,55.03,72.7,47.65,239,1,0.0,0,1.0,0.0,55.85
87.1,27.51,69.19,54.42,64.53,59.73,67.39,58.55,147.0,3.0,74.0,47.87,63.33,165,0,0.0,0,0.0,0.0,49.22
48.19,33.39,30.89,67.85,68.49,34.62,51.37,43.99,117.0,7.0,55.75,77.62,39.43,254,0,0.0,0,1.0,1.0,45.54
78.68,49.94,72.47,71.96,65.89,49.91,91.19,53.19,170.0,6.0,65.9,89.06,47.86,212,0,,0,0.0,0.0,63.37
33.22,37.99,29.62,56.42,14.15,41.85,85.93,73.17,134.0,8.0,45.65,80.36,69.56,192,0,0.0,0,0.0,0.0,34.47
70.16,50.02,44.63,36.5,58.13,41.69,67.91,47.6,134.0,4.0,68.64,37.82,48.35,332,0,1.0,0,1.0,0.0,54.27
53.2,40.43,75.0,73.78,55.89,62.88,54.22,28.17,109.0,11.0,,38.55,49.51,194,0,0.0,0,0.0,0.0,34.63
84.7,51.61,63.85,88.2,76.29,69.28,55.68,70.02,174.0,6.0,63.1,82.54,42.93,294,0,1.0,0,1.0,1.0,63.74
80.55,41.57,56.45,76.38,61.52,58.89,45.91,59.27,133.0,13.0,49.68,56.37,45.65,267,0,0.0,0,0.0,1.0,47.85
89.58,80.91,54.93,74.71,69.84,67.71,75.67,79.59,,5.0,91.57,66.59,82.32,295,1,0.0,1,0.0,0.0,73.04
59.59,26.88,33.0,63.43,34.43,52.66,50.83,53.71,123.0,14.0,50.78,57.62,59.74,159,0,0.0,0,0.0,0.0,30.22
65.75,77.53,44.92,83.25,85.56,60.55,60.81,25.02,131.0,2.0,55.15,55.97,57.75,208,1,0.0,0,1.0,0.0,69.42
67.4,24.5,66.46,76.99,78.92,51.17,42.45,74.78,141.0,11.0,60.62,48.14,42.9,208,0,1.0,0,1.0,0.0,52.08
90.99,51.03,26.24,77.96,63.12,61.2,93.85,78.13,151.0,1.0,85.25,79.76,74.6,296,0,1.0,0,1.0,,77.96
48.87,50.29,18.83,74.28,32.1,35.26,69.07,75.01,,2.0,59.9,78.55,56.54,210,1,0.0,0,0.0,0.0,38.05
41.42,73.05,30.84,65.21,33.14,38.6,59.23,62.73,156.0,3.0,68.85,73.81,36.42,223,0,0.0,1,0.0,0.0,46.65
80.54,65.88,26.62,55.08,80.05,58.62,86.77,91.5,155.0,5.0,67.97,69.48,70.14,192,0,1.0,0,1.0,1.0,77.43
72.02,49.31,58.62,86.1,63.9,63.2,46.17,63.5,146.0,8.0,32.6,37.63,56.98,165,0,0.0,0,0.0,1.0,48.36
92.27,54.05,55.71,71.02,63.95,74.98,38.79,43.54,124.0,7.0,59.72,47.36,56.24,284,0,0.0,0,,1.0,60.46
77.21,43.4,59.13,72.2,69.39,71.38,46.2,16.72,132.0,8.0,38.19,24.92,53.35,234,0,1.0,0,0.0,1.0,55.88
65.38,59.63,52.76,64.87,48.16,43.69,87.84,69.75,120.0,5.0,80.53,81.69,57.55,196,0,0.0,1,0.0,0.0,54.51
84.65,46.55,46.71,80.57,72.86,66.57,81.88,84.17,132.0,5.0,76.79,89.82,73.83,136,0,0.0,0,0.0,0.0,53.83
64.25,47.72,59.21,99.7,68.15,52.66,96.31,61.29,151.0,5.0,59.12,93.91,82.74,297,0,1.0,0,0.0,0.0,60.01
53.44,25.92,35.64,59.25,41.11,32.64,69.25,51.84,147.0,4.0,66.97,50.93,66.02,253,0,0.0,0,0.0,0.0,33.04
56.45,15.03,61.0,88.67,51.53,42.27,61.43,37.56,150.0,6.0,60.18,58.38,46.0,257,0,1.0,0,0.0,0.0,43.97
33.94,48.23,44.04,58.21,47.64,37.55,65.48,64.67,166.0,9.0,34.11,64.25,42.3,114,0,0.0,0,0.0,0.0,36.55
72.83,60.05,32.61,82.0,64.94,50.09,97.59,83.59,120.0,2.0,80.22,65.96,83.96,268,0,0.0,0,0.0,1.0,60.79
56.13,55.49,44.89,63.36,71.68,39.16,63.58,58.71,105.0,8.0,54.67,63.06,56.11,103,0,0.0,1,1.0,1.0,53.46
68.55,50.54,35.78,50.91,74.39,61.45,46.25,51.53,132.0,10.0,47.62,53.99,57.42,206,0,0.0,0,0.0,1.0,50.87
85.19,81.87,61.34,100.0,77.8,79.6,56.8,38.99,164.0,11.0,28.96,42.01,40.13,201,0,0.0,0,0.0,0.0,57.42
61.69,46.26,49.43,47.74,48.41,48.19,83.1,81.83,168.0,0.0,76.1,90.28,73.27,293,0,0.0,0,0.0,0.0,51.04
57.8,41.26,43.19,52.45,48.71,39.44,73.87,64.63,144.0,12.0,53.65,83.5,50.55,268,0,0.0,0,0.0,0.0,35.34
54.84,29.43,67.05,44.79,30.95,50.37,42.97,22.66,131.0,8.0,36.21,56.29,46.47,343,0,0.0,0,0.0,0.0,39.75
85.76,70.21,63.73,96.56,80.47,71.81,62.83,52.87,143.0,7.0,67.33,54.13,57.8,203,0,1.0,1,1.0,1.0,73.32
85.53,58.06,51.58,93.89,58.07,59.53,38.94,42.7,156.0,4.0,49.11,51.22,65.4,324,1,0.0,0,,0.0,63.39
68.98,77.62,36.7,71.94,80.0,52.29,60.12,49.63,124.0,6.0,55.75,83.93,,233,0,0.0,1,0.0,1.0,62.37
46.59,46.32,38.43,40.79,45.37,44.36,60.54,60.85,128.0,10.0,45.95,53.38,68.94,162,0,0.0,0,0.0,0.0,36.94
54.4,48.39,32.99,64.37,70.29,46.44,65.92,68.93,141.0,8.0,44.85,70.38,52.0,202,0,0.0,0,1.0,0.0,50.03
54.98,65.09,32.38,48.04,50.66,49.6,65.03,80.85,159.0,2.0,78.65,59.07,57.71,356,1,1.0,1,0.0,1.0,62.18
44.72,34.71,47.19,36.22,43.15,39.9,49.33,64.44,152.0,8.0,61.79,46.74,38.48,190,0,0.0,0,0.0,0.0,33.95
59.94,75.34,51.65,51.63,70.71,62.95,68.38,65.6,104.0,4.0,80.97,81.97,60.77,224,1,1.0,0,1.0,1.0,62.23
67.26,68.03,25.72,72.65,75.69,57.88,65.72,43.05,154.0,11.0,49.95,40.19,54.98,318,0,1.0,0,0.0,0.0,50.16
60.53,46.47,66.29,55.62,59.79,52.03,90.77,76.64,142.0,1.0,81.78,81.68,70.52,257,0,0.0,0,0.0,0.0,57.56
53.64,72.76,41.0,55.82,46.61,54.56,50.32,55.59,148.0,10.0,61.69,71.11,58.57,241,1,0.0,0,0.0,0.0,41.28
62.8,32.32,18.04,32.44,61.5,45.53,64.12,51.66,135.0,10.0,56.41,41.98,51.02,131,0,0.0,0,0.0,0.0,28.02
100.0,100.0,64.48,100.0,90.92,94.42,75.19,42.61,149.0,7.0,73.17,70.36,83.96,177,1,1.0,1,1.0,1.0,84.46
78.19,72.0,41.75,61.7,42.62,50.69,72.36,69.46,141.0,11.0,65.16,35.3,71.28,361,0,0.0,0,0.0,0.0,53.87
90.02,40.58,75.74,83.47,61.8,71.23,27.25,45.48,124.0,9.0,49.88,53.97,60.35,203,0,0.0,0,0.0,0.0,43.44
49.46,42.45,29.17,59.46,68.9,34.83,69.34,36.86,126.0,13.0,38.31,50.82,53.35,354,0,0.0,0,1.0,0.0,32.53
43.48,68.4,55.78,64.83,41.32,56.46,44.02,40.17,133.0,15.0,40.7,38.17,52.68,246,1,0.0,0,0.0,0.0,38.05
63.17,69.89,38.12,45.12,43.69,47.58,45.12,72.7,113.0,8.0,66.89,66.86,39.29,277,1,0.0,0,0.0,0.0,50.6
69.65,39.35,29.95,49.53,54.89,51.04,38.1,48.01,127.0,6.0,58.87,43.69,49.45,127,0,0.0,0,0.0,0.0,24.08
81.33,45.39,55.91,61.27,70.66,68.08,73.08,64.11,134.0,10.0,53.51,55.31,53.11,369,0,0.0,0,1.0,0.0,52.47
65.31,65.2,47.74,52.77,51.55,55.72,69.74,66.94,158.0,6.0,,53.71,70.86,230,1,0.0,0,0.0,0.0,60.82
45.17,48.74,55.21,86.81,78.2,53.66,90.38,86.28,155.0,6.0,60.53,100.0,68.3,225,0,0.0,0,1.0,0.0,51.84
80.67,52.33,65.62,72.26,83.27,65.17,49.22,48.65,173.0,6.0,39.29,36.46,63.67,329,0,1.0,0,1.0,0.0,61.62
64.4,72.91,54.22,47.19,35.36,51.7,74.02,62.58,110.0,9.0,63.43,47.3,71.77,137,0,0.0,1,0.0,0.0,52.35
42.0,49.11,27.62,57.16,55.71,48.46,42.1,47.13,131.0,5.0,59.33,53.06,52.17,322,0,0.0,0,1.0,0.0,34.05
86.5,82.33,37.21,73.03,49.06,,48.59,63.72,159.0,7.0,68.92,44.76,50.41,172,1,0.0,1,0.0,0.0,56.18
67.36,58.83,31.02,58.38,71.73,40.93,54.12,69.26,,12.0,58.05,63.46,26.06,262,0,1.0,0,0.0,1.0,48.02
79.0,56.77,72.11,71.17,61.93,69.49,60.99,66.69,135.0,1.0,90.08,66.37,73.37,226,0,0.0,0,0.0,0.0,64.61
76.09,61.54,53.78,75.09,54.49,65.03,52.62,43.54,121.0,3.0,54.84,56.88,54.84,342,0,1.0,0,,0.0,60.82
83.58,24.01,51.57,66.26,78.72,55.96,100.0,72.2,156.0,1.0,92.14,87.26,83.7,153,0,1.0,0,0.0,1.0,67.76
54.46,32.26,58.6,61.46,50.13,41.83,61.96,71.97,142.0,12.0,50.0,78.18,56.71,133,0,0.0,0,0.0,0.0,38.85
56.19,56.58,17.01,70.42,38.41,36.41,60.41,56.44,132.0,12.0,20.3,44.98,47.21,247,1,0.0,1,0.0,0.0,34.19
43.22,29.85,44.08,66.24,23.21,31.52,69.58,62.39,158.0,3.0,47.32,39.92,50.18,80,0,0.0,0,0.0,0.0,24.09
73.81,30.64,55.5,83.47,75.48,57.59,56.97,57.98,178.0,13.0,53.73,44.31,38.27,144,0,1.0,0,1.0,1.0,52.6
94.98,29.79,99.49,97.36,81.4,61.49,65.25,65.99,123.0,6.0,77.39,84.47,76.36,215,1,0.0,0,1.0,1.0,72.71
60.14,67.48,72.26,51.25,58.69,62.32,52.13,20.35,148.0,17.0,41.82,47.25,40.16,198,0,0.0,0,0.0,0.0,35.55
74.42,77.84,50.5,79.98,61.36,64.78,32.14,40.44,137.0,12.0,53.04,42.84,43.04,163,1,0.0,1,1.0,0.0,57.19
77.12,58.45,70.93,73.94,84.41,,59.44,73.32,150.0,3.0,73.29,56.35,63.03,239,0,0.0,1,0.0,1.0,62.83
59.56,97.1,47.36,44.43,99.85,72.0,72.81,73.71,164.0,3.0,72.29,67.67,69.3,339,1,1.0,1,1.0,1.0,76.22
66.42,67.44,60.48,49.61,57.55,54.39,86.69,82.24,168.0,12.0,65.69,85.69,62.36,130,1,0.0,0,0.0,0.0,58.8
53.6,73.85,36.74,52.89,42.71,39.93,77.2,89.33,132.0,5.0,48.3,82.46,47.98,277,1,0.0,0,0.0,0.0,53.24
63.25,24.17,44.02,52.78,66.36,40.96,65.09,59.68,109.0,8.0,55.39,65.73,59.5,281,0,1.0,0,0.0,0.0,37.55
63.47,37.04,23.93,44.13,40.36,48.45,54.65,63.84,136.0,11.0,71.32,71.72,40.85,246,0,0.0,0,1.0,0.0,39.61
85.04,59.07,67.87,70.91,61.18,67.09,72.48,77.81,138.0,5.0,68.31,84.84,62.21,363,1,0.0,0,1.0,0.0,68.98
44.36,37.26,61.12,90.52,17.04,46.25,59.84,38.06,90.0,14.0,50.57,39.1,29.87,247,0,0.0,0,0.0,0.0,17.73
61.91,58.9,9.41,24.83,45.0,37.53,45.72,43.71,155.0,13.0,47.71,31.11,32.12,217,0,0.0,0,0.0,0.0,21.4
68.99,27.37,33.8,70.17,37.8,45.83,68.03,82.02,130.0,8.0,65.05,94.12,40.56,210,0,0.0,0,0.0,0.0,38.82
88.9,65.73,41.17,69.9,82.29,56.76,63.04,45.62,138.0,4.0,,57.72,64.22,348,1,1.0,0,1.0,1.0,79.51
77.65,69.83,64.32,69.09,58.92,70.38,68.5,42.65,129.0,6.0,56.83,80.2,65.9,262,1,0.0,0,1.0,0.0,61.41
75.59,54.55,61.14,51.3,77.02,54.47,60.34,65.77,135.0,5.0,84.13,73.82,52.75,327,1,1.0,0,0.0,1.0,67.61
80.44,53.18,60.16,95.52,75.47,53.58,63.98,58.23,162.0,5.0,57.88,70.56,24.42,289,0,0.0,0,0.0,0.0,57.59
59.34,55.15,70.52,47.91,64.13,,84.05,75.93,143.0,4.0,78.13,50.07,58.03,275,1,0.0,0,1.0,0.0,71.35
37.3,1.88,36.91,53.24,37.55,28.61,58.86,63.37,176.0,3.0,,58.9,36.56,171,0,0.0,0,0.0,0.0,19.66
49.93,41.16,23.42,67.56,44.65,40.74,58.41,65.47,149.0,3.0,64.19,72.04,47.4,141,0,0.0,0,0.0,0.0,35.57
90.51,54.11,60.32,55.14,64.9,52.16,61.54,70.46,151.0,8.0,61.2,47.47,63.33,273,0,0.0,0,1.0,0.0,58.15
42.31,18.76,52.83,65.62,32.83,40.31,54.98,63.42,134.0,13.0,42.67,62.23,31.06,286,0,,0,0.0,0.0,21.08
63.25,50.17,41.29,62.31,66.48,57.68,42.25,36.93,135.0,8.0,43.92,65.64,34.72,291,0,1.0,0,0.0,1.0,49.6
70.59,67.85,39.02,38.25,49.14,,50.9,64.12,156.0,,52.88,61.79,33.93,112,1,0.0,0,0.0,0.0,45.66
54.2,31.7,45.16,43.21,74.55,51.45,69.71,87.22,161.0,0.0,80.34,90.39,61.96,305,0,1.0,0,0.0,1.0,59.97
85.85,35.92,78.43,77.49,69.56,70.98,77.99,66.99,146.0,10.0,75.17,80.0,49.27,211,0,0.0,0,1.0,1.0,64.23
63.6,56.7,52.89,65.69,47.39,56.72,75.96,78.64,151.0,3.0,67.21,84.22,45.65,254,1,0.0,1,0.0,0.0,55.63
78.12,68.32,46.14,49.82,78.14,49.42,50.94,47.95,135.0,7.0,59.11,53.73,55.62,185,0,0.0,1,1.0,0.0,63.89
59.34,54.27,42.99,55.72,47.96,42.27,60.81,71.78,142.0,3.0,78.22,88.55,70.41,225,0,1.0,1,0.0,0.0,52.97
56.06,31.03,52.02,61.59,50.39,55.54,81.39,60.43,143.0,10.0,46.74,60.93,61.13,80,0,0.0,0,0.0,0.0,26.5
77.43,86.79,46.29,81.54,57.11,66.37,77.84,73.97,142.0,9.0,50.89,74.07,61.17,218,1,0.0,1,0.0,1.0,62.99
62.81,62.77,47.75,62.26,71.71,57.92,62.59,66.88,157.0,8.0,48.01,71.34,77.42,138,0,0.0,1,0.0,0.0,55.51
88.85,,97.84,83.15,63.51,62.62,95.09,72.26,142.0,3.0,84.38,73.54,69.88,109,0,0.0,0,0.0,0.0,57.6
66.74,37.17,69.32,78.15,59.21,52.04,82.15,86.26,130.0,5.0,54.94,75.04,55.87,346,1,0.0,0,0.0,0.0,47.45
76.64,68.86,78.59,88.65,89.55,80.75,75.88,54.48,136.0,2.0,65.82,53.6,66.77,243,1,0.0,1,1.0,1.0,86.24
60.05,7.28,39.22,69.95,43.87,46.81,53.45,62.39,132.0,9.0,49.92,60.87,63.88,355,0,1.0,0,0.0,0.0,24.76
43.71,11.86,29.17,45.24,35.11,34.07,57.51,80.02,220.0,13.0,65.28,55.37,53.79,182,0,0.0,0,0.0,0.0,21.31
67.52,49.3,17.2,54.75,35.94,46.27,38.22,45.32,125.0,10.0,51.05,50.56,49.31,233,0,0.0,0,0.0,0.0,35.65
39.01,29.13,53.89,54.89,51.42,44.29,77.5,38.46,161.0,12.0,49.52,54.86,58.8,212,0,0.0,0,0.0,0.0,43.04
100.0,100.0,76.92,79.93,86.43,85.19,63.55,43.1,,7.0,64.7,70.17,65.08,246,1,1.0,1,0.0,0.0,83.64
60.02,49.91,19.46,74.12,58.79,39.59,45.97,42.69,165.0,7.0,48.86,29.29,40.29,262,0,0.0,0,1.0,0.0,43.97
64.82,50.65,76.94,46.91,56.94,48.74,82.74,91.21,142.0,3.0,81.47,76.02,55.65,330,0,0.0,0,0.0,0.0,66.81
47.58,63.41,35.97,46.33,43.61,53.35,53.27,43.85,147.0,7.0,58.36,57.6,49.03,225,0,0.0,0,0.0,0.0,45.21
54.12,33.0,61.15,63.72,80.81,52.05,62.86,61.57,157.0,7.0,50.0,56.84,56.72,204,0,0.0,0,1.0,1.0,56.38
46.37,27.96,38.5,69.77,54.98,43.71,63.75,33.1,161.0,5.0,46.1,65.03,48.27,238,0,0.0,0,1.0,0.0,34.88
79.31,50.34,55.56,78.09,73.23,63.04,71.38,66.99,151.0,,65.97,66.03,72.09,297,0,1.0,1,0.0,1.0,75.24
99.54,86.95,57.17,95.19,64.21,77.64,52.41,46.2,184.0,0.0,83.17,29.97,69.53,232,1,0.0,1,0.0,0.0,62.02
49.13,81.42,42.64,63.94,74.91,60.01,59.5,57.24,138.0,11.0,55.47,51.67,58.84,263,1,1.0,0,1.0,1.0,61.38
61.81,56.74,52.42,58.78,62.1,59.0,44.32,62.53,109.0,5.0,66.61,85.47,45.25,208,0,0.0,0,1.0,0.0,59.97
67.01,60.22,77.32,56.82,60.79,57.0,41.79,38.63,135.0,4.0,63.64,64.59,39.5,255,1,0.0,0,0.0,1.0,58.48
47.32,69.15,21.4,44.66,57.28,53.01,41.56,87.49,150.0,11.0,55.68,46.94,37.32,311,0,1.0,0,0.0,0.0,44.56
75.03,88.05,26.51,70.27,69.49,58.26,82.95,69.04,150.0,1.0,84.65,79.29,80.49,245,1,0.0,0,0.0,0.0,75.36
66.75,35.62,62.41,50.9,53.04,52.38,41.71,43.19,117.0,10.0,28.77,45.8,25.74,245,0,0.0,0,0.0,0.0,31.64
91.0,78.61,59.91,86.76,59.31,63.84,76.22,76.29,135.0,11.0,56.0,77.15,65.75,308,1,1.0,1,0.0,0.0,68.32
76.2,,40.69,96.41,70.12,66.88,65.91,59.86,125.0,7.0,59.01,52.83,64.21,132,1,1.0,0,0.0,1.0,62.05
30.26,24.05,63.73,57.86,37.88,33.12,73.4,54.05,128.0,2.0,67.16,60.94,46.66,194,0,0.0,0,1.0,0.0,38.72
54.26,60.2,62.64,49.73,43.98,52.24,42.37,45.64,134.0,6.0,54.91,40.11,48.03,80,0,0.0,0,0.0,0.0,43.31
85.91,41.28,74.36,69.06,81.01,70.02,65.99,36.04,148.0,4.0,60.21,50.47,65.48,179,0,0.0,0,1.0,1.0,66.7
80.93,54.37,56.7,35.55,74.17,60.6,68.75,57.5,126.0,1.0,72.22,54.75,51.92,154,1,0.0,0,1.0,1.0,64.36
76.56,,38.06,60.3,36.95,61.16,98.95,94.01,132.0,9.0,69.65,77.18,64.94,229,1,0.0,0,0.0,0.0,55.87
96.23,79.91,62.94,100.0,86.36,83.38,70.15,50.96,153.0,2.0,63.65,61.86,69.52,230,1,0.0,1,1.0,1.0,78.65
41.83,38.91,56.27,47.09,45.16,41.09,62.49,38.78,123.0,9.0,31.52,48.07,44.88,228,1,0.0,1,0.0,0.0,29.13
78.64,35.39,81.68,60.07,77.06,61.89,64.84,76.79,123.0,4.0,57.76,77.49,45.6,255,0,0.0,1,0.0,0.0,59.08
86.63,54.84,59.16,60.84,58.59,64.03,69.75,71.38,179.0,7.0,70.98,62.43,64.88,241,1,0.0,0,1.0,1.0,64.7
70.55,36.66,24.73,66.85,48.24,49.38,58.62,37.8,129.0,11.0,59.24,52.26,53.78,167,0,0.0,0,0.0,0.0,35.71
67.2,48.14,43.48,77.06,66.4,47.11,80.52,65.71,108.0,7.0,65.24,49.19,69.87,243,0,1.0,0,0.0,0.0,56.25
75.13,27.27,52.87,81.36,72.15,58.53,74.21,57.13,118.0,4.0,63.23,72.69,61.58,241,0,0.0,0,0.0,1.0,47.34
73.07,65.12,70.1,63.56,90.8,61.01,60.92,27.78,103.0,4.0,59.16,70.4,53.64,184,0,1.0,0,0.0,1.0,68.6
68.44,70.94,35.66,65.82,62.58,60.47,92.37,72.03,173.0,4.0,76.65,76.46,78.7,201,1,0.0,0,1.0,0.0,66.88
65.59,62.8,36.44,88.39,44.95,60.28,63.8,79.95,138.0,12.0,40.57,50.12,65.74,267,0,0.0,0,0.0,0.0,40.01
100.0,44.27,93.68,77.14,86.23,77.13,98.13,71.54,125.0,6.0,62.48,75.2,62.52,301,0,0.0,0,1.0,1.0,80.22
67.51,70.14,19.73,64.12,78.73,,62.4,69.08,149.0,17.0,60.73,50.61,46.02,299,1,,1,0.0,1.0,63.52
64.39,48.47,30.29,65.08,72.26,40.5,60.27,57.57,169.0,8.0,64.07,84.36,29.49,304,1,1.0,0,0.0,0.0,55.52
75.24,50.71,66.12,49.82,57.21,61.47,90.76,72.51,140.0,5.0,59.41,59.57,57.8,187,0,0.0,0,0.0,1.0,66.32
59.06,42.8,40.94,69.64,36.55,30.51,66.84,53.31,169.0,4.0,65.63,67.57,64.08,104,1,0.0,0,0.0,0.0,39.45
69.35,54.96,53.48,74.08,63.02,61.59,75.39,55.71,134.0,3.0,76.2,86.57,55.14,237,1,0.0,0,0.0,0.0,50.55
56.77,54.07,66.72,34.68,48.32,57.5,60.92,53.7,117.0,2.0,60.67,56.44,61.24,334,1,0.0,1,0.0,0.0,54.81
61.95,70.12,63.9,50.94,62.24,66.56,65.4,36.06,172.0,6.0,52.5,42.2,63.92,220,0,0.0,1,0.0,1.0,57.48
92.51,47.88,64.24,62.13,100.0,67.91,86.55,88.46,129.0,7.0,79.53,66.18,66.66,250,0,1.0,0,1.0,1.0,75.38
45.38,35.54,51.25,71.79,79.79,51.72,58.39,60.73,128.0,9.0,50.15,54.34,46.92,143,0,1.0,0,1.0,0.0,44.29
82.28,45.28,66.37,54.61,64.77,61.52,43.89,30.8,155.0,11.0,42.85,41.8,63.0,112,0,0.0,0,0.0,0.0,45.19
,39.18,32.81,43.68,27.74,19.02,78.27,85.58,142.0,,71.06,66.83,59.01,156,0,0.0,0,0.0,0.0,25.64
59.27,41.89,51.3,61.02,50.82,53.21,61.24,49.21,137.0,3.0,57.69,49.81,76.82,228,0,1.0,0,0.0,0.0,48.07
58.02,35.39,45.11,51.05,52.82,53.48,62.19,40.41,134.0,6.0,60.45,61.17,29.85,159,0,0.0,0,0.0,0.0,37.83
47.55,33.9,40.27,55.91,64.07,47.42,77.49,71.69,129.0,12.0,42.47,98.89,59.74,240,0,0.0,0,0.0,0.0,36.97
42.13,21.85,39.23,58.97,47.18,33.29,60.61,58.68,142.0,5.0,63.91,81.42,24.07,156,0,0.0,0,0.0,0.0,25.63
58.84,38.0,40.1,55.13,42.84,48.15,63.82,56.51,148.0,9.0,59.15,59.24,53.22,129,0,0.0,0,0.0,0.0,43.71
80.16,41.28,72.42,80.1,71.43,,38.37,54.42,131.0,15.0,40.03,36.04,48.04,281,0,0.0,0,0.0,0.0,47.34
56.16,65.81,38.04,59.79,43.86,56.8,55.17,48.46,148.0,5.0,44.37,45.01,39.69,234,1,0.0,0,0.0,0.0,50.49
57.57,25.34,27.1,59.78,40.93,,68.42,54.2,147.0,5.0,59.74,62.59,47.53,190,0,0.0,0,0.0,0.0,39.41
58.8,36.71,35.51,52.52,41.11,32.43,62.96,56.34,146.0,7.0,48.26,79.89,42.16,148,0,0.0,0,0.0,0.0,32.77
61.64,53.82,41.68,91.23,71.1,58.34,74.85,74.46,135.0,12.0,56.74,61.29,64.87,190,0,1.0,0,1.0,0.0,67.0
97.27,55.88,62.22,64.61,64.69,70.54,59.43,58.56,132.0,9.0,53.57,46.09,,142,0,0.0,0,0.0,1.0,62.59
65.16,34.09,73.08,85.33,71.79,64.28,63.42,55.81,145.0,5.0,51.87,62.71,50.74,247,0,1.0,0,0.0,0.0,56.05
85.78,55.38,100.0,73.92,59.02,,54.64,27.24,116.0,6.0,52.88,37.36,64.41,265,0,0.0,0,1.0,0.0,57.0
66.24,68.27,20.18,79.58,50.34,61.38,,60.63,190.0,9.0,59.52,63.95,72.78,170,1,0.0,1,0.0,0.0,44.4
81.79,57.32,46.34,86.82,68.44,51.22,69.05,68.7,94.0,,66.82,54.94,84.24,238,1,1.0,0,0.0,0.0,62.66
54.82,73.96,49.62,63.09,58.04,59.61,79.51,100.0,131.0,0.0,83.54,71.88,69.5,224,1,0.0,0,1.0,0.0,61.87
59.87,11.58,52.65,48.12,36.52,41.44,63.94,60.16,148.0,5.0,55.33,69.4,56.62,165,0,0.0,0,0.0,0.0,30.62
75.97,73.02,60.48,67.64,86.67,74.07,65.49,41.64,152.0,3.0,60.98,54.47,62.06,219,1,1.0,0,0.0,1.0,74.51
44.26,86.62,39.47,56.95,52.28,62.36,66.82,85.51,124.0,8.0,67.13,53.17,75.54,241,1,0.0,1,0.0,0.0,54.03
66.92,62.8,48.51,75.63,65.83,53.43,72.97,54.28,128.0,9.0,65.33,67.78,50.4,202,0,1.0,0,0.0,0.0,59.71
75.46,59.16,54.98,68.69,63.46,69.51,75.97,59.01,141.0,4.0,72.48,47.42,67.56,249,0,0.0,1,1.0,0.0,68.83
78.77,32.23,82.68,76.85,70.83,67.12,80.4,58.25,117.0,3.0,71.65,58.43,71.08,199,0,0.0,0,0.0,0.0,52.03
87.73,,81.47,100.0,78.49,67.51,78.91,41.87,119.0,9.0,57.32,50.23,70.26,234,0,0.0,0,1.0,1.0,62.16
78.05,62.15,42.92,56.41,45.52,50.14,32.84,56.26,150.0,14.0,55.47,55.65,53.02,173,0,0.0,1,0.0,0.0,42.94
63.78,43.14,40.97,52.31,55.19,49.32,92.67,47.22,158.0,8.0,52.07,59.57,59.78,122,0,0.0,0,1.0,0.0,45.31
43.22,71.04,66.6,67.77,74.79,60.71,86.46,85.95,142.0,9.0,67.78,91.15,76.22,205,1,0.0,1,1.0,0.0,65.7
41.69,34.31,48.36,63.63,70.27,47.13,91.94,63.26,157.0,11.0,59.1,56.36,48.01,210,0,1.0,0,0.0,1.0,35.08
64.01,28.06,64.91,85.14,42.67,46.23,66.56,66.28,141.0,7.0,67.3,81.15,57.85,189,0,0.0,0,0.0,0.0,42.59
89.35,90.18,61.17,100.0,89.06,83.01,85.09,71.16,128.0,2.0,98.49,92.95,62.6,217,1,1.0,0,0.0,1.0,74.93
56.79,27.78,44.54,60.2,49.9,40.71,68.88,62.92,119.0,8.0,59.27,54.72,50.11,204,0,1.0,0,1.0,0.0,47.18
61.84,38.95,45.41,53.96,54.77,54.89,64.68,53.35,150.0,13.0,35.78,54.74,76.72,250,0,0.0,0,0.0,0.0,38.44
55.88,41.84,0.99,14.41,32.29,41.35,66.88,59.84,127.0,9.0,60.58,70.83,54.89,110,0,0.0,0,0.0,0.0,31.05
67.79,75.0,40.98,52.27,72.83,54.78,82.76,76.53,156.0,9.0,80.11,63.04,61.55,286,0,0.0,0,1.0,1.0,62.93
39.48,29.1,29.13,54.66,57.75,37.05,76.9,60.37,135.0,10.0,51.51,73.56,57.14,117,0,0.0,0,0.0,0.0,32.89
71.93,50.65,37.63,42.87,87.41,61.63,72.03,95.6,163.0,3.0,68.92,65.12,62.78,300,0,1.0,0,1.0,1.0,65.67
76.43,65.27,27.51,39.24,48.21,53.55,53.8,67.81,,10.0,58.04,47.92,40.93,254,0,1.0,0,0.0,0.0,47.68
63.79,49.56,50.99,61.73,34.24,,68.7,65.29,119.0,9.0,57.63,55.58,33.64,80,0,0.0,0,0.0,0.0,38.2
51.64,76.76,45.74,63.91,83.11,64.6,54.8,56.06,141.0,5.0,50.67,55.75,55.09,411,1,1.0,1,1.0,1.0,79.56
63.63,58.18,34.29,52.43,59.8,47.49,60.34,70.8,132.0,8.0,69.45,70.81,52.3,344,0,1.0,0,0.0,0.0,48.46
92.19,78.43,61.82,100.0,76.31,76.57,70.6,80.06,142.0,0.0,97.64,76.26,71.68,173,1,0.0,1,1.0,0.0,85.4
34.07,69.42,22.68,62.72,57.83,38.36,37.91,34.84,134.0,9.0,22.89,60.56,42.73,229,0,0.0,1,0.0,1.0,31.54
74.23,99.41,32.98,80.74,55.04,69.79,54.33,56.91,128.0,11.0,51.15,57.06,71.06,221,1,0.0,1,1.0,0.0,58.78
100.0,72.31,58.43,100.0,86.04,74.28,71.07,64.44,135.0,7.0,64.1,66.88,74.24,169,0,1.0,1,0.0,1.0,84.98
100.0,57.93,79.65,100.0,74.52,81.16,46.73,64.05,97.0,8.0,68.3,44.9,59.3,181,0,0.0,1,1.0,1.0,68.2
41.59,33.49,52.78,60.27,60.35,42.6,70.12,71.55,167.0,6.0,58.91,56.42,54.95,228,0,1.0,0,0.0,0.0,42.34
64.96,32.61,40.01,54.89,69.12,45.28,66.69,50.59,128.0,2.0,56.73,71.62,64.22,194,0,0.0,1,0.0,1.0,49.01
83.07,68.17,57.01,76.39,87.38,71.93,57.87,59.1,146.0,7.0,53.1,59.74,68.59,315,0,1.0,0,1.0,1.0,70.09
98.01,76.83,68.87,100.0,88.85,73.46,82.56,85.62,104.0,5.0,100.0,75.64,83.43,305,1,0.0,0,1.0,1.0,79.71
68.1,70.92,31.37,51.09,88.12,69.98,82.34,68.8,125.0,3.0,68.18,78.82,65.07,324,1,1.0,0,1.0,1.0,81.43
70.4,69.68,50.79,87.17,74.08,65.12,81.23,61.31,146.0,8.0,,80.69,79.0,310,1,0.0,0,0.0,1.0,62.79
68.96,16.4,53.76,63.63,49.05,42.16,77.37,75.81,173.0,2.0,57.84,57.72,69.8,216,0,0.0,0,0.0,0.0,33.88
82.56,56.14,47.6,74.83,58.81,57.46,61.54,73.63,146.0,2.0,55.0,61.23,64.73,192,0,0.0,0,0.0,0.0,51.67
66.99,57.99,27.39,44.18,40.54,46.94,80.79,100.0,151.0,2.0,80.04,97.44,93.13,216,0,0.0,0,0.0,0.0,54.18
48.09,42.54,50.73,37.94,55.24,50.71,71.58,77.31,131.0,11.0,64.98,73.8,66.66,341,1,0.0,0,0.0,0.0,35.41
52.66,62.23,46.72,49.88,39.94,42.99,53.75,54.46,137.0,7.0,58.01,59.93,60.61,229,0,0.0,0,1.0,0.0,42.45
64.08,63.51,57.09,83.89,66.81,58.51,33.54,55.1,131.0,13.0,31.55,43.31,49.68,199,0,1.0,0,1.0,0.0,54.36
64.95,59.78,66.14,57.48,58.07,58.06,62.12,59.38,144.0,4.0,57.27,51.93,56.1,180,0,0.0,0,0.0,1.0,59.5
56.93,37.41,46.59,92.41,52.4,58.13,79.26,68.78,163.0,11.0,51.74,59.18,50.04,167,0,0.0,0,0.0,0.0,48.56
65.27,64.43,54.71,54.76,50.08,61.76,51.58,56.25,131.0,6.0,47.83,39.71,45.85,287,1,0.0,1,0.0,0.0,53.68
70.27,8.27,44.54,49.61,55.73,51.59,84.98,78.94,142.0,2.0,55.61,66.42,54.33,215,0,1.0,0,1.0,0.0,50.17
75.64,46.1,73.28,77.52,75.91,63.92,76.99,77.43,133.0,8.0,59.51,53.41,52.74,281,0,1.0,0,1.0,1.0,73.46
58.48,30.28,73.42,68.54,41.57,57.88,69.72,62.34,135.0,3.0,58.14,70.68,57.07,273,0,1.0,0,0.0,0.0,48.31
61.43,17.99,62.21,60.97,21.61,48.67,69.51,62.42,160.0,13.0,62.56,63.95,57.28,287,0,0.0,0,0.0,0.0,38.09
86.98,87.94,72.31,71.53,100.0,84.08,69.9,52.55,148.0,5.0,52.86,64.38,80.81,285,1,1.0,1,1.0,1.0,89.6
57.89,62.8,44.5,83.85,68.71,61.39,81.06,57.91,147.0,5.0,55.67,76.78,52.35,316,1,1.0,1,0.0,0.0,61.51
53.89,76.12,40.75,64.3,76.36,54.22,68.93,62.2,137.0,8.0,55.52,46.61,66.68,283,0,1.0,1,0.0,0.0,62.11
77.25,55.94,44.78,67.11,92.74,73.64,62.8,64.5,123.0,7.0,69.2,71.36,68.6,193,0,1.0,0,1.0,1.0,65.06
80.81,65.84,50.84,45.32,57.0,58.26,62.02,62.03,151.0,17.0,,48.42,63.03,264,1,0.0,1,1.0,0.0,56.19
79.51,67.2,79.24,100.0,76.16,76.19,82.06,77.95,156.0,3.0,84.75,63.46,75.2,266,1,0.0,1,1.0,1.0,81.27
85.8,30.89,72.32,70.35,81.45,66.91,67.89,70.01,155.0,4.0,73.77,70.93,86.82,387,0,0.0,0,0.0,0.0,62.63
70.26,25.96,50.98,54.85,64.27,41.14,75.79,85.61,140.0,6.0,73.39,72.14,50.7,268,0,0.0,0,0.0,0.0,43.63
36.39,64.71,35.93,73.54,65.84,48.29,82.82,77.71,127.0,5.0,87.49,84.54,60.77,282,1,0.0,0,1.0,1.0,62.16
56.4,37.68,41.45,81.37,61.89,49.63,53.66,20.86,149.0,11.0,58.05,39.79,52.82,108,0,0.0,0,0.0,1.0,43.86
82.82,46.99,65.16,77.44,50.02,59.36,34.15,22.83,154.0,15.0,28.09,24.4,47.06,216,1,0.0,0,0.0,1.0,46.77
80.26,81.8,41.25,75.21,76.55,66.78,86.64,75.68,157.0,6.0,68.07,73.55,72.96,147,1,1.0,0,0.0,1.0,66.43
55.4,16.85,35.12,61.84,71.84,50.87,50.31,58.71,123.0,13.0,56.17,54.28,50.16,80,0,0.0,0,0.0,0.0,26.49
45.56,53.61,21.99,44.74,64.68,38.08,55.32,49.77,144.0,1.0,55.34,46.81,52.51,191,0,0.0,0,0.0,,36.22
66.93,25.21,47.08,63.72,41.02,36.91,53.9,49.25,102.0,13.0,53.15,56.16,51.92,147,0,0.0,0,0.0,0.0,28.47
75.22,74.66,47.52,69.04,65.9,59.53,55.07,47.98,162.0,23.0,50.13,68.64,53.88,255,1,1.0,0,0.0,1.0,57.65
52.67,44.77,32.25,69.26,76.45,53.13,69.63,66.99,143.0,0.0,77.01,67.42,80.24,242,0,0.0,1,0.0,0.0,60.69
61.42,60.31,43.83,61.55,67.81,60.03,71.63,69.15,143.0,10.0,51.02,36.67,64.36,134,0,0.0,0,0.0,0.0,49.14
75.46,21.53,47.1,81.89,57.34,53.57,58.73,90.16,166.0,4.0,77.97,91.25,55.99,259,0,0.0,0,1.0,1.0,51.89
50.41,27.13,78.65,60.2,58.03,54.92,73.83,54.72,130.0,5.0,62.03,61.14,73.33,228,0,0.0,0,0.0,0.0,42.45
53.01,50.32,32.77,62.05,67.12,49.65,62.86,57.92,141.0,13.0,42.47,52.68,31.19,263,0,1.0,0,0.0,1.0,48.07
90.33,72.87,64.85,91.07,70.21,69.36,52.41,66.27,122.0,10.0,78.73,52.03,51.62,292,0,0.0,1,1.0,1.0,74.37
65.95,60.39,46.47,65.61,54.49,49.23,73.76,67.23,113.0,12.0,66.17,54.56,57.5,236,0,0.0,0,0.0,0.0,42.54
58.83,43.26,45.76,60.31,67.05,42.81,63.83,80.37,144.0,16.0,56.12,67.86,40.14,247,0,1.0,0,0.0,1.0,50.52
83.96,34.97,77.74,80.89,76.08,63.05,81.47,86.52,146.0,3.0,74.96,71.18,77.05,169,0,0.0,0,0.0,0.0,58.08
55.2,75.98,13.08,71.69,71.77,57.15,43.45,63.52,98.0,13.0,39.97,64.33,55.31,206,1,0.0,1,1.0,1.0,49.75
60.2,43.91,38.94,67.83,67.88,51.69,88.31,59.1,155.0,6.0,64.18,58.63,81.05,80,0,0.0,0,0.0,0.0,41.46
84.16,78.41,75.44,91.68,92.36,78.04,82.1,84.05,141.0,2.0,78.35,42.58,69.82,375,1,1.0,1,0.0,0.0,75.75
55.67,37.87,29.17,60.9,62.57,37.95,65.86,54.74,153.0,6.0,78.79,43.4,60.93,387,0,1.0,0,0.0,0.0,47.23
60.01,49.92,43.94,76.83,69.17,69.06,43.69,45.5,140.0,10.0,49.19,61.59,66.86,203,0,0.0,0,1.0,0.0,51.66
30.82,51.24,31.26,55.52,59.01,35.49,49.8,58.15,156.0,5.0,38.53,43.92,42.75,222,0,1.0,0,0.0,0.0,36.26
85.14,77.75,72.81,82.57,55.76,71.61,62.7,56.12,160.0,10.0,64.78,65.78,74.09,274,0,0.0,1,0.0,0.0,64.17
78.44,25.32,69.22,90.73,62.46,63.58,81.5,68.08,145.0,3.0,82.95,62.5,69.83,265,0,1.0,0,0.0,0.0,52.04
52.24,35.32,63.79,33.86,53.02,46.26,79.53,73.77,158.0,5.0,73.93,86.27,74.96,217,1,0.0,0,0.0,0.0,50.61
87.87,66.65,71.95,79.12,83.46,68.07,56.89,43.73,154.0,4.0,60.36,47.82,52.53,244,0,0.0,0,0.0,0.0,63.57
77.43,65.19,19.03,81.59,87.61,64.98,62.61,57.22,117.0,5.0,64.49,39.65,46.11,397,1,1.0,0,0.0,1.0,62.24
76.86,,33.44,87.89,68.99,51.95,60.89,36.3,123.0,5.0,64.37,45.53,52.31,210,0,0.0,1,0.0,0.0,54.02
72.36,55.07,40.92,82.17,74.01,69.08,75.43,71.1,122.0,6.0,57.18,55.51,64.95,260,0,0.0,0,1.0,1.0,68.3
55.02,45.07,33.63,64.27,59.48,48.2,53.53,36.49,149.0,8.0,39.83,66.46,51.79,172,0,0.0,0,0.0,0.0,35.59
67.1,35.6,75.05,97.13,86.12,61.03,55.34,52.64,125.0,17.0,42.57,43.73,57.92,294,1,1.0,0,1.0,0.0,57.68
81.61,90.6,53.76,68.16,81.36,63.69,71.65,48.75,103.0,16.0,40.05,42.02,52.05,326,1,0.0,1,1.0,1.0,61.94
83.58,88.67,59.71,63.77,82.72,66.38,81.32,64.74,123.0,3.0,59.76,67.37,57.21,275,1,1.0,0,0.0,1.0,79.0
87.18,37.08,55.32,67.17,59.69,57.24,86.56,68.15,135.0,9.0,80.91,63.15,85.9,165,0,0.0,0,0.0,1.0,58.74
68.55,20.11,67.58,80.76,52.71,62.42,58.17,58.18,146.0,9.0,48.61,49.88,54.68,128,0,0.0,0,1.0,0.0,36.12
81.82,67.24,49.94,68.48,58.75,63.67,93.28,35.49,166.0,3.0,62.84,42.23,65.86,194,0,1.0,1,0.0,1.0,67.58
67.94,37.22,69.9,47.76,47.67,54.11,80.95,89.44,158.0,3.0,69.73,62.51,,329,0,0.0,0,1.0,1.0,59.19
77.12,44.52,75.27,48.58,68.5,62.95,69.78,52.79,,10.0,55.4,39.27,51.63,237,0,1.0,0,0.0,0.0,47.25
70.77,58.99,43.87,78.19,70.0,72.97,56.97,45.79,123.0,7.0,54.34,23.62,53.68,157,0,1.0,1,1.0,0.0,72.37
75.85,56.13,35.69,49.37,70.96,52.98,82.02,72.63,105.0,5.0,63.72,82.0,71.04,132,0,1.0,1,0.0,0.0,55.95
69.67,65.89,49.34,73.19,80.56,71.93,64.17,40.4,130.0,9.0,67.63,69.05,55.25,299,0,1.0,0,1.0,1.0,68.48
50.55,8.6,58.63,59.96,51.95,37.65,71.97,73.03,135.0,3.0,57.24,58.65,39.49,85,0,0.0,0,0.0,0.0,25.69
35.04,46.61,18.27,44.87,53.0,31.8,77.18,74.5,143.0,11.0,50.65,81.65,47.35,124,1,0.0,0,0.0,1.0,32.2
76.5,73.47,84.7,61.9,69.8,70.11,68.56,54.49,156.0,5.0,60.06,61.02,67.18,322,1,1.0,0,1.0,0.0,74.3
60.39,29.64,38.6,58.64,50.44,42.79,70.6,48.16,152.0,3.0,63.23,67.85,69.25,318,0,0.0,0,1.0,0.0,46.06
71.48,43.79,49.15,62.09,58.35,56.6,88.24,74.17,144.0,5.0,64.32,80.86,70.01,259,0,0.0,1,0.0,0.0,43.35
81.77,12.89,64.8,67.79,71.65,40.26,95.63,89.84,136.0,0.0,76.41,74.72,70.34,128,0,0.0,0,0.0,1.0,51.6
86.11,63.16,74.39,87.64,72.38,71.9,88.13,87.73,115.0,8.0,79.5,52.96,65.2,311,1,0.0,1,1.0,1.0,78.08
99.65,66.11,78.96,88.69,83.11,,40.96,56.94,121.0,5.0,59.65,50.92,59.16,393,1,1.0,1,1.0,1.0,75.88
75.11,91.49,26.8,73.37,59.23,57.85,72.72,100.0,123.0,6.0,77.17,83.66,53.5,174,1,0.0,1,0.0,0.0,54.85
71.48,41.9,46.38,62.79,67.16,45.91,62.32,68.17,185.0,10.0,45.89,51.23,59.72,236,0,0.0,0,0.0,1.0,47.6
46.45,52.13,40.56,42.39,76.84,46.2,55.02,65.84,174.0,15.0,49.84,55.54,50.27,294,0,0.0,0,1.0,1.0,43.38
65.77,39.19,47.38,69.78,47.27,46.03,76.41,61.28,118.0,8.0,50.73,60.3,55.57,283,1,0.0,0,0.0,0.0,36.56
98.05,83.02,73.97,90.21,78.69,77.46,91.6,68.81,150.0,2.0,60.47,61.84,79.9,107,0,0.0,1,0.0,0.0,73.09
79.41,66.72,63.18,70.52,67.64,55.93,72.98,81.53,116.0,6.0,64.88,67.82,56.68,167,0,0.0,0,0.0,0.0,52.67
67.49,66.1,44.63,56.28,63.79,57.64,,48.47,146.0,15.0,53.88,54.01,59.36,214,0,0.0,0,1.0,1.0,64.61
54.22,97.0,33.58,99.05,75.95,,69.1,77.36,131.0,4.0,92.5,76.53,57.68,239,1,0.0,1,1.0,0.0,65.98
94.31,69.65,62.1,52.95,44.7,55.23,65.57,57.43,137.0,8.0,77.56,57.75,79.3,231,1,0.0,0,0.0,0.0,51.01
39.25,52.82,31.64,55.6,54.72,39.13,45.81,59.08,155.0,7.0,55.78,48.07,42.4,104,0,0.0,0,0.0,0.0,37.98
45.66,56.91,52.66,77.69,78.14,50.14,41.35,56.64,142.0,6.0,45.29,36.3,42.18,183,0,1.0,1,0.0,0.0,49.84
73.12,72.86,72.36,67.78,86.01,70.4,60.22,69.24,154.0,1.0,64.62,91.67,69.89,216,1,0.0,0,1.0,1.0,73.04
57.1,48.34,58.48,75.03,59.86,50.35,79.42,61.19,150.0,2.0,80.86,56.66,64.84,213,0,0.0,0,0.0,0.0,54.56
70.54,61.32,88.4,70.87,74.72,59.67,61.06,51.34,125.0,8.0,42.8,34.07,31.56,237,0,1.0,0,,0.0,62.85
69.96,55.28,13.53,45.12,43.71,39.44,59.94,80.44,115.0,9.0,72.02,79.15,72.8,197,0,0.0,0,0.0,0.0,54.26
68.02,39.09,47.15,81.6,42.31,39.43,63.38,41.1,133.0,11.0,73.09,59.04,49.09,138,0,1.0,0,1.0,0.0,44.0
54.55,57.14,59.09,63.7,55.82,60.56,92.12,81.48,137.0,10.0,66.66,87.26,61.43,244,0,0.0,1,0.0,0.0,50.66
58.05,19.4,62.33,100.0,33.75,53.4,32.42,40.54,125.0,21.0,46.61,53.38,42.36,202,0,0.0,0,0.0,0.0,39.17
74.75,26.5,73.42,73.29,74.46,66.77,87.36,62.31,129.0,1.0,60.84,72.55,64.33,268,0,0.0,0,1.0,1.0,56.56
49.57,36.61,34.84,62.18,24.52,34.0,63.29,49.21,140.0,10.0,41.98,42.7,40.6,147,0,0.0,0,0.0,0.0,27.72
44.0,30.68,47.07,61.41,36.38,46.73,62.4,64.43,162.0,7.0,52.97,52.8,53.48,189,0,0.0,0,0.0,0.0,30.75
85.98,81.85,84.1,79.37,71.37,79.03,75.21,55.66,103.0,5.0,50.73,39.54,49.64,287,1,1.0,0,0.0,0.0,63.47
42.55,61.98,30.61,73.81,66.26,43.63,60.51,95.03,116.0,8.0,78.99,79.94,63.09,171,0,0.0,0,0.0,0.0,44.49
100.0,68.43,60.5,56.2,100.0,71.25,70.52,53.69,144.0,5.0,74.04,71.65,77.99,311,1,1.0,0,1.0,1.0,78.7
72.3,49.79,49.82,71.69,62.69,55.44,71.8,49.57,107.0,5.0,62.63,43.49,43.68,263,0,0.0,1,0.0,0.0,51.02
76.73,48.99,68.27,64.44,56.87,60.23,49.41,33.15,111.0,13.0,43.91,65.74,56.04,234,0,0.0,0,1.0,0.0,48.27
65.07,64.7,50.13,58.85,58.92,58.79,53.73,45.56,176.0,10.0,47.4,42.66,44.45,318,1,1.0,1,0.0,0.0,50.2
64.62,35.69,64.67,61.74,67.26,53.99,77.82,42.77,151.0,11.0,64.4,36.41,57.92,310,0,1.0,0,1.0,,59.56
70.86,57.27,55.29,61.49,51.78,54.34,70.1,35.81,188.0,11.0,43.04,62.94,59.21,108,0,0.0,0,0.0,0.0,28.66
67.75,64.39,67.99,48.58,83.81,72.07,62.36,52.76,108.0,8.0,48.03,84.4,69.61,336,0,1.0,0,1.0,1.0,68.25
73.25,16.76,77.95,63.04,49.71,50.97,,40.62,174.0,7.0,45.8,11.41,51.38,197,0,0.0,0,0.0,0.0,32.2
64.17,50.77,55.52,66.47,61.36,54.08,49.77,52.37,113.0,9.0,66.73,69.39,39.93,286,0,1.0,0,0.0,0.0,49.69
33.91,50.99,62.25,50.9,32.88,41.53,80.0,77.96,157.0,13.0,64.02,63.74,58.83,199,0,0.0,0,0.0,0.0,39.95
53.11,37.52,60.17,73.8,70.84,51.41,91.21,75.24,104.0,3.0,81.41,80.99,73.9,172,0,0.0,0,1.0,0.0,55.06
71.48,48.24,76.33,67.6,47.44,50.25,47.22,19.82,142.0,20.0,40.51,26.03,38.58,80,0,0.0,0,0.0,0.0,36.73
69.7,34.47,62.31,65.68,67.05,48.82,70.77,61.91,,14.0,65.24,62.61,49.79,400,0,0.0,0,1.0,0.0,44.96
89.36,91.27,66.24,100.0,82.01,94.18,63.26,59.04,131.0,13.0,57.39,49.1,70.8,195,1,0.0,1,0.0,1.0,74.06
65.57,53.26,48.11,68.1,33.88,40.42,66.44,63.75,114.0,10.0,54.93,77.07,57.34,183,0,0.0,0,0.0,0.0,45.16
60.15,75.13,44.86,99.75,60.83,61.98,71.41,47.87,135.0,7.0,60.35,37.0,56.81,154,0,1.0,0,0.0,0.0,50.21
100.0,64.6,75.71,82.51,72.16,76.85,79.76,80.81,145.0,2.0,92.39,80.01,79.61,158,0,0.0,0,0.0,0.0,79.02
48.96,57.36,58.04,59.1,44.93,56.1,78.76,51.58,120.0,6.0,52.92,37.66,48.5,182,0,0.0,0,0.0,1.0,53.54
76.74,88.19,50.89,49.46,77.92,69.92,75.92,75.25,137.0,9.0,58.16,89.73,69.2,238,1,1.0,1,1.0,1.0,75.26
65.5,49.37,53.92,62.46,71.44,67.44,92.91,80.88,142.0,7.0,81.22,100.0,57.39,228,1,1.0,1,,1.0,68.91
85.91,71.98,64.99,73.76,81.86,73.05,65.01,66.18,147.0,9.0,56.26,86.38,66.91,229,1,0.0,0,0.0,1.0,73.29
80.69,48.99,60.92,100.0,57.74,70.25,74.43,61.84,112.0,4.0,70.89,84.15,77.5,269,0,0.0,0,0.0,0.0,56.18
90.83,39.64,77.54,69.25,64.37,70.72,54.56,58.04,127.0,8.0,57.87,47.32,58.24,241,0,0.0,0,0.0,0.0,57.35
74.17,41.54,71.75,69.46,58.21,67.73,48.84,58.14,140.0,16.0,51.38,46.08,61.21,158,0,1.0,0,0.0,0.0,54.96
67.13,27.65,66.63,49.43,35.63,47.22,63.94,56.73,132.0,7.0,36.86,58.66,52.23,279,0,0.0,0,0.0,0.0,35.07
89.59,71.69,48.94,78.14,66.54,69.57,81.1,90.97,122.0,1.0,77.34,90.12,58.09,196,1,0.0,1,0.0,1.0,69.66
99.11,46.05,68.02,74.4,60.44,63.83,76.9,79.84,158.0,3.0,76.95,57.96,56.44,116,0,0.0,0,0.0,0.0,62.27
61.08,53.08,54.56,76.11,61.42,56.41,57.96,73.56,155.0,6.0,71.57,53.21,54.67,212,0,0.0,0,0.0,0.0,54.51
37.43,52.26,35.77,20.18,29.97,37.13,56.49,61.88,151.0,8.0,43.23,36.47,43.35,178,1,0.0,0,0.0,0.0,33.64
92.68,52.25,80.83,76.96,54.43,55.2,97.74,77.14,137.0,0.0,82.29,68.57,64.89,80,0,0.0,0,0.0,1.0,64.93
70.36,70.76,37.66,40.16,75.75,,72.55,49.22,136.0,3.0,35.32,43.2,43.84,238,0,1.0,0,1.0,0.0,57.91
75.12,80.04,51.26,65.5,73.3,71.3,39.71,45.76,158.0,10.0,43.75,39.29,23.99,359,1,1.0,0,1.0,1.0,65.09
77.63,36.76,54.51,69.84,40.99,43.95,56.03,65.04,152.0,6.0,60.58,58.82,67.48,217,0,0.0,0,0.0,0.0,49.09
49.16,43.14,14.28,38.74,40.06,29.58,82.35,81.69,164.0,3.0,74.8,70.26,73.6,109,0,0.0,0,0.0,0.0,42.78
56.08,53.28,36.49,48.62,60.99,55.25,91.53,91.58,144.0,2.0,83.34,75.41,62.5,256,0,0.0,1,1.0,0.0,64.74
72.85,88.56,47.29,71.8,58.31,72.78,55.95,82.12,149.0,6.0,55.64,48.96,46.28,272,1,0.0,1,0.0,1.0,64.07
79.3,92.77,42.62,94.13,62.99,65.29,67.7,58.06,151.0,16.0,55.14,63.72,76.05,249,1,0.0,1,0.0,0.0,54.38
68.63,19.58,80.26,67.68,56.45,54.08,56.73,29.05,164.0,16.0,51.41,45.58,31.79,312,0,0.0,0,0.0,0.0,44.22
84.71,23.4,56.48,56.64,63.08,53.09,52.55,60.17,96.0,5.0,61.04,67.23,63.48,301,0,0.0,0,0.0,1.0,38.21
63.87,45.24,55.62,63.94,43.45,57.72,70.93,71.22,142.0,13.0,53.52,54.22,65.7,251,0,0.0,0,0.0,0.0,45.93
57.42,60.57,21.53,45.92,51.59,42.5,59.59,64.74,155.0,5.0,70.34,72.28,49.79,128,0,0.0,0,0.0,0.0,43.51
63.91,97.49,17.67,64.53,58.86,55.86,64.89,62.84,160.0,8.0,60.21,64.74,71.96,257,1,0.0,1,0.0,0.0,66.14
68.27,40.36,38.1,62.56,70.51,59.39,61.69,44.8,130.0,2.0,72.06,52.15,54.12,233,0,0.0,0,1.0,0.0,59.15
60.35,45.5,27.04,30.62,43.85,35.47,79.75,66.95,148.0,19.0,48.04,73.17,61.01,202,1,0.0,0,0.0,1.0,31.02
72.73,59.77,43.54,80.61,58.92,54.85,61.32,71.51,152.0,11.0,52.84,47.29,52.54,242,1,0.0,0,1.0,1.0,50.64
,73.09,61.77,86.63,71.46,74.06,71.06,63.16,162.0,2.0,87.68,67.72,60.25,80,0,0.0,1,0.0,1.0,74.61
67.55,70.77,44.63,90.53,64.09,70.11,83.67,65.8,148.0,8.0,73.92,53.7,92.63,269,1,0.0,0,1.0,0.0,71.02
76.69,42.24,55.5,67.15,61.33,49.2,66.12,64.98,144.0,6.0,,55.06,50.13,235,0,1.0,0,0.0,0.0,49.37
75.55,67.89,59.56,77.44,78.8,62.39,75.43,62.8,136.0,1.0,76.5,60.68,62.85,150,1,0.0,1,1.0,0.0,72.07
57.09,30.33,39.94,44.59,55.25,46.07,76.8,68.93,161.0,8.0,66.14,57.23,67.44,146,0,0.0,0,0.0,0.0,39.22
48.05,66.97,43.55,64.0,92.99,61.75,75.86,55.3,163.0,4.0,59.54,67.7,76.05,100,0,1.0,0,1.0,1.0,63.68
76.96,46.64,59.54,67.54,66.97,60.5,41.26,61.45,154.0,5.0,52.4,24.39,37.49,310,1,0.0,0,0.0,0.0,52.51
64.06,80.56,65.44,61.79,78.37,65.86,47.36,55.21,150.0,9.0,42.2,42.12,67.03,399,0,1.0,0,1.0,1.0,69.81
68.53,23.82,68.48,70.86,63.72,53.87,73.55,70.64,145.0,10.0,44.6,69.47,56.87,249,0,1.0,0,0.0,0.0,45.4
48.91,61.14,45.97,63.96,51.28,40.86,61.41,41.81,128.0,6.0,47.22,50.53,47.74,199,0,0.0,1,0.0,0.0,41.85
80.56,58.59,50.93,64.88,51.76,59.27,64.43,62.86,126.0,4.0,65.3,53.45,58.53,130,0,0.0,0,0.0,0.0,50.47
64.49,57.42,47.26,88.15,58.21,65.26,49.72,68.05,155.0,8.0,46.01,45.24,53.74,257,0,0.0,0,0.0,0.0,46.49
43.8,16.3,70.0,52.85,55.68,34.52,81.64,77.51,162.0,6.0,66.6,79.03,40.97,122,0,0.0,0,0.0,0.0,26.57
78.14,31.5,65.67,74.83,83.92,55.72,86.98,54.55,147.0,5.0,54.25,74.91,67.92,225,0,1.0,0,1.0,1.0,70.11
31.8,42.07,24.65,20.9,49.71,30.54,62.71,64.69,143.0,8.0,58.16,91.33,49.35,80,0,0.0,0,0.0,0.0,37.2
51.29,57.82,41.69,63.11,56.67,47.66,63.86,61.46,143.0,8.0,56.08,60.37,50.09,224,0,0.0,0,1.0,0.0,47.7
58.65,52.48,33.13,48.83,80.07,62.24,58.01,58.31,160.0,10.0,,44.67,60.35,174,0,1.0,0,0.0,0.0,51.81
59.45,47.04,24.24,63.67,54.11,39.75,72.93,62.25,154.0,,55.85,69.46,51.56,99,0,1.0,0,0.0,0.0,57.41
48.25,49.16,39.96,37.92,39.48,34.89,68.25,65.99,132.0,4.0,52.03,75.08,48.77,130,1,0.0,0,0.0,0.0,33.01
71.57,62.41,56.38,82.78,77.18,68.46,87.77,84.54,151.0,2.0,88.87,76.68,80.05,349,1,0.0,0,0.0,1.0,70.68
73.78,62.02,59.95,38.89,87.41,59.28,79.36,55.7,113.0,,65.69,54.06,62.8,352,1,1.0,0,1.0,1.0,73.41
63.48,16.84,30.83,67.36,38.62,43.01,35.74,35.56,124.0,9.0,52.28,28.93,34.46,292,0,1.0,0,0.0,0.0,29.26
97.54,57.21,71.5,75.84,52.93,66.74,39.42,51.6,104.0,7.0,57.19,49.92,61.0,91,0,0.0,0,0.0,0.0,44.53
77.08,70.58,63.11,87.81,78.21,71.89,67.35,64.44,124.0,3.0,68.63,68.64,55.85,311,1,1.0,1,1.0,0.0,84.73
61.56,43.89,27.92,54.86,68.42,38.05,52.09,20.17,123.0,10.0,41.06,31.29,53.86,300,0,1.0,0,1.0,0.0,49.11
84.98,20.22,57.47,58.23,23.59,49.61,,69.84,106.0,0.0,86.62,100.0,67.01,273,0,0.0,0,0.0,0.0,48.2
94.39,64.02,52.44,64.72,82.21,70.03,85.17,57.56,163.0,2.0,74.33,72.18,81.49,239,0,0.0,0,1.0,1.0,80.17
40.28,47.19,42.08,54.16,30.19,37.84,41.3,54.24,127.0,4.0,44.41,53.24,54.86,222,1,0.0,0,0.0,0.0,38.16
,49.46,52.88,66.92,65.52,44.5,57.4,61.71,132.0,3.0,54.7,36.61,49.63,214,0,0.0,0,0.0,0.0,50.17
55.17,,42.25,55.66,28.94,45.59,,90.97,121.0,13.0,65.53,55.92,57.83,270,0,0.0,0,0.0,0.0,43.53
57.0,57.62,21.64,47.54,45.15,48.35,66.27,56.96,149.0,2.0,48.85,43.94,59.65,187,1,0.0,0,,0.0,39.01
51.59,32.01,51.58,84.48,61.74,44.86,67.54,70.92,164.0,11.0,50.74,54.74,54.64,208,0,0.0,0,0.0,0.0,38.28
73.47,30.79,70.8,73.79,75.12,55.51,58.65,55.2,148.0,10.0,59.17,79.31,61.72,374,0,1.0,0,0.0,1.0,55.7
100.0,32.93,76.54,72.78,72.49,71.39,51.15,76.0,143.0,8.0,60.77,64.68,56.85,288,1,0.0,0,1.0,0.0,54.78
46.46,79.78,39.85,63.52,91.25,69.14,68.13,63.75,104.0,11.0,63.72,76.38,81.24,250,0,1.0,1,1.0,1.0,63.2
99.28,83.55,33.57,81.91,68.12,75.67,92.99,59.95,141.0,4.0,70.89,67.45,77.53,383,0,1.0,1,0.0,0.0,72.14
40.21,31.3,26.35,45.6,30.34,,79.99,71.86,153.0,7.0,66.09,77.12,48.09,192,0,0.0,0,0.0,0.0,29.97
77.86,59.45,74.21,67.05,63.64,63.44,87.7,61.03,164.0,3.0,70.51,63.47,65.93,336,1,0.0,1,1.0,0.0,77.2
74.33,40.3,46.63,72.31,47.46,51.54,75.4,100.0,151.0,1.0,88.64,64.14,74.31,303,0,0.0,1,0.0,0.0,60.41
58.16,56.97,54.7,77.72,63.42,48.15,75.2,54.14,178.0,15.0,57.52,69.47,48.66,235,1,1.0,0,0.0,0.0,48.1
67.63,34.4,48.33,40.49,50.14,45.84,30.69,28.81,121.0,12.0,51.33,39.82,60.43,234,0,0.0,0,0.0,1.0,44.57
63.43,36.32,62.63,73.47,59.28,59.82,51.05,64.76,124.0,7.0,43.79,66.91,64.88,225,0,0.0,0,1.0,0.0,47.36
55.85,73.34,37.45,57.61,60.15,54.08,44.44,44.13,143.0,8.0,55.31,53.27,37.52,154,1,0.0,1,0.0,0.0,38.65
60.66,62.65,48.21,58.31,74.32,53.25,65.0,56.21,162.0,7.0,43.25,51.56,61.42,159,0,0.0,0,1.0,1.0,57.33
60.51,58.03,39.68,79.75,54.93,48.46,43.26,60.25,162.0,9.0,60.93,42.78,38.76,270,1,0.0,0,0.0,1.0,56.16
83.67,74.66,58.6,34.4,72.5,65.55,74.13,46.48,104.0,9.0,50.86,53.35,54.47,308,1,0.0,0,1.0,1.0,72.02
51.26,66.28,56.38,74.84,67.93,49.96,80.71,86.72,143.0,11.0,54.26,85.97,54.98,269,0,1.0,0,0.0,0.0,55.79
51.47,16.24,48.57,79.47,52.12,36.24,89.07,95.89,160.0,0.0,80.41,72.78,54.93,216,0,0.0,0,1.0,0.0,44.06
61.94,59.02,65.97,62.55,67.64,68.49,49.07,45.06,153.0,4.0,58.22,49.74,64.63,198,1,1.0,0,0.0,0.0,61.58
80.23,50.54,65.55,57.54,44.21,51.56,47.33,65.83,147.0,9.0,61.21,44.11,53.52,346,0,0.0,0,0.0,0.0,45.07
56.28,75.13,49.39,90.87,70.86,56.34,64.13,48.46,137.0,5.0,47.52,59.82,59.66,197,1,0.0,0,1.0,0.0,58.88
39.91,38.86,0.86,23.49,54.29,32.19,66.37,80.55,90.0,13.0,52.83,73.83,48.06,217,0,,0,0.0,0.0,15.2
56.45,27.8,61.42,72.78,53.43,45.36,76.4,62.95,178.0,8.0,52.53,45.54,50.91,154,0,0.0,0,0.0,1.0,34.44
78.31,45.47,62.56,76.31,50.2,58.45,73.81,46.48,151.0,6.0,57.77,55.95,56.18,182,0,0.0,0,0.0,0.0,49.67
77.95,82.26,74.42,87.52,59.29,76.56,75.72,64.53,125.0,4.0,69.69,94.81,82.32,204,1,0.0,1,0.0,1.0,75.09
59.52,36.42,67.27,77.44,70.84,45.92,92.37,96.51,137.0,4.0,59.01,77.17,59.32,263,1,1.0,0,0.0,0.0,52.66
66.98,,50.63,59.28,59.71,56.81,68.95,73.82,144.0,6.0,72.27,72.58,76.06,237,0,0.0,0,0.0,0.0,51.95
81.83,17.14,76.3,70.49,72.98,54.47,65.88,62.15,148.0,7.0,68.38,56.32,53.1,325,0,1.0,0,1.0,1.0,59.17
97.94,63.8,79.46,81.42,70.47,72.74,63.12,58.85,114.0,1.0,87.87,74.43,69.87,129,0,0.0,0,0.0,0.0,70.18
79.65,40.83,68.08,69.19,58.14,70.49,64.03,67.32,121.0,5.0,46.73,51.97,63.72,120,0,0.0,0,0.0,0.0,38.57
75.92,45.33,62.84,62.68,40.08,46.2,58.29,55.39,147.0,7.0,53.43,58.44,,216,0,1.0,0,0.0,0.0,52.14
81.61,55.72,64.82,47.99,79.95,67.73,76.07,74.78,130.0,4.0,61.72,66.29,76.12,235,0,0.0,0,1.0,1.0,74.81
70.14,38.91,73.14,73.8,66.85,65.57,77.43,87.12,109.0,11.0,70.56,69.57,70.88,191,0,1.0,0,0.0,0.0,59.06
61.22,85.62,35.92,29.13,91.0,56.44,74.05,75.59,126.0,9.0,57.85,77.32,61.46,306,1,1.0,1,1.0,0.0,69.87
79.58,59.41,59.36,76.48,75.38,60.99,79.1,84.13,141.0,11.0,66.14,63.68,56.63,289,1,1.0,1,1.0,0.0,67.79
59.51,67.11,68.07,75.89,78.89,61.67,78.44,77.87,111.0,4.0,62.93,78.88,63.2,207,1,1.0,0,0.0,1.0,67.37
68.13,53.89,61.47,59.77,73.67,55.37,58.85,73.4,168.0,5.0,83.79,65.12,83.26,322,0,1.0,1,1.0,0.0,67.36
71.67,56.74,23.18,39.46,62.47,50.44,40.55,73.13,157.0,14.0,44.3,85.7,35.42,297,0,1.0,1,1.0,0.0,51.67
56.23,22.22,23.6,39.54,44.02,40.24,70.64,80.33,156.0,5.0,54.27,70.48,47.12,219,0,0.0,0,0.0,0.0,35.75
48.81,71.06,16.79,54.42,56.03,44.24,63.54,58.88,140.0,5.0,50.29,72.67,37.38,232,1,1.0,1,0.0,0.0,57.66
29.5,51.47,28.19,54.87,72.6,47.24,77.05,100.0,118.0,8.0,72.81,64.09,,173,0,1.0,0,0.0,0.0,42.89
53.65,43.92,20.42,47.88,65.97,51.36,71.05,58.74,125.0,3.0,58.2,53.38,46.06,294,0,0.0,0,1.0,0.0,46.5
62.87,53.34,70.58,68.05,67.36,62.07,93.93,70.66,167.0,3.0,70.31,74.13,59.45,206,0,0.0,0,0.0,1.0,63.59
95.46,77.27,65.48,93.59,87.82,81.15,91.48,60.76,128.0,2.0,64.14,63.1,80.17,229,1,1.0,0,1.0,1.0,82.59
68.94,52.64,56.32,80.3,69.62,55.82,69.8,32.48,139.0,7.0,61.19,58.75,67.09,256,0,0.0,0,0.0,1.0,54.56
60.96,71.0,15.95,47.22,67.18,34.87,62.1,61.14,133.0,6.0,57.71,56.0,52.19,396,1,1.0,1,0.0,0.0,52.53
86.55,43.0,66.57,69.07,59.05,64.62,77.9,89.92,138.0,2.0,82.57,64.01,59.78,203,0,1.0,0,0.0,0.0,62.47
63.69,63.06,45.33,71.9,69.04,62.34,74.1,72.33,138.0,15.0,81.1,49.87,50.78,207,0,0.0,0,0.0,1.0,52.57
69.67,58.23,43.8,72.49,76.78,60.39,85.27,100.0,138.0,3.0,71.24,75.15,48.03,236,0,1.0,0,0.0,1.0,72.81
56.37,75.1,50.5,70.71,85.52,67.58,73.9,64.51,132.0,8.0,68.99,63.8,54.94,270,1,0.0,0,0.0,1.0,65.41
59.22,62.49,66.73,95.24,67.42,58.86,65.08,59.14,133.0,12.0,56.03,68.92,48.14,225,1,0.0,1,0.0,1.0,62.7
44.12,20.39,41.54,59.09,54.13,41.17,56.15,57.23,134.0,6.0,59.19,67.96,44.86,157,0,0.0,0,0.0,1.0,33.35
55.63,64.14,41.56,58.74,63.3,61.83,59.7,46.79,121.0,10.0,48.91,16.01,59.0,293,1,0.0,1,1.0,1.0,53.75
60.3,73.59,21.43,46.18,63.08,55.41,58.94,86.9,113.0,1.0,81.84,73.96,56.41,289,1,1.0,1,0.0,0.0,64.55
77.21,68.49,35.64,72.19,83.06,70.76,63.93,72.36,132.0,3.0,65.81,76.09,80.36,359,1,1.0,0,0.0,1.0,59.17
70.69,45.4,79.3,57.39,44.66,64.97,62.65,65.07,123.0,4.0,74.87,83.88,86.78,294,0,0.0,0,0.0,0.0,58.1
75.66,46.63,65.72,66.27,74.41,53.89,73.44,65.9,139.0,7.0,66.84,71.24,60.28,199,0,0.0,1,0.0,1.0,48.89
93.39,,87.79,82.17,89.43,72.4,64.99,72.91,120.0,4.0,79.52,60.62,49.07,339,0,1.0,0,1.0,0.0,68.47
87.89,51.21,33.24,82.52,78.83,57.21,78.9,75.04,107.0,6.0,63.56,69.37,58.33,332,0,1.0,0,1.0,1.0,56.87
90.76,87.92,66.63,56.06,92.38,70.64,61.27,28.97,165.0,5.0,53.83,36.71,58.55,381,1,1.0,1,1.0,1.0,75.21
70.42,67.57,43.57,70.14,78.55,59.7,56.49,35.1,126.0,10.0,38.41,45.04,59.31,278,0,1.0,0,1.0,0.0,61.53
78.27,83.16,84.56,66.69,60.54,82.77,89.32,84.11,102.0,4.0,84.01,86.62,67.47,139,1,0.0,1,0.0,0.0,63.41
85.46,93.85,58.21,68.09,64.62,68.91,57.32,76.11,151.0,3.0,72.64,70.62,46.82,208,1,1.0,0,0.0,1.0,74.37
46.89,41.84,77.66,67.58,49.3,40.51,91.8,70.95,134.0,0.0,51.34,78.15,,162,0,0.0,0,0.0,0.0,55.91
66.34,51.84,50.31,51.97,34.7,40.79,86.4,86.79,141.0,4.0,68.49,83.13,55.38,169,0,0.0,0,0.0,0.0,56.03
63.87,59.61,64.86,87.16,70.77,65.05,59.21,79.1,140.0,8.0,62.94,59.6,54.63,252,0,0.0,1,0.0,0.0,58.29
71.59,46.94,60.87,91.3,83.49,58.16,64.42,67.72,156.0,4.0,64.75,64.09,50.87,295,0,1.0,0,1.0,1.0,74.14
51.45,15.86,49.22,86.7,48.79,29.51,64.51,60.44,143.0,8.0,58.08,77.87,43.44,215,0,0.0,0,0.0,0.0,32.41
66.0,50.25,38.38,61.38,68.01,44.26,52.19,53.36,110.0,7.0,57.75,69.43,51.06,278,0,1.0,0,1.0,1.0,52.55
57.19,14.89,64.96,60.87,63.24,47.42,55.18,62.1,114.0,6.0,55.77,59.87,26.8,188,0,0.0,0,1.0,0.0,30.16
66.5,65.85,66.42,52.77,73.61,67.05,67.47,72.43,112.0,5.0,69.86,56.55,,381,1,1.0,1,0.0,0.0,67.01
84.76,65.07,59.49,68.29,44.85,59.52,58.2,54.27,127.0,8.0,50.62,54.18,62.24,260,1,,0,0.0,0.0,55.25
46.01,44.78,19.35,55.36,49.8,42.87,55.51,55.58,143.0,3.0,55.89,59.75,53.7,204,0,0.0,0,0.0,0.0,45.34
71.55,63.9,29.54,77.25,59.85,61.09,61.8,49.22,122.0,14.0,48.26,36.26,77.71,207,0,0.0,0,0.0,0.0,49.03
47.96,61.11,28.9,60.03,56.06,41.99,87.03,93.75,128.0,5.0,63.84,100.0,56.2,112,0,0.0,1,0.0,1.0,55.7
53.16,16.73,47.12,38.3,49.23,37.47,42.57,28.4,121.0,8.0,35.42,34.12,38.02,276,0,0.0,0,0.0,0.0,27.36
88.81,64.51,84.65,66.01,56.84,66.27,80.25,59.58,129.0,4.0,75.87,59.37,82.77,264,0,0.0,1,0.0,0.0,67.46
71.42,15.82,79.79,89.59,34.84,54.3,69.13,46.11,150.0,12.0,59.98,55.9,59.29,344,0,0.0,0,0.0,0.0,31.52
56.47,28.75,47.37,41.45,39.27,36.98,55.57,50.93,131.0,11.0,45.1,49.9,59.91,249,0,0.0,0,0.0,1.0,30.85
55.71,57.35,33.35,67.5,29.32,37.73,65.88,59.27,158.0,8.0,63.4,59.97,60.27,249,0,0.0,1,0.0,0.0,46.1
45.21,64.27,28.77,44.02,31.44,41.8,37.34,58.51,124.0,9.0,64.93,79.09,46.26,162,0,0.0,0,0.0,0.0,37.62
81.81,41.48,31.34,45.19,38.28,53.9,69.21,68.38,139.0,5.0,80.8,85.11,62.67,238,0,0.0,0,0.0,0.0,40.23
95.75,53.5,70.71,63.31,51.02,68.17,68.7,66.47,135.0,7.0,61.55,73.47,61.85,299,0,1.0,0,0.0,0.0,59.42
62.55,20.42,77.83,53.37,60.07,56.65,80.97,58.58,145.0,0.0,83.21,65.01,67.73,82,0,0.0,0,0.0,1.0,41.48
53.4,52.91,31.56,66.77,49.24,51.63,72.29,69.65,148.0,3.0,84.03,76.25,55.1,317,0,0.0,1,0.0,0.0,56.46
72.44,72.99,57.28,58.88,45.81,60.1,82.37,92.29,141.0,0.0,78.23,73.3,75.62,244,0,0.0,1,0.0,0.0,64.41
50.22,49.0,39.09,74.66,51.44,43.25,63.22,47.89,186.0,5.0,56.0,59.59,71.01,276,0,0.0,1,0.0,0.0,43.55
69.3,39.67,48.83,59.62,46.83,44.35,57.23,76.27,164.0,9.0,,73.77,35.18,282,0,0.0,0,0.0,0.0,34.94
50.74,30.79,66.76,68.15,66.57,40.52,74.57,62.96,129.0,12.0,64.75,69.3,68.0,196,0,1.0,0,1.0,1.0,51.95
74.01,44.0,68.88,69.96,57.54,65.52,44.76,54.57,159.0,8.0,42.37,52.11,54.12,164,0,0.0,0,0.0,0.0,44.47
58.89,53.53,67.65,93.11,45.21,54.39,56.91,34.33,159.0,8.0,38.48,54.26,61.02,194,0,0.0,0,0.0,0.0,44.64
51.79,29.28,72.81,60.2,67.13,40.38,41.18,16.6,111.0,14.0,36.87,37.47,34.03,179,0,0.0,0,0.0,1.0,41.01
73.45,21.94,49.17,73.2,67.33,58.23,61.4,58.41,100.0,23.0,53.82,73.94,54.73,232,0,0.0,0,0.0,0.0,33.12
61.31,82.55,40.9,46.45,67.27,58.98,50.65,70.93,140.0,9.0,75.29,75.03,70.33,328,1,1.0,1,0.0,0.0,65.22
,49.89,92.14,78.98,92.9,75.51,55.7,55.33,135.0,13.0,54.68,64.75,60.96,162,0,1.0,0,1.0,1.0,67.24
71.28,30.3,96.04,91.14,50.98,58.89,71.34,76.84,95.0,,87.99,77.23,75.06,192,0,0.0,0,0.0,,48.74
54.04,34.81,23.82,62.79,74.48,39.35,50.48,55.72,139.0,5.0,66.34,80.26,42.49,296,0,1.0,0,0.0,1.0,49.87
62.36,72.74,40.06,92.66,57.29,60.94,80.36,89.12,142.0,5.0,60.15,75.05,62.92,673,0,0.0,1,1.0,1.0,74.35
69.6,44.37,70.57,80.68,62.34,62.46,84.42,59.02,130.0,6.0,76.82,70.74,75.21,284,0,1.0,0,0.0,0.0,60.29
65.64,67.12,54.21,60.16,59.03,56.59,58.48,42.02,166.0,11.0,46.26,58.54,57.52,337,1,1.0,0,0.0,0.0,47.82
80.89,52.87,85.11,83.66,60.3,74.96,61.58,57.25,134.0,6.0,80.89,56.84,76.64,214,0,1.0,0,1.0,1.0,73.22
63.07,6.96,68.03,33.54,41.83,46.73,71.16,65.99,132.0,6.0,79.94,66.12,57.1,250,0,0.0,0,1.0,0.0,41.01
100.0,46.05,70.93,69.67,51.33,68.41,71.98,52.41,140.0,7.0,75.71,48.85,68.17,273,0,0.0,1,0.0,0.0,64.5
71.59,49.11,66.84,50.46,68.59,52.12,50.1,47.89,112.0,5.0,,45.09,61.09,242,0,0.0,0,0.0,0.0,52.44
70.66,39.3,62.79,66.65,62.7,48.22,71.77,48.75,123.0,5.0,66.62,57.91,73.04,259,0,0.0,0,0.0,0.0,51.48
81.64,47.7,71.64,78.53,52.55,68.89,56.25,45.03,90.0,5.0,54.69,52.06,50.72,242,0,0.0,0,0.0,0.0,42.3
63.32,44.34,26.63,75.13,61.42,35.14,73.79,67.38,147.0,1.0,87.72,74.86,70.39,260,0,1.0,0,0.0,1.0,60.45
65.4,72.12,51.74,58.25,79.12,61.43,52.77,62.09,153.0,3.0,59.04,54.76,48.35,250,1,0.0,0,0.0,1.0,54.42
75.47,33.11,53.15,46.83,50.86,50.96,90.01,86.94,147.0,5.0,76.0,84.44,69.45,279,0,0.0,0,0.0,0.0,53.4
54.26,53.71,62.2,92.02,56.44,52.89,51.83,24.95,140.0,11.0,41.41,30.24,51.79,165,0,0.0,0,0.0,0.0,36.71
,65.03,19.68,11.4,69.2,44.53,57.75,69.47,136.0,4.0,68.63,54.69,48.26,247,0,0.0,0,0.0,0.0,45.09
69.45,24.18,83.43,65.77,60.35,57.99,91.58,79.41,169.0,3.0,85.2,66.2,70.6,163,0,1.0,0,0.0,0.0,55.76
55.18,36.61,46.55,58.79,49.33,41.52,41.11,60.17,132.0,25.0,39.72,32.52,23.18,113,0,0.0,0,0.0,0.0,26.11
54.83,26.05,52.81,64.45,59.12,50.97,66.72,53.33,155.0,13.0,66.15,53.26,65.2,80,0,0.0,0,1.0,0.0,32.45
32.87,59.54,5.12,53.07,56.13,40.58,41.42,63.94,149.0,14.0,55.02,63.81,40.91,152,0,0.0,0,0.0,0.0,20.16
58.72,,49.65,53.42,63.92,48.83,45.53,63.5,111.0,9.0,49.22,52.43,46.55,194,1,0.0,0,1.0,1.0,50.0
42.8,54.48,38.38,57.38,53.0,39.99,50.46,66.17,148.0,14.0,50.0,65.6,39.62,206,1,0.0,1,0.0,0.0,42.1
43.52,52.95,35.45,51.05,65.35,45.11,43.56,69.54,115.0,12.0,55.68,42.99,53.5,202,0,0.0,1,0.0,0.0,45.91
82.54,45.86,60.43,50.08,81.61,74.28,72.4,66.44,129.0,5.0,77.3,82.56,72.71,230,0,1.0,0,1.0,1.0,71.31
61.71,37.54,57.38,56.84,20.99,39.89,70.88,88.14,136.0,4.0,78.69,70.46,46.09,256,0,0.0,0,0.0,0.0,47.47
62.96,51.76,50.09,48.17,73.38,63.59,57.7,87.49,160.0,8.0,46.08,53.83,54.72,273,0,1.0,0,0.0,0.0,54.93
67.84,63.02,41.21,61.96,69.25,46.51,53.62,31.7,124.0,7.0,49.59,39.27,38.4,169,0,1.0,1,0.0,0.0,53.97
79.98,82.53,65.84,91.97,83.79,69.37,57.83,87.74,143.0,8.0,74.4,93.5,63.95,119,0,1.0,1,0.0,1.0,74.4
75.52,80.56,48.7,82.73,84.47,65.59,77.16,77.06,112.0,2.0,83.46,55.72,77.13,269,0,1.0,0,1.0,0.0,65.92
60.85,48.3,67.62,89.39,65.13,64.2,35.08,52.27,131.0,6.0,56.68,41.68,52.89,140,0,0.0,0,0.0,0.0,42.14
51.71,28.64,50.24,79.62,51.48,45.3,47.62,39.21,127.0,9.0,42.77,38.72,49.35,289,0,0.0,0,1.0,0.0,31.81
69.94,52.4,40.68,73.2,69.58,63.74,56.75,40.89,160.0,10.0,53.9,51.08,,246,0,0.0,0,0.0,0.0,46.56
71.76,29.12,59.79,83.73,46.22,49.7,78.69,57.52,127.0,2.0,73.68,72.89,54.62,236,0,1.0,0,1.0,0.0,52.18
69.24,83.4,66.66,75.72,94.75,72.25,72.91,90.25,111.0,6.0,70.79,66.58,64.56,319,1,1.0,0,1.0,0.0,74.34
89.18,37.21,88.48,100.0,66.7,66.51,80.44,77.48,133.0,1.0,88.91,67.83,54.8,232,0,0.0,0,0.0,1.0,65.83
76.03,38.75,57.57,50.68,79.55,69.52,77.43,43.44,129.0,4.0,73.02,43.42,66.0,315,0,1.0,0,0.0,0.0,57.6
67.91,40.26,42.31,72.62,57.44,44.06,75.86,39.45,144.0,6.0,63.45,72.2,51.58,197,0,1.0,1,,0.0,57.29
66.59,50.28,32.29,41.82,59.98,45.73,74.33,51.43,,5.0,62.72,76.26,64.25,413,0,1.0,0,,1.0,61.61
62.46,50.07,38.14,67.71,71.43,46.86,56.5,68.69,131.0,4.0,48.15,62.37,54.13,266,0,0.0,1,1.0,1.0,55.01
50.26,60.6,35.51,26.79,36.38,46.12,63.25,65.19,145.0,10.0,49.74,57.35,66.72,234,0,0.0,0,1.0,0.0,49.99
35.75,17.64,53.48,33.28,43.83,27.05,41.07,48.94,133.0,5.0,42.31,41.2,30.87,259,0,1.0,0,0.0,0.0,37.59
67.33,55.83,45.01,54.78,86.31,69.03,64.03,55.42,147.0,3.0,51.26,68.83,64.94,240,1,1.0,1,0.0,0.0,65.84
70.17,84.62,51.24,81.32,77.5,68.19,91.28,85.24,124.0,1.0,76.69,50.15,81.86,251,1,0.0,1,1.0,1.0,75.57
69.35,56.48,77.0,72.89,60.16,64.92,34.16,49.22,134.0,12.0,61.23,62.62,74.76,148,0,,0,0.0,0.0,49.81
52.44,30.22,60.4,85.81,59.32,52.1,71.4,75.67,156.0,12.0,67.42,69.41,64.49,298,0,1.0,0,0.0,0.0,50.2
56.95,47.34,52.72,68.29,77.14,54.4,59.11,36.74,124.0,14.0,44.25,39.9,51.95,249,0,1.0,0,1.0,0.0,46.94
79.24,60.27,78.86,85.37,89.19,72.67,66.79,42.76,136.0,6.0,52.91,74.37,64.83,262,1,0.0,0,1.0,1.0,69.11
65.98,69.75,36.15,72.75,64.36,57.75,68.44,52.34,138.0,7.0,45.96,55.34,,215,1,0.0,1,0.0,0.0,54.43
41.37,17.58,38.04,62.74,40.59,37.21,67.45,80.5,112.0,5.0,65.37,53.27,66.53,202,0,0.0,0,1.0,,38.68
65.92,29.72,54.92,71.62,58.24,45.37,62.71,51.55,151.0,3.0,57.21,36.92,48.49,161,0,0.0,0,0.0,0.0,44.59
59.36,45.83,53.18,83.31,73.2,49.49,,85.93,131.0,3.0,82.32,70.59,59.22,226,0,1.0,1,0.0,1.0,71.91
63.96,50.61,40.41,41.53,46.54,52.55,75.62,76.67,139.0,1.0,83.89,93.11,91.17,80,0,0.0,0,1.0,0.0,47.39
62.49,49.89,52.08,28.58,44.75,48.07,52.08,52.56,148.0,13.0,51.37,49.89,37.94,309,0,0.0,0,1.0,0.0,39.54
67.46,7.94,62.44,65.57,41.23,31.74,67.84,61.22,152.0,4.0,66.35,75.26,59.59,191,0,0.0,0,0.0,0.0,31.33
57.57,54.84,35.23,34.8,50.71,43.22,55.04,62.41,116.0,7.0,47.81,38.69,51.76,190,0,0.0,1,1.0,0.0,42.72
72.88,65.2,58.62,90.98,83.23,76.09,39.52,43.93,142.0,10.0,62.33,39.73,61.25,363,1,1.0,0,1.0,0.0,65.47
70.08,49.84,33.83,43.75,62.48,49.48,65.29,73.48,156.0,14.0,62.32,68.69,43.89,350,0,0.0,0,1.0,0.0,48.26
67.86,61.96,52.28,64.97,67.24,55.74,95.47,75.64,131.0,5.0,80.81,87.91,98.98,149,0,0.0,0,1.0,0.0,63.54
89.99,40.9,73.6,100.0,62.59,56.98,68.68,71.71,153.0,2.0,54.57,47.22,60.31,304,0,0.0,0,0.0,1.0,63.36
75.34,31.6,49.57,58.36,22.56,41.96,52.52,53.38,144.0,7.0,65.92,51.53,44.78,134,0,0.0,0,0.0,0.0,28.94
85.75,80.82,47.81,70.77,67.28,60.7,60.19,77.66,147.0,4.0,83.46,62.4,49.72,227,0,0.0,1,0.0,0.0,66.11
41.19,53.08,15.45,55.5,66.15,44.14,67.52,59.52,154.0,1.0,63.33,62.09,34.93,312,0,0.0,0,1.0,0.0,41.85
72.68,75.39,31.94,68.47,53.21,57.66,59.8,71.11,122.0,5.0,69.25,84.5,65.94,148,0,0.0,1,0.0,0.0,61.57
71.2,68.67,44.95,86.02,59.97,58.28,72.57,66.36,123.0,10.0,54.67,56.23,51.93,205,1,0.0,1,1.0,0.0,64.68
41.67,36.47,58.94,31.38,63.0,39.39,75.29,71.75,161.0,3.0,63.48,64.67,53.08,335,0,1.0,0,1.0,1.0,48.01
67.11,42.06,85.99,76.48,47.79,67.67,86.71,88.14,136.0,7.0,74.79,83.07,66.39,80,0,0.0,0,0.0,0.0,50.29
82.46,56.47,43.29,79.17,92.6,60.57,72.28,48.19,114.0,9.0,60.58,76.17,67.64,369,0,1.0,0,1.0,1.0,67.6
41.51,38.52,42.34,38.66,84.78,40.95,59.78,40.02,135.0,8.0,51.17,40.1,,133,0,0.0,1,1.0,0.0,37.68
74.87,63.63,52.32,62.13,62.41,58.7,59.72,48.82,136.0,2.0,63.41,40.86,65.62,259,1,0.0,0,0.0,1.0,65.44
60.71,67.22,52.13,41.06,76.47,57.24,47.06,84.89,141.0,10.0,52.82,50.95,59.28,168,1,0.0,0,1.0,1.0,61.47
77.14,50.13,83.63,87.91,42.51,65.54,65.43,64.75,132.0,11.0,67.8,78.34,56.24,208,0,0.0,1,0.0,0.0,52.11
40.37,65.07,55.74,50.24,34.75,52.42,42.23,42.48,167.0,18.0,37.39,40.94,31.45,176,1,0.0,0,0.0,0.0,30.58
71.34,37.77,38.44,61.66,55.15,54.19,,81.11,123.0,4.0,70.67,44.09,58.84,205,1,0.0,0,0.0,0.0,54.79
81.27,50.44,76.82,84.7,90.27,84.4,94.83,66.29,108.0,5.0,85.31,64.43,88.65,220,0,1.0,1,1.0,1.0,74.84
40.71,,53.82,49.67,55.67,38.38,61.84,36.12,112.0,6.0,64.29,77.22,52.31,246,0,1.0,0,0.0,0.0,44.34
,67.2,20.28,71.73,56.14,50.8,62.57,73.16,125.0,2.0,59.9,50.2,36.61,196,0,0.0,0,1.0,0.0,55.15
75.54,49.75,44.82,47.59,46.63,48.69,61.61,59.28,147.0,,60.45,39.8,54.88,251,0,0.0,0,0.0,0.0,41.53
64.87,40.47,39.57,54.12,55.64,59.78,67.21,61.19,135.0,0.0,71.47,61.95,52.51,248,1,0.0,0,0.0,0.0,51.7
76.0,58.15,74.8,66.02,52.59,63.42,75.03,61.15,146.0,5.0,64.86,71.6,65.31,269,0,1.0,0,1.0,0.0,66.4
70.46,63.77,69.1,53.96,54.62,48.32,56.79,79.42,126.0,5.0,69.4,91.72,64.06,291,1,0.0,0,1.0,0.0,60.49
42.9,59.5,30.7,49.46,36.57,43.99,67.09,68.38,146.0,4.0,67.55,69.0,30.76,199,0,0.0,0,0.0,0.0,39.48
92.14,69.91,58.73,68.31,81.68,72.62,72.27,77.42,111.0,4.0,77.19,80.76,85.23,122,1,0.0,0,0.0,1.0,64.59
64.7,64.08,23.59,47.0,61.41,55.05,51.58,70.86,140.0,9.0,53.96,48.25,41.76,290,1,1.0,0,0.0,0.0,48.89
93.35,71.75,85.22,87.46,74.56,73.12,68.24,51.45,150.0,4.0,,67.6,75.93,275,1,1.0,1,1.0,1.0,82.57
75.57,53.64,39.33,83.01,40.21,55.43,61.39,63.62,122.0,16.0,43.58,48.17,61.84,149,0,0.0,1,0.0,0.0,53.32
51.51,42.91,41.75,59.59,63.4,45.33,63.72,47.74,169.0,8.0,57.49,77.34,50.1,171,1,0.0,0,1.0,0.0,41.85
57.37,22.82,70.33,62.37,56.92,44.53,79.02,90.23,107.0,3.0,60.12,67.67,62.78,208,0,1.0,0,1.0,0.0,37.23
68.35,42.31,63.91,69.37,61.57,58.16,81.27,77.59,154.0,5.0,88.36,61.89,62.76,246,0,0.0,0,0.0,0.0,62.53
57.99,63.4,69.52,62.6,67.2,60.87,88.85,72.05,157.0,6.0,65.37,70.5,51.38,124,1,0.0,0,1.0,1.0,67.45
46.35,36.59,37.14,67.26,65.25,50.38,53.49,51.13,121.0,10.0,67.31,74.89,65.1,267,0,1.0,0,0.0,1.0,48.01
89.14,65.62,61.08,73.82,51.58,65.46,72.19,57.19,145.0,1.0,59.15,53.62,56.98,133,0,0.0,0,0.0,0.0,56.76
52.18,55.92,42.04,29.85,64.58,51.74,45.62,61.33,120.0,8.0,55.09,76.32,67.28,223,0,0.0,0,1.0,1.0,47.01
78.24,39.24,41.25,80.66,41.52,43.86,20.68,53.81,138.0,10.0,37.27,49.34,43.57,332,0,0.0,0,0.0,0.0,41.97
43.23,40.13,31.5,62.04,48.72,48.3,96.48,66.85,139.0,6.0,57.55,87.75,56.29,216,0,0.0,0,0.0,0.0,39.56
100.0,69.2,70.46,85.03,73.81,70.65,55.14,49.37,137.0,9.0,68.68,54.23,68.11,253,0,1.0,1,1.0,0.0,67.99
57.19,58.86,30.48,23.11,63.5,52.52,65.16,63.16,128.0,4.0,60.2,61.68,62.13,152,1,1.0,0,0.0,1.0,70.69
49.61,40.66,26.53,51.41,61.19,43.44,51.41,62.22,126.0,11.0,70.3,70.91,68.25,240,1,0.0,0,0.0,0.0,40.68
64.93,43.12,50.35,83.72,74.82,56.79,50.83,41.42,123.0,3.0,60.05,34.97,48.97,180,1,0.0,0,0.0,1.0,58.64
62.21,65.88,56.64,72.21,75.35,65.71,59.48,40.65,149.0,7.0,36.91,56.99,53.06,218,0,1.0,0,1.0,1.0,74.25
74.37,52.22,60.58,62.59,53.77,44.76,83.9,86.02,171.0,1.0,87.33,90.79,69.65,350,0,0.0,1,0.0,0.0,59.34
90.51,56.61,77.0,93.44,82.71,69.79,62.15,60.66,179.0,13.0,60.66,58.39,62.72,251,0,1.0,0,0.0,1.0,63.53
85.8,70.26,19.86,72.63,81.65,66.5,54.58,55.38,154.0,8.0,56.82,63.39,,217,0,1.0,0,1.0,1.0,62.52
55.72,49.25,59.88,83.3,59.17,65.95,69.06,64.19,139.0,3.0,44.34,63.92,70.18,242,0,1.0,0,1.0,0.0,60.59
81.15,53.09,49.85,73.27,70.49,60.8,81.58,60.59,159.0,7.0,62.36,87.59,81.66,243,1,1.0,0,1.0,0.0,74.07
39.46,36.99,49.79,52.16,42.06,25.37,76.12,80.42,147.0,8.0,45.73,91.61,48.68,172,0,0.0,0,0.0,0.0,30.79
55.52,,55.97,79.57,77.07,50.97,59.85,46.67,132.0,14.0,40.41,54.05,37.88,225,0,1.0,0,1.0,1.0,54.11
72.41,41.78,34.46,60.92,79.06,52.91,81.57,84.82,176.0,2.0,78.42,81.1,64.76,286,0,1.0,0,1.0,0.0,57.54
67.94,57.83,45.5,48.09,58.87,60.57,89.74,72.82,160.0,0.0,67.04,87.17,60.05,182,0,0.0,1,0.0,0.0,62.24
57.06,0.0,63.99,59.28,33.13,37.97,66.23,57.56,126.0,14.0,40.91,61.34,45.21,295,0,0.0,0,0.0,0.0,28.31
68.06,53.91,41.93,67.31,73.1,48.44,57.53,48.33,155.0,16.0,32.08,45.74,49.09,337,1,1.0,1,0.0,0.0,48.63
63.46,88.94,9.87,65.53,80.25,63.68,77.94,76.42,151.0,4.0,70.24,68.22,73.75,211,1,1.0,1,0.0,1.0,80.91
85.26,0.0,59.0,82.96,57.65,53.24,60.32,55.28,121.0,9.0,76.94,69.25,72.97,207,0,0.0,0,1.0,0.0,48.3
85.57,91.73,84.78,89.18,93.71,79.15,61.06,61.8,140.0,7.0,53.57,56.6,70.6,246,1,1.0,1,1.0,1.0,84.47
59.03,25.22,59.75,45.11,51.15,49.46,56.49,51.89,137.0,6.0,73.55,48.54,45.0,245,0,1.0,0,0.0,0.0,40.24
72.06,57.11,33.62,43.86,56.61,48.45,72.22,87.73,93.0,2.0,80.95,72.36,68.53,262,0,0.0,0,0.0,1.0,41.94
60.25,45.95,39.88,65.8,60.93,47.89,61.62,75.42,113.0,8.0,62.26,49.37,51.51,225,0,1.0,0,0.0,0.0,52.79
31.46,24.54,39.1,27.75,45.68,28.24,59.37,49.51,158.0,2.0,45.04,65.16,41.01,273,0,0.0,0,0.0,0.0,28.19
54.45,64.12,41.04,66.02,59.41,50.68,39.52,52.6,122.0,12.0,41.15,55.18,44.0,295,1,0.0,0,1.0,0.0,46.06
58.76,60.03,47.98,100.0,85.7,66.43,82.64,60.09,152.0,3.0,74.44,99.55,71.93,307,0,1.0,1,1.0,1.0,65.13
95.98,37.19,49.27,51.3,63.04,47.21,75.39,51.03,163.0,0.0,83.52,66.81,72.9,314,0,0.0,0,0.0,0.0,47.03
76.94,85.06,69.07,75.16,70.62,78.17,93.83,79.43,106.0,,84.67,65.62,85.63,228,0,0.0,1,0.0,1.0,67.51
42.5,57.17,40.02,54.7,72.6,49.82,58.41,67.54,167.0,10.0,60.6,82.63,41.89,282,1,1.0,0,0.0,1.0,55.13
55.02,27.23,75.57,69.33,27.42,43.55,94.22,89.99,140.0,2.0,84.28,69.18,52.53,224,0,0.0,0,0.0,0.0,44.57
78.59,63.3,88.76,72.43,81.25,72.3,67.11,60.78,146.0,6.0,59.63,60.11,71.38,245,0,1.0,1,0.0,1.0,77.25
89.77,83.5,60.41,82.82,69.99,67.83,,46.89,174.0,11.0,70.85,49.83,71.28,237,1,1.0,1,0.0,0.0,61.48
70.49,76.23,29.7,60.31,69.61,48.74,81.44,79.88,,7.0,77.99,67.95,76.79,323,1,0.0,1,1.0,1.0,68.32
73.14,0.0,57.17,33.89,29.33,32.57,100.0,66.31,141.0,2.0,69.19,76.98,61.23,174,0,0.0,0,0.0,,36.74
,26.0,61.01,76.54,47.82,38.95,69.86,75.81,130.0,9.0,77.43,50.67,59.44,201,0,0.0,0,0.0,1.0,53.12
51.51,34.14,24.84,54.35,44.78,29.95,47.19,49.74,128.0,1.0,42.39,76.09,43.74,297,0,0.0,0,1.0,0.0,35.35
55.66,27.18,70.15,45.15,51.85,37.19,72.12,93.06,130.0,6.0,56.38,53.58,36.95,323,0,0.0,0,0.0,0.0,39.91
52.52,61.35,44.82,54.23,70.67,60.33,33.11,35.29,157.0,13.0,24.78,32.7,26.35,375,0,1.0,0,1.0,0.0,38.63
80.67,35.52,69.2,76.03,47.99,49.4,34.22,33.04,144.0,9.0,44.14,28.25,49.91,285,0,0.0,0,1.0,0.0,38.38
41.93,15.21,62.92,33.38,46.93,37.07,88.15,74.37,146.0,3.0,74.77,48.36,64.94,209,0,0.0,0,0.0,0.0,36.77
99.24,54.21,68.37,95.1,76.06,78.96,73.42,55.12,136.0,12.0,56.58,54.62,82.28,315,1,0.0,0,0.0,0.0,70.23
55.87,61.77,30.47,69.3,59.84,55.66,51.86,48.22,150.0,9.0,53.15,52.35,70.81,163,0,0.0,1,0.0,0.0,44.76
79.21,53.77,45.74,63.17,60.85,55.66,100.0,96.87,110.0,2.0,69.79,83.24,68.11,243,0,0.0,0,1.0,0.0,58.59
70.79,68.63,45.96,66.87,52.19,56.03,68.88,72.87,173.0,4.0,73.26,82.42,58.46,323,0,0.0,0,0.0,0.0,44.82
41.82,20.67,31.64,49.0,21.37,30.58,75.95,61.86,136.0,5.0,50.54,54.91,,203,0,0.0,0,0.0,0.0,15.22
55.14,56.78,61.42,68.58,62.56,68.42,80.04,84.91,124.0,6.0,76.88,77.97,76.17,291,1,1.0,1,1.0,0.0,59.08
83.09,60.11,55.12,57.5,56.94,63.24,93.59,70.71,164.0,7.0,83.7,92.19,54.14,240,1,0.0,1,0.0,0.0,66.99
62.8,60.35,25.2,69.92,66.22,56.05,63.6,58.58,159.0,12.0,58.26,56.11,47.6,326,0,0.0,1,1.0,0.0,48.72
61.02,56.51,33.46,35.12,44.05,59.57,61.21,75.85,137.0,5.0,63.82,74.47,62.08,223,0,0.0,1,0.0,0.0,51.46
61.57,50.11,43.85,75.81,72.12,56.08,34.62,48.27,159.0,12.0,49.24,40.08,39.64,178,0,0.0,0,1.0,1.0,46.95
62.08,34.98,39.83,40.68,53.65,51.23,95.03,74.38,161.0,4.0,65.32,62.75,66.47,179,0,0.0,0,0.0,1.0,54.26
82.0,41.92,62.65,45.3,62.47,60.4,33.0,38.46,141.0,14.0,43.51,28.03,44.14,263,0,1.0,0,0.0,0.0,47.7
75.96,69.71,51.48,69.11,67.03,65.81,64.86,45.85,109.0,13.0,53.97,71.92,49.44,140,0,0.0,1,0.0,0.0,49.86
56.46,49.49,47.76,48.35,46.24,41.59,61.72,56.25,141.0,7.0,62.33,46.73,31.36,222,0,0.0,0,1.0,0.0,37.78
58.1,50.95,29.99,53.42,52.41,39.22,47.65,52.44,137.0,17.0,50.53,60.58,51.26,203,0,1.0,0,0.0,0.0,46.4
90.03,56.84,69.99,56.19,77.16,64.81,40.96,67.07,131.0,13.0,49.42,70.73,49.84,195,0,1.0,0,1.0,0.0,54.09
61.02,39.99,38.36,59.98,34.78,48.79,82.62,82.34,135.0,7.0,60.91,78.05,64.56,224,0,0.0,0,0.0,0.0,40.44
50.78,47.86,19.84,48.45,43.72,44.54,68.0,72.49,153.0,3.0,48.35,86.48,51.77,246,0,0.0,0,0.0,0.0,40.42
71.35,40.49,50.62,85.93,74.22,65.14,64.82,30.77,117.0,8.0,51.65,63.83,59.06,308,0,0.0,0,1.0,1.0,51.44
65.01,66.75,45.43,72.24,76.55,59.97,83.86,49.0,163.0,5.0,63.37,48.23,67.93,291,1,1.0,0,1.0,1.0,75.59
47.83,39.59,39.76,50.4,74.04,48.99,57.11,28.54,220.0,9.0,37.45,37.21,46.46,231,1,1.0,0,0.0,1.0,46.91
63.95,49.72,18.72,32.72,50.85,46.31,78.82,55.66,126.0,5.0,,69.15,56.38,193,0,0.0,0,0.0,0.0,47.38
63.72,46.21,64.39,49.8,47.98,51.55,63.45,63.35,134.0,4.0,51.81,60.87,44.2,315,0,0.0,0,0.0,0.0,40.23
74.91,35.22,52.56,70.37,46.13,49.52,33.34,74.72,138.0,10.0,36.38,35.53,65.59,155,0,0.0,0,0.0,0.0,43.99
79.98,24.85,78.81,85.29,54.88,49.22,70.7,65.78,166.0,61.0,84.79,69.99,72.35,237,0,0.0,0,1.0,0.0,56.69
83.47,38.0,41.35,58.52,76.67,55.12,65.32,71.46,152.0,3.0,61.86,59.22,73.13,197,0,0.0,0,1.0,1.0,63.76
67.76,56.05,65.11,73.5,62.99,59.43,77.73,65.88,162.0,4.0,58.14,63.84,75.77,295,1,0.0,0,0.0,0.0,63.53
63.39,47.03,69.89,65.51,64.2,64.07,60.4,49.97,137.0,8.0,51.25,61.79,55.13,172,0,0.0,0,0.0,1.0,50.98
76.0,56.89,80.07,80.08,66.69,73.9,48.34,80.43,133.0,10.0,60.13,60.75,57.76,110,0,0.0,1,0.0,0.0,61.03
83.82,76.9,82.6,92.58,82.07,78.18,100.0,77.97,177.0,0.0,78.82,100.0,81.5,239,1,0.0,1,1.0,1.0,82.62
65.53,39.29,68.36,43.05,60.47,65.64,69.13,40.48,137.0,10.0,63.16,67.67,60.06,219,0,0.0,0,0.0,1.0,52.29
75.14,53.12,40.72,70.45,39.21,53.48,69.52,73.95,130.0,8.0,63.17,78.82,67.98,269,0,0.0,0,0.0,0.0,54.65
47.94,25.15,51.91,59.73,62.06,49.79,48.43,51.04,125.0,6.0,45.83,52.49,39.45,265,0,0.0,0,0.0,0.0,22.08
40.39,18.16,42.63,44.62,56.62,35.42,67.87,77.44,145.0,5.0,54.75,66.95,39.46,135,0,0.0,0,0.0,0.0,30.51
83.64,51.05,41.01,73.14,66.92,51.92,44.71,61.74,117.0,10.0,50.08,38.58,35.09,275,1,1.0,0,1.0,0.0,58.89
100.0,86.44,80.87,86.31,77.48,79.67,54.29,60.78,141.0,12.0,70.79,59.2,62.57,271,1,0.0,1,1.0,0.0,70.1
44.85,82.39,42.94,56.96,72.34,65.0,53.81,50.03,140.0,7.0,51.34,50.06,51.47,247,1,1.0,1,0.0,0.0,59.2
68.33,18.82,28.58,43.67,37.95,35.98,54.12,62.21,148.0,12.0,68.06,56.59,42.41,106,0,0.0,0,0.0,0.0,33.86
73.82,67.12,49.64,67.3,83.65,61.2,88.59,100.0,111.0,5.0,62.71,75.0,68.98,289,1,1.0,1,1.0,0.0,71.18
64.89,47.38,45.96,46.61,53.42,49.69,55.67,79.93,102.0,12.0,45.14,54.97,38.06,182,1,0.0,0,0.0,0.0,40.6
68.67,41.51,64.12,91.44,50.38,53.68,78.46,67.76,133.0,8.0,59.91,89.23,68.91,251,0,0.0,0,0.0,0.0,44.18
73.26,71.28,22.87,52.56,82.53,65.3,77.0,91.51,138.0,1.0,76.92,83.37,57.87,402,1,1.0,0,1.0,1.0,78.98
64.28,59.32,57.43,92.47,58.62,70.52,67.66,81.71,119.0,3.0,50.27,68.69,50.78,243,0,0.0,0,0.0,0.0,58.84
64.83,82.89,26.11,72.73,79.89,60.61,66.57,82.25,115.0,7.0,63.7,79.38,54.64,205,0,0.0,1,1.0,1.0,70.32
41.47,43.44,19.88,53.4,37.08,38.63,74.27,68.2,148.0,6.0,66.01,66.9,54.27,184,0,0.0,0,0.0,0.0,27.84
55.26,48.22,28.68,39.49,71.43,52.1,53.15,58.36,132.0,6.0,68.81,69.87,63.17,364,0,1.0,0,1.0,0.0,56.75
55.19,29.5,54.93,50.66,74.59,49.05,72.37,72.71,155.0,3.0,71.48,71.61,59.35,130,0,1.0,0,0.0,0.0,55.34
56.87,20.61,42.34,55.06,26.65,31.6,73.85,72.49,115.0,4.0,79.0,70.37,39.39,215,0,0.0,0,0.0,0.0,36.55
77.05,26.73,61.93,65.09,63.85,51.8,61.96,64.41,137.0,10.0,51.21,48.76,58.63,286,0,0.0,0,1.0,1.0,50.29
58.71,62.7,61.11,62.21,86.21,63.78,64.44,65.9,169.0,12.0,49.87,73.31,63.51,342,0,1.0,0,1.0,1.0,55.15
57.07,53.01,54.26,64.64,55.39,54.81,58.05,45.51,133.0,13.0,58.99,63.53,49.4,80,0,0.0,0,0.0,0.0,34.02
72.85,63.09,68.62,70.94,66.56,53.38,87.79,69.68,132.0,,77.78,70.95,69.64,157,0,0.0,1,0.0,0.0,59.69
64.79,36.8,45.52,51.1,39.1,42.51,79.02,64.67,157.0,5.0,79.15,83.24,75.61,178,0,0.0,0,0.0,0.0,51.92
65.23,56.14,44.87,61.36,48.66,47.68,66.94,60.93,161.0,1.0,63.86,58.72,47.67,191,0,0.0,0,0.0,0.0,42.18
64.89,65.43,43.16,69.69,68.95,63.11,33.86,36.01,123.0,12.0,36.92,56.78,55.8,231,0,1.0,1,1.0,1.0,70.53
73.9,31.98,58.28,64.23,61.68,49.36,56.48,38.22,128.0,9.0,61.76,53.28,65.84,216,0,0.0,0,1.0,0.0,44.26
77.99,29.86,49.62,54.32,57.63,48.17,73.18,100.0,156.0,7.0,65.36,71.48,60.55,262,0,1.0,0,1.0,0.0,55.27
51.23,36.47,75.47,73.31,40.47,46.53,,42.02,146.0,5.0,61.81,53.05,46.2,191,0,0.0,0,0.0,0.0,44.34
66.27,67.0,63.97,33.42,77.06,65.86,63.07,48.78,145.0,6.0,73.48,63.23,76.97,245,1,0.0,1,1.0,1.0,66.75
65.54,4.69,71.51,55.89,22.72,46.39,70.09,66.3,144.0,7.0,69.49,26.32,67.11,241,0,0.0,0,0.0,1.0,36.77
77.25,46.49,40.79,80.51,77.61,61.22,76.74,82.1,140.0,0.0,78.43,77.32,72.99,314,0,0.0,0,1.0,1.0,59.06
100.0,75.12,78.77,38.26,69.86,80.66,73.68,58.76,158.0,3.0,75.64,77.65,72.83,393,0,1.0,1,1.0,0.0,83.97
55.21,26.38,44.15,67.18,57.16,51.45,63.78,61.05,164.0,3.0,76.17,88.08,70.77,190,0,0.0,0,0.0,0.0,47.77
57.35,57.44,16.58,60.44,61.11,35.76,60.79,69.39,120.0,5.0,52.31,69.75,39.0,277,0,0.0,0,0.0,0.0,39.21
58.88,60.05,28.3,30.67,40.87,47.92,66.58,73.01,155.0,6.0,76.98,64.72,67.48,216,0,0.0,1,0.0,0.0,53.4
84.05,38.34,61.23,76.45,54.86,55.98,77.07,60.3,140.0,7.0,70.55,58.93,60.83,172,0,0.0,0,1.0,0.0,54.4
73.76,65.43,62.78,81.22,63.24,56.51,47.47,61.92,113.0,7.0,54.84,46.51,34.87,186,0,0.0,0,1.0,0.0,44.28
68.96,61.43,32.34,41.72,55.3,49.41,54.62,73.28,121.0,6.0,,49.38,42.38,297,1,0.0,1,0.0,0.0,55.75
71.87,58.71,56.33,55.18,46.99,60.36,53.57,86.84,130.0,14.0,59.09,69.09,59.94,263,0,0.0,0,0.0,0.0,49.39
89.8,82.5,48.53,79.94,81.61,81.04,90.03,76.06,162.0,1.0,90.69,62.63,83.96,350,1,0.0,1,1.0,1.0,89.5
34.13,51.38,35.19,58.03,40.5,31.29,73.6,76.43,122.0,8.0,60.62,60.9,56.0,229,0,0.0,0,1.0,1.0,44.51
61.09,92.02,33.16,53.41,68.1,63.48,31.54,48.02,102.0,9.0,46.87,49.06,43.92,162,0,1.0,1,0.0,1.0,52.97
53.32,39.68,36.39,56.9,69.85,58.19,55.81,58.37,133.0,1.0,52.96,56.73,56.67,352,0,1.0,0,0.0,0.0,49.09
72.09,46.57,96.14,70.29,78.79,78.36,62.64,60.98,130.0,8.0,54.89,39.35,71.06,250,0,1.0,0,0.0,1.0,61.77
42.0,1.84,68.17,59.52,41.2,15.63,81.72,74.06,161.0,9.0,41.36,61.04,67.96,165,0,0.0,0,0.0,0.0,26.6
67.37,45.67,49.12,84.16,74.03,69.95,65.57,66.61,144.0,10.0,58.19,68.72,59.28,193,0,1.0,0,1.0,0.0,60.07
60.43,75.36,35.64,62.0,73.11,63.35,56.47,27.8,151.0,9.0,35.85,64.85,63.56,238,1,1.0,0,1.0,0.0,59.45
47.36,2.07,70.05,43.19,35.32,22.08,46.76,41.61,129.0,13.0,47.46,48.56,43.31,237,0,0.0,0,0.0,0.0,14.46
62.76,23.45,81.21,57.98,39.58,44.56,38.48,37.5,113.0,17.0,53.99,62.22,45.27,199,0,0.0,0,,0.0,24.1
69.96,59.18,63.51,54.69,74.42,68.92,40.8,29.16,159.0,14.0,25.87,33.81,35.41,89,0,0.0,1,0.0,1.0,49.52
79.83,77.29,36.61,63.22,86.16,67.63,77.68,69.85,130.0,2.0,69.81,61.74,82.42,233,0,1.0,0,1.0,1.0,69.14
56.4,37.72,65.24,80.54,43.05,46.65,74.98,93.04,152.0,2.0,71.78,99.68,62.56,144,0,0.0,0,0.0,1.0,57.76
76.64,56.04,47.65,88.99,48.44,58.17,98.32,76.75,137.0,0.0,80.26,78.04,67.71,194,1,0.0,0,0.0,0.0,53.82
55.18,25.5,69.61,32.2,55.0,49.04,46.81,60.47,148.0,8.0,40.75,39.63,36.92,210,0,0.0,0,0.0,0.0,31.38
74.19,64.92,53.06,82.77,56.11,57.61,47.32,55.34,142.0,5.0,69.62,74.57,57.57,102,0,0.0,0,0.0,0.0,52.91
78.4,59.25,67.97,87.97,81.84,67.57,53.4,58.28,140.0,9.0,61.68,51.3,49.72,279,0,1.0,0,1.0,0.0,68.59
30.65,31.04,23.07,24.39,60.27,37.01,52.58,60.89,145.0,10.0,41.29,58.73,37.46,364,0,0.0,0,1.0,0.0,24.8
46.01,80.72,18.29,43.68,63.09,44.38,31.67,47.56,130.0,16.0,49.17,59.82,,232,1,1.0,1,1.0,0.0,49.72
,59.78,72.09,70.18,63.13,56.47,47.44,52.5,106.0,7.0,66.02,82.08,54.3,347,1,0.0,0,1.0,0.0,52.03
84.63,70.79,51.2,100.0,80.57,66.3,63.36,52.5,144.0,2.0,61.12,44.5,67.7,244,1,1.0,0,0.0,0.0,65.38
67.03,74.67,66.96,81.91,73.36,61.7,59.96,53.47,159.0,1.0,75.08,61.66,58.47,124,0,0.0,1,0.0,1.0,67.15
,59.06,15.32,38.52,57.88,40.56,81.81,60.41,141.0,5.0,59.99,67.19,55.46,81,0,1.0,0,0.0,0.0,42.65
87.31,45.29,39.96,48.3,72.68,46.69,63.43,56.27,133.0,6.0,48.37,71.49,52.8,339,1,0.0,1,1.0,1.0,56.56
95.11,71.79,71.21,88.94,65.09,75.14,77.22,56.69,145.0,2.0,59.68,67.12,61.72,304,1,1.0,1,0.0,0.0,73.33
93.31,43.16,90.41,80.15,47.79,71.97,62.42,31.24,156.0,10.0,62.24,62.68,57.9,80,0,0.0,0,0.0,0.0,46.26
68.01,45.87,54.47,79.79,62.69,51.13,69.39,40.54,135.0,8.0,44.73,49.98,49.9,295,1,1.0,0,1.0,0.0,55.08
63.72,49.73,34.02,43.25,44.75,42.01,40.4,44.98,109.0,11.0,46.54,44.86,45.08,106,0,0.0,0,0.0,0.0,38.22
52.06,21.53,29.07,66.48,24.48,32.63,70.04,66.66,143.0,6.0,61.38,77.68,67.18,340,0,0.0,0,,0.0,37.63
78.28,49.3,39.47,57.02,61.54,49.02,47.33,48.4,143.0,4.0,61.97,61.52,37.71,213,0,0.0,0,0.0,0.0,50.57
59.75,49.02,51.51,72.81,66.65,59.99,53.63,13.08,141.0,9.0,51.02,45.0,56.55,203,1,0.0,0,0.0,1.0,52.44
49.48,67.7,37.73,60.99,78.29,48.73,73.99,74.22,131.0,5.0,69.8,69.03,57.86,231,0,1.0,1,1.0,,67.38
100.0,87.86,81.11,100.0,100.0,84.15,67.64,46.6,145.0,9.0,48.09,52.76,65.54,335,1,1.0,0,1.0,1.0,79.68
67.6,26.27,79.12,83.45,65.6,52.3,88.79,86.35,138.0,7.0,85.35,92.84,64.47,243,0,1.0,0,1.0,0.0,68.99
85.23,81.74,76.25,72.44,78.33,81.4,48.97,57.27,129.0,1.0,61.47,56.4,74.31,172,0,0.0,1,1.0,0.0,69.08
42.93,34.99,34.86,54.4,50.6,37.59,70.32,76.25,135.0,9.0,50.64,72.44,26.66,227,0,0.0,0,0.0,0.0,37.79
86.23,39.63,53.87,70.69,69.36,71.42,74.24,78.44,143.0,0.0,80.4,64.33,59.62,160,0,0.0,0,0.0,0.0,57.95
88.81,66.14,61.82,56.53,66.04,68.54,67.51,51.74,144.0,4.0,73.58,62.24,77.27,304,0,0.0,1,1.0,1.0,78.31
53.88,14.71,56.74,79.03,39.54,48.49,64.55,71.73,130.0,6.0,51.82,82.31,65.09,281,0,0.0,0,0.0,0.0,34.01
100.0,85.8,70.86,100.0,76.58,79.07,71.96,79.96,144.0,0.0,72.05,49.25,89.09,289,1,1.0,1,1.0,0.0,90.2
77.88,50.2,51.35,71.42,94.13,57.69,91.57,79.04,150.0,14.0,50.15,71.0,68.32,166,0,1.0,0,1.0,1.0,73.81
93.31,49.14,68.95,78.79,32.24,61.1,80.8,57.69,151.0,10.0,69.61,65.22,71.82,204,0,0.0,0,0.0,0.0,61.22
94.33,65.6,45.77,100.0,88.65,67.53,64.99,48.79,148.0,5.0,56.12,45.02,43.05,282,0,1.0,1,1.0,1.0,74.2
59.45,37.04,50.8,83.89,64.6,39.56,68.55,51.56,163.0,0.0,82.15,75.99,57.43,147,0,1.0,0,0.0,0.0,53.09
,52.2,42.18,45.19,57.09,52.81,44.93,51.12,149.0,12.0,43.73,56.59,52.79,80,0,0.0,0,0.0,0.0,35.89
63.26,34.8,39.18,62.28,43.88,44.84,,64.53,177.0,4.0,72.01,71.01,56.59,110,0,1.0,0,0.0,0.0,47.36
70.17,87.31,57.1,44.37,52.72,58.4,89.79,81.87,161.0,3.0,73.18,69.41,68.64,309,1,0.0,0,0.0,0.0,68.1
36.46,43.07,18.24,63.77,60.76,40.54,57.08,69.33,156.0,2.0,80.08,86.98,66.01,266,0,0.0,0,1.0,0.0,45.5
89.86,50.93,54.39,98.79,88.9,68.87,70.38,74.09,118.0,7.0,71.29,64.12,81.52,170,0,1.0,0,0.0,1.0,77.79
79.84,57.82,56.09,100.0,84.84,75.89,69.72,66.5,153.0,9.0,69.66,61.74,71.58,318,0,1.0,1,0.0,0.0,61.24
60.31,72.15,70.64,90.44,84.38,70.46,,64.51,157.0,6.0,73.5,74.47,71.54,301,1,1.0,1,1.0,0.0,79.01
66.12,42.72,63.73,72.2,57.31,54.19,94.44,71.97,142.0,0.0,79.43,70.91,77.99,230,0,0.0,0,0.0,1.0,59.22
81.51,80.77,84.64,69.23,83.18,80.51,66.72,69.58,102.0,4.0,72.46,64.78,66.74,80,1,0.0,1,0.0,0.0,72.33
,90.82,66.39,79.31,92.9,74.7,64.74,60.25,97.0,2.0,68.63,82.64,77.27,247,1,1.0,1,1.0,0.0,80.47
40.52,50.59,64.65,59.82,61.95,51.41,57.76,47.17,133.0,12.0,50.19,73.01,46.81,261,0,0.0,0,0.0,0.0,32.98
48.01,53.48,27.57,63.1,70.72,54.55,48.46,63.36,127.0,5.0,56.31,41.96,59.0,80,0,0.0,0,0.0,0.0,32.87
70.85,48.19,46.72,59.01,45.95,44.39,68.51,35.75,113.0,7.0,53.48,42.41,53.29,315,0,0.0,0,0.0,1.0,41.3
70.5,76.43,61.91,79.62,66.12,60.82,77.08,70.59,148.0,5.0,59.8,77.31,57.55,303,1,0.0,1,1.0,0.0,69.3
53.28,40.73,51.91,68.75,55.64,45.9,69.69,47.45,119.0,3.0,58.22,61.37,58.98,218,0,1.0,0,0.0,0.0,53.5
78.72,42.56,38.64,68.61,81.93,55.37,49.79,47.71,107.0,8.0,35.58,56.19,44.17,148,0,0.0,0,0.0,1.0,37.05
61.05,30.45,66.18,61.32,48.23,55.98,69.07,36.98,177.0,4.0,66.55,61.5,,253,0,0.0,0,0.0,0.0,39.81
88.35,15.87,51.86,88.52,49.55,43.67,87.78,79.63,151.0,3.0,85.91,74.81,55.93,239,0,0.0,0,0.0,0.0,44.11
84.21,43.3,67.91,95.58,85.06,66.95,55.02,32.73,130.0,6.0,58.0,50.5,60.89,255,0,1.0,1,1.0,1.0,70.48
56.79,58.49,50.58,63.52,59.87,50.28,91.48,61.03,117.0,2.0,74.55,92.28,59.97,236,0,0.0,0,0.0,0.0,54.29
86.35,77.97,52.44,83.69,86.5,82.39,,39.6,119.0,21.0,33.19,28.66,64.61,172,0,0.0,1,1.0,1.0,61.72
81.32,70.43,52.63,89.46,62.67,71.06,61.07,56.17,127.0,10.0,47.29,58.33,67.15,201,1,0.0,0,0.0,1.0,57.47
54.5,34.15,38.81,68.11,54.45,45.72,77.96,82.35,131.0,3.0,84.02,96.23,62.68,176,0,0.0,0,0.0,0.0,39.96
42.95,35.75,43.05,23.56,42.51,42.85,40.1,50.39,130.0,7.0,55.6,60.2,44.08,153,0,0.0,1,0.0,0.0,28.48
80.36,57.37,50.46,60.72,99.9,57.68,76.35,73.35,119.0,7.0,69.39,70.67,81.07,280,0,1.0,1,1.0,1.0,75.14
52.27,62.43,53.26,74.54,81.52,70.4,90.07,67.0,127.0,2.0,79.8,63.38,83.12,212,0,0.0,0,1.0,1.0,71.52
43.37,75.47,54.61,48.26,76.03,51.29,51.93,57.65,106.0,23.0,24.27,42.56,37.4,281,1,0.0,1,1.0,1.0,36.79
62.93,48.57,59.81,87.83,51.47,62.79,71.29,76.81,104.0,0.0,76.82,56.61,75.38,228,0,0.0,0,0.0,0.0,50.41
83.56,60.25,46.91,100.0,51.88,65.18,87.07,78.87,,3.0,60.41,44.81,63.08,336,1,0.0,0,1.0,1.0,71.23
43.8,25.46,14.94,35.53,39.38,31.22,85.87,95.95,131.0,2.0,80.62,74.66,60.99,89,0,0.0,0,0.0,0.0,36.69
78.95,37.8,70.47,51.59,94.68,70.26,60.95,40.53,133.0,5.0,51.77,53.07,39.57,318,0,1.0,0,0.0,1.0,55.96
81.44,68.04,83.39,78.8,80.01,79.27,66.98,58.28,148.0,5.0,57.57,64.21,75.22,266,1,1.0,0,1.0,1.0,85.09
70.05,63.47,76.01,70.09,82.32,68.07,62.79,48.75,146.0,9.0,39.12,60.19,51.09,218,0,1.0,0,1.0,1.0,61.81
77.99,35.47,65.65,92.21,48.73,54.56,,58.9,149.0,5.0,47.53,56.1,50.49,187,0,0.0,0,1.0,0.0,57.13
62.47,45.74,61.96,53.13,55.62,53.5,87.26,76.15,137.0,6.0,74.82,73.35,53.29,145,0,0.0,1,0.0,0.0,45.14
49.08,34.7,56.42,65.47,51.9,45.3,53.43,60.05,149.0,8.0,60.03,42.75,52.12,187,0,1.0,0,0.0,0.0,33.11
27.71,39.7,30.26,67.66,68.81,41.33,61.52,73.8,100.0,3.0,54.69,43.51,51.03,229,0,0.0,0,1.0,1.0,37.61
78.58,60.35,56.49,83.37,83.05,72.29,53.57,52.43,148.0,7.0,52.46,68.69,46.36,392,1,1.0,1,1.0,1.0,65.48
94.3,59.65,43.31,80.43,49.01,64.58,66.82,48.6,139.0,3.0,68.75,46.75,64.0,247,0,0.0,0,0.0,0.0,57.97
68.39,43.41,66.76,73.18,74.56,60.45,89.4,52.15,160.0,9.0,57.26,56.24,64.38,214,0,1.0,0,1.0,1.0,60.65
86.47,72.65,84.42,99.28,51.11,69.0,63.35,58.63,91.0,8.0,59.11,48.5,74.55,130,0,0.0,0,0.0,,60.87
58.68,52.62,62.91,55.71,44.55,54.0,75.18,61.28,157.0,4.0,61.02,44.34,53.7,175,0,0.0,1,0.0,0.0,50.51
35.45,67.0,37.22,66.3,59.44,37.38,67.98,63.02,110.0,9.0,45.62,62.05,53.87,202,1,0.0,0,0.0,0.0,36.22
51.08,22.56,15.24,57.21,71.88,33.04,34.22,55.68,155.0,13.0,52.05,70.54,23.21,182,0,1.0,0,0.0,1.0,33.95
53.05,35.47,46.62,36.31,70.51,49.45,67.66,40.19,124.0,,63.17,64.21,57.88,245,0,1.0,0,1.0,0.0,46.53
,70.26,50.3,69.09,80.93,70.17,73.09,53.59,148.0,9.0,72.15,62.44,,278,1,1.0,0,1.0,1.0,74.35
68.53,64.56,41.62,60.06,66.64,56.98,37.97,52.49,134.0,5.0,69.45,43.34,55.77,357,1,1.0,0,0.0,1.0,59.23
92.31,72.23,55.34,68.4,84.36,72.58,63.02,64.09,157.0,7.0,59.86,57.9,62.53,204,1,1.0,1,1.0,1.0,81.7
53.66,67.8,48.08,55.78,47.61,54.14,85.91,76.17,145.0,3.0,66.38,91.95,82.66,202,0,0.0,0,0.0,1.0,54.75
61.05,51.84,37.16,72.08,86.76,59.48,74.0,75.83,169.0,1.0,90.23,85.93,64.72,250,0,1.0,0,1.0,1.0,62.57
58.74,37.75,55.61,76.3,51.2,48.54,46.51,46.0,123.0,20.0,37.2,45.43,49.59,228,0,0.0,0,0.0,0.0,35.38
52.19,62.75,44.69,58.6,64.96,46.75,68.91,65.74,121.0,5.0,57.85,62.97,52.24,276,1,0.0,1,1.0,,49.67
68.93,56.34,46.4,61.69,54.93,56.77,20.14,25.69,121.0,7.0,42.99,47.33,32.24,291,0,0.0,0,0.0,0.0,42.21
73.13,59.33,77.37,55.21,53.3,73.42,81.61,46.23,153.0,3.0,66.83,70.26,59.5,231,1,0.0,0,0.0,0.0,67.6
39.43,57.83,31.24,60.02,63.71,39.84,70.48,76.59,152.0,14.0,49.73,59.49,42.5,162,0,0.0,1,0.0,1.0,46.07
59.73,46.71,18.41,78.14,58.55,45.28,67.48,48.51,116.0,8.0,48.37,79.78,58.52,225,0,0.0,0,0.0,1.0,45.32
61.25,36.05,91.66,91.0,57.36,57.05,100.0,82.5,129.0,7.0,69.94,84.26,84.94,80,0,0.0,0,0.0,0.0,55.95
56.11,62.12,26.51,46.88,54.51,61.75,58.7,45.76,143.0,5.0,43.11,52.74,60.88,237,0,1.0,1,0.0,0.0,52.47
56.23,56.17,35.13,72.62,66.11,45.75,58.74,67.76,161.0,3.0,71.1,76.87,51.05,244,0,,0,1.0,1.0,52.32
39.32,25.22,19.45,33.51,61.02,31.65,66.47,67.3,127.0,3.0,59.13,65.04,42.84,221,0,0.0,0,1.0,0.0,42.41
72.79,58.02,58.89,53.8,81.39,59.77,56.56,72.88,112.0,12.0,56.75,61.82,57.8,241,0,1.0,0,1.0,1.0,60.61
68.88,63.99,51.5,51.28,73.65,51.93,72.46,83.36,158.0,6.0,70.95,52.46,50.69,252,0,0.0,0,1.0,0.0,59.25
79.59,68.64,62.16,58.57,57.79,55.68,55.3,37.83,106.0,6.0,55.59,53.06,62.81,228,0,0.0,1,0.0,0.0,53.02
82.99,36.47,64.8,79.05,72.96,64.7,76.91,57.89,,9.0,73.24,75.54,71.54,279,0,0.0,0,1.0,0.0,51.24
40.03,50.44,9.28,34.34,49.75,39.33,43.74,60.67,97.0,5.0,57.37,45.17,34.74,222,0,0.0,0,0.0,0.0,31.27
62.83,27.35,59.88,54.4,63.76,46.07,51.47,50.81,135.0,13.0,39.42,43.67,60.78,255,0,1.0,0,0.0,0.0,38.62
87.3,64.18,67.26,68.72,58.94,74.93,63.83,41.06,132.0,15.0,42.32,46.78,49.3,225,0,0.0,1,0.0,0.0,57.47
43.57,53.7,13.96,40.66,67.23,27.51,43.22,64.06,122.0,13.0,58.61,40.02,40.52,191,0,0.0,1,1.0,0.0,31.52
50.34,49.92,39.55,45.17,71.33,40.46,48.45,37.83,163.0,10.0,55.19,24.98,54.25,254,1,0.0,0,0.0,0.0,37.63
65.18,56.67,76.38,71.62,44.15,53.67,27.34,28.46,132.0,22.0,18.88,21.23,44.26,356,1,0.0,0,0.0,0.0,39.48
52.7,33.81,18.27,72.26,47.75,38.84,63.44,66.47,136.0,8.0,58.08,46.47,44.43,263,0,0.0,0,0.0,0.0,38.83
71.07,58.77,50.36,92.99,58.18,56.7,66.85,43.17,135.0,14.0,42.68,56.98,51.35,242,1,1.0,0,0.0,0.0,56.71
91.8,45.57,67.21,84.04,62.14,63.71,87.05,86.4,128.0,2.0,86.12,58.77,63.73,240,1,1.0,0,1.0,0.0,64.11
91.45,59.85,97.46,75.0,60.74,76.26,78.97,56.47,174.0,6.0,79.09,67.54,76.26,269,0,0.0,0,1.0,1.0,77.05
51.61,12.83,34.01,45.58,43.32,42.62,63.32,52.92,132.0,,69.27,43.84,62.51,258,0,0.0,0,0.0,0.0,30.59
,63.72,77.22,90.13,63.53,71.36,66.9,49.13,173.0,5.0,54.72,65.84,44.38,217,1,0.0,1,0.0,0.0,52.97
80.09,74.75,60.37,60.67,64.54,66.35,68.77,29.37,125.0,11.0,50.82,63.98,66.94,289,1,1.0,1,1.0,1.0,77.0
93.35,62.69,72.19,87.01,82.52,73.44,92.46,76.05,143.0,1.0,76.6,76.68,71.89,258,0,1.0,0,1.0,0.0,76.35
87.52,67.89,41.26,93.79,80.0,74.21,50.18,61.0,128.0,2.0,53.25,54.56,57.98,440,1,1.0,0,1.0,1.0,79.46
100.0,78.75,53.11,76.69,67.17,83.71,48.51,42.17,122.0,7.0,65.36,60.5,53.76,323,1,1.0,0,1.0,1.0,77.2
63.23,57.89,52.69,100.0,74.56,64.63,69.09,41.61,136.0,9.0,32.66,50.07,51.01,254,0,0.0,1,0.0,1.0,57.09
80.82,63.67,72.25,71.55,67.82,64.38,57.65,38.49,168.0,12.0,49.92,46.81,76.82,184,0,1.0,0,0.0,0.0,63.66
57.47,83.36,73.85,86.57,77.89,70.66,83.08,72.07,165.0,4.0,52.41,43.01,64.53,208,1,0.0,1,0.0,1.0,66.95
72.87,47.8,47.38,65.97,63.15,58.76,55.67,60.94,138.0,12.0,59.62,59.27,55.96,408,1,1.0,0,0.0,0.0,58.84
83.77,38.24,70.82,60.13,56.01,55.56,79.4,78.43,116.0,11.0,89.67,69.04,59.31,214,0,0.0,0,0.0,0.0,44.04
71.31,60.88,50.97,78.19,75.14,66.82,63.01,75.61,145.0,0.0,80.94,86.34,91.57,281,0,0.0,0,1.0,1.0,73.76
57.16,74.42,56.87,87.54,66.37,63.3,93.2,81.24,133.0,2.0,84.29,81.71,79.4,185,1,1.0,1,0.0,0.0,81.07
80.36,50.19,79.07,100.0,74.51,75.66,62.48,80.08,121.0,3.0,69.11,54.31,66.35,217,0,0.0,0,0.0,0.0,67.42
59.47,28.35,48.64,63.91,64.11,41.5,58.38,47.92,150.0,6.0,54.19,65.94,58.49,80,0,0.0,0,0.0,1.0,38.46
72.25,38.39,65.11,36.91,51.01,41.69,73.01,54.14,117.0,8.0,49.22,30.68,56.6,213,0,1.0,0,0.0,0.0,54.66
68.24,35.48,36.31,70.62,69.71,47.96,80.87,85.0,143.0,9.0,53.71,69.8,57.13,267,0,1.0,0,1.0,0.0,49.03
82.76,33.15,28.99,82.61,87.8,56.07,75.49,62.34,149.0,9.0,54.7,42.25,59.12,317,0,1.0,0,0.0,0.0,52.8
70.33,38.86,79.09,65.7,80.65,50.79,62.95,71.08,151.0,5.0,69.07,62.3,41.87,234,0,1.0,0,0.0,1.0,58.95
66.42,70.57,22.65,56.16,58.17,48.89,29.83,54.22,111.0,8.0,39.73,44.18,36.41,227,1,0.0,0,0.0,0.0,42.72
89.58,75.78,63.32,71.18,65.34,77.99,82.18,62.64,172.0,2.0,75.88,82.74,70.06,196,0,1.0,1,0.0,0.0,76.01
53.22,74.25,24.29,60.36,57.97,53.82,43.45,44.07,141.0,9.0,59.1,63.36,53.38,215,0,0.0,1,1.0,0.0,50.2
74.18,75.72,17.79,72.28,44.84,54.8,58.71,61.37,138.0,5.0,61.26,54.43,53.75,285,1,0.0,1,0.0,0.0,49.72
71.79,29.4,42.37,78.88,60.73,43.89,50.97,72.1,113.0,6.0,50.01,53.14,53.85,80,0,0.0,0,0.0,0.0,21.83
76.08,48.17,60.48,50.61,75.43,67.06,70.49,83.29,124.0,62.0,78.53,92.36,68.74,293,0,0.0,0,1.0,1.0,72.77
58.58,47.45,36.52,48.61,53.95,43.94,81.71,87.85,134.0,1.0,84.16,63.4,55.26,239,1,1.0,0,0.0,,60.94
81.31,25.79,58.39,42.28,35.84,48.69,46.63,57.06,135.0,6.0,45.73,58.11,61.46,205,0,0.0,0,0.0,0.0,41.29
34.79,58.33,25.4,77.17,47.18,44.29,58.15,69.67,144.0,8.0,55.35,75.2,46.64,211,1,0.0,1,1.0,0.0,46.64
84.42,74.66,60.41,80.33,87.46,73.4,36.86,27.33,128.0,12.0,,27.65,56.38,237,1,1.0,0,0.0,0.0,59.87
59.46,73.35,54.55,34.14,69.72,66.81,82.73,65.88,167.0,3.0,68.38,67.01,56.43,210,1,1.0,1,1.0,0.0,64.16
90.62,72.41,45.27,73.39,87.25,73.28,28.94,44.65,127.0,10.0,51.37,56.53,59.08,224,1,1.0,0,0.0,1.0,68.03
72.6,66.78,63.49,64.68,100.0,70.8,63.78,50.05,142.0,7.0,56.26,64.36,46.21,200,0,1.0,0,1.0,1.0,71.08
57.11,100.0,35.72,54.88,76.23,62.06,54.79,42.78,158.0,7.0,52.27,35.82,74.94,291,1,0.0,1,1.0,0.0,68.71
71.12,54.62,56.99,87.25,41.62,59.23,70.99,69.42,129.0,10.0,58.58,60.32,67.79,305,0,0.0,0,0.0,1.0,55.4
78.28,57.79,51.9,80.08,49.15,57.61,73.68,70.58,115.0,2.0,59.07,86.11,59.11,213,1,0.0,1,0.0,0.0,64.23
36.45,22.35,34.95,45.16,43.48,33.54,34.82,45.77,127.0,9.0,47.75,46.79,43.15,188,0,1.0,0,0.0,0.0,24.57
47.98,77.8,15.67,43.83,60.3,45.38,64.35,65.11,155.0,1.0,61.68,61.28,41.5,213,0,0.0,0,1.0,0.0,51.17
57.39,57.98,57.55,53.69,55.33,50.5,64.41,55.24,140.0,,41.25,42.26,50.03,164,0,1.0,1,0.0,0.0,45.55
66.91,36.46,78.8,60.53,53.08,49.75,64.1,78.0,151.0,6.0,77.64,100.0,66.39,231,0,0.0,0,0.0,0.0,42.56
92.42,76.5,52.54,64.31,62.86,66.47,68.78,53.19,115.0,3.0,82.83,75.59,73.56,264,1,0.0,1,1.0,1.0,74.78
53.46,71.11,51.75,70.7,76.13,57.13,54.4,35.86,108.0,9.0,43.59,68.44,51.76,87,0,0.0,0,1.0,1.0,53.57
100.0,72.06,53.58,80.79,89.62,85.79,51.3,63.3,147.0,3.0,71.22,60.4,70.42,323,0,1.0,1,1.0,1.0,82.68
76.79,56.14,69.66,50.6,84.94,70.96,83.91,88.04,147.0,1.0,88.16,80.61,86.26,188,0,1.0,0,1.0,1.0,79.63
60.98,56.99,18.0,44.13,75.39,47.92,75.87,60.3,124.0,3.0,68.71,63.87,67.46,249,0,1.0,0,1.0,0.0,56.07
50.12,48.97,56.95,53.67,43.04,44.81,44.86,55.47,115.0,10.0,67.3,62.58,30.06,172,0,0.0,0,0.0,0.0,29.92
61.03,72.47,49.33,81.02,62.0,63.22,62.74,61.49,135.0,8.0,62.73,75.95,60.57,308,1,1.0,1,0.0,0.0,65.03
82.84,86.63,47.68,87.52,73.13,82.22,55.09,69.8,136.0,6.0,63.34,71.3,65.73,209,0,0.0,1,1.0,0.0,65.23
72.39,50.0,68.14,78.43,79.28,68.19,52.27,79.6,220.0,5.0,55.51,81.12,45.23,324,1,0.0,0,0.0,1.0,50.56
67.56,77.98,39.42,76.39,74.63,51.9,53.01,47.69,136.0,2.0,44.17,44.03,38.96,279,0,0.0,1,0.0,0.0,52.42
58.85,42.85,22.95,45.34,52.38,47.36,63.41,46.47,112.0,18.0,47.34,47.84,66.73,198,0,0.0,0,0.0,1.0,41.89
32.15,55.19,30.4,63.46,67.38,49.78,64.59,87.66,127.0,7.0,55.83,81.68,47.49,353,0,1.0,1,0.0,0.0,58.69
68.54,77.79,43.66,67.8,65.33,74.29,69.5,46.25,115.0,9.0,49.5,66.99,60.14,217,0,1.0,0,0.0,1.0,70.08
69.32,72.34,32.13,86.58,74.81,59.22,63.69,85.57,136.0,3.0,59.16,58.5,50.72,184,1,0.0,1,0.0,1.0,66.04
66.25,79.6,40.63,52.0,80.72,62.36,44.77,50.64,124.0,8.0,69.28,63.77,60.01,383,1,1.0,0,0.0,1.0,64.75
95.48,65.5,65.93,60.25,80.39,74.12,74.01,91.82,,2.0,89.85,88.35,76.61,301,1,0.0,0,0.0,1.0,79.52
54.58,47.23,41.25,66.31,68.4,45.44,71.86,62.53,145.0,6.0,59.51,68.13,75.55,258,0,0.0,0,0.0,1.0,51.59
65.52,51.22,33.52,80.65,84.62,50.89,65.43,71.31,115.0,5.0,90.11,76.88,56.93,281,0,0.0,0,1.0,1.0,58.07
62.19,50.16,41.14,95.5,47.44,54.06,51.93,49.8,153.0,5.0,69.13,57.92,60.22,256,0,0.0,0,0.0,1.0,46.95
61.92,72.16,69.48,40.41,75.17,53.31,60.39,74.19,134.0,10.0,48.96,66.56,34.51,255,0,1.0,1,0.0,0.0,45.75
75.32,46.72,68.05,71.32,67.09,52.94,72.72,68.79,153.0,6.0,69.34,71.2,47.07,187,0,0.0,0,1.0,0.0,57.3
55.72,64.93,24.83,52.3,53.24,52.63,55.43,51.2,114.0,13.0,40.06,48.1,63.06,105,0,0.0,1,0.0,0.0,40.13
74.05,55.07,56.11,72.37,73.59,64.24,81.32,78.95,152.0,1.0,63.03,40.02,78.09,242,1,1.0,1,0.0,0.0,76.19
64.84,41.7,61.16,88.75,75.12,65.72,68.39,72.02,176.0,6.0,56.53,61.57,66.6,248,0,0.0,0,1.0,0.0,41.95
57.56,49.65,28.7,75.3,52.45,49.81,58.53,60.64,148.0,5.0,45.47,58.31,62.02,273,0,0.0,0,0.0,0.0,49.38
91.34,50.73,61.93,58.01,92.39,67.8,76.03,47.66,129.0,3.0,72.34,54.56,57.8,245,1,0.0,0,1.0,1.0,73.42
71.32,89.33,48.42,89.62,55.87,73.51,79.51,56.96,161.0,12.0,64.63,73.81,86.83,123,1,0.0,0,0.0,0.0,66.62
80.48,42.82,95.13,100.0,77.69,68.12,,60.07,,4.0,46.49,52.32,52.52,341,0,1.0,0,0.0,0.0,70.06
80.02,59.84,43.5,67.08,50.26,55.28,73.44,79.26,148.0,10.0,68.33,76.15,65.41,355,1,1.0,0,0.0,0.0,51.12
46.65,30.87,53.99,26.47,39.24,38.34,70.03,86.91,180.0,9.0,48.2,68.86,78.34,172,0,0.0,0,0.0,0.0,34.19
83.8,71.31,43.53,67.33,69.12,66.76,55.81,52.61,127.0,10.0,67.04,73.76,51.81,324,1,1.0,0,1.0,1.0,70.66
77.51,83.12,0.0,68.77,62.6,55.22,40.88,45.13,144.0,13.0,54.95,38.92,62.54,213,1,0.0,0,0.0,0.0,51.24
83.3,87.3,50.89,80.44,37.13,56.26,65.32,55.1,175.0,8.0,,46.77,67.83,145,0,0.0,1,0.0,0.0,61.11
79.73,71.99,63.29,45.08,73.19,64.38,81.62,76.3,159.0,4.0,76.77,70.37,64.6,257,1,0.0,1,1.0,0.0,69.85
77.02,63.05,67.69,62.43,79.33,66.19,92.89,92.32,155.0,4.0,74.88,90.86,94.76,198,1,1.0,1,1.0,1.0,81.63
58.99,64.18,52.01,74.09,54.94,56.55,71.77,69.08,104.0,6.0,63.5,44.45,52.04,216,0,0.0,0,0.0,1.0,51.33
78.82,78.38,66.74,97.95,69.19,68.86,81.03,68.11,123.0,2.0,90.58,67.83,73.85,263,1,0.0,0,0.0,0.0,63.18
59.92,42.42,63.53,83.44,66.73,58.85,62.61,43.8,154.0,15.0,45.97,48.78,62.01,150,0,0.0,0,0.0,0.0,54.31
89.97,45.06,67.59,94.76,50.07,53.65,91.56,48.6,137.0,4.0,74.8,55.83,67.69,278,0,0.0,0,0.0,0.0,65.21
76.21,35.47,53.0,77.13,44.24,54.67,89.99,81.43,133.0,4.0,68.33,78.36,98.32,122,0,0.0,0,0.0,0.0,50.78
92.96,70.56,64.49,93.48,83.23,85.55,65.04,20.58,160.0,,58.41,45.35,56.42,210,0,1.0,1,1.0,0.0,73.89
44.23,29.25,5.65,48.48,61.16,,57.62,67.88,149.0,2.0,56.96,84.2,61.29,242,0,0.0,0,0.0,0.0,27.78
68.88,26.72,33.0,67.78,65.03,47.09,,81.36,124.0,7.0,68.97,71.75,33.91,270,0,1.0,0,0.0,0.0,40.77
56.01,,38.52,48.74,76.09,51.8,63.71,75.46,152.0,4.0,,46.02,27.77,192,1,0.0,1,0.0,1.0,61.26
69.72,57.14,26.33,85.92,88.2,56.71,72.56,40.62,122.0,1.0,65.19,66.8,62.34,217,0,0.0,0,0.0,1.0,62.86
28.22,37.84,20.2,36.35,56.68,26.26,44.87,56.68,107.0,10.0,36.89,59.8,43.09,151,0,0.0,0,0.0,0.0,21.39
55.53,20.78,45.52,67.42,40.54,52.36,91.73,71.68,148.0,3.0,73.67,82.96,82.88,165,0,0.0,0,0.0,0.0,44.24
72.81,17.76,74.46,71.51,67.08,56.85,80.42,66.01,118.0,8.0,79.04,49.76,83.23,228,0,0.0,0,0.0,0.0,52.11
55.71,49.53,45.73,68.3,56.37,45.98,73.35,75.02,117.0,1.0,50.56,76.51,57.05,186,0,0.0,1,0.0,0.0,41.39
81.08,64.26,28.47,60.17,68.54,53.27,61.29,46.6,120.0,13.0,38.02,46.53,56.44,189,0,0.0,1,0.0,0.0,49.07
64.58,37.34,67.31,59.0,79.25,56.98,60.37,78.56,141.0,11.0,54.78,59.07,58.36,217,0,1.0,0,0.0,1.0,64.74
54.88,45.33,35.42,71.91,82.62,38.2,58.91,67.25,152.0,6.0,65.04,58.21,65.64,389,0,1.0,0,0.0,0.0,54.87
96.37,58.01,41.94,78.48,38.25,66.08,77.09,72.41,135.0,9.0,72.51,51.44,55.93,330,1,1.0,0,0.0,0.0,54.41
66.86,37.48,42.33,81.14,55.35,47.11,75.18,83.28,118.0,4.0,59.29,71.26,51.17,173,0,0.0,0,0.0,1.0,52.13
67.02,44.1,82.32,58.57,62.74,61.53,50.98,62.57,116.0,9.0,54.02,55.68,63.06,143,0,0.0,0,0.0,0.0,47.02
77.77,65.35,78.02,59.21,85.09,72.47,58.07,53.2,109.0,13.0,46.08,46.69,69.87,268,1,1.0,0,0.0,1.0,74.06
57.94,55.0,50.0,46.4,32.5,52.97,100.0,56.2,156.0,6.0,45.42,61.28,78.67,117,1,0.0,1,0.0,0.0,51.77
63.76,31.42,52.77,49.84,19.3,44.7,,28.69,120.0,7.0,40.27,33.96,43.55,290,0,0.0,0,0.0,0.0,42.08
60.46,19.87,38.97,70.92,55.31,47.26,76.16,55.31,144.0,12.0,62.91,74.97,53.93,161,0,0.0,1,0.0,0.0,47.36
70.75,59.39,35.59,87.01,79.45,65.55,35.02,61.36,102.0,8.0,54.39,58.68,58.03,264,0,1.0,1,1.0,0.0,59.19
97.38,57.26,68.4,61.12,47.95,63.32,72.12,54.31,162.0,4.0,59.28,58.06,52.03,286,0,0.0,0,0.0,0.0,58.33
76.22,59.42,56.28,100.0,70.59,77.54,100.0,93.2,143.0,5.0,97.66,90.64,100.0,337,1,0.0,0,0.0,0.0,79.85
61.15,32.98,60.65,75.8,65.49,54.6,46.44,42.6,107.0,12.0,31.87,43.86,40.96,889,0,0.0,0,1.0,1.0,39.03
76.65,57.19,68.96,43.05,41.17,57.31,84.53,85.0,130.0,11.0,85.75,92.77,67.21,257,0,0.0,0,0.0,0.0,57.74
88.9,40.23,50.9,58.62,71.58,54.05,65.36,60.21,142.0,9.0,71.41,59.52,67.25,410,0,1.0,0,1.0,1.0,62.01
74.0,6.38,42.56,38.98,50.83,39.29,83.92,67.39,125.0,3.0,69.7,59.82,52.46,111,0,0.0,0,0.0,0.0,30.56
75.95,87.17,52.46,72.82,56.92,68.5,73.68,49.86,146.0,8.0,47.35,30.98,51.59,215,1,0.0,1,1.0,0.0,67.24
50.96,19.62,29.69,52.99,37.22,34.66,86.97,82.87,164.0,9.0,50.25,68.43,66.58,218,0,0.0,0,0.0,0.0,32.18
51.75,72.79,56.96,72.75,50.74,67.22,,94.5,154.0,,68.17,44.87,52.93,178,0,1.0,1,0.0,0.0,70.04
28.31,46.58,10.74,5.44,35.21,24.42,54.68,63.5,136.0,6.0,40.51,65.19,41.48,150,0,0.0,1,0.0,0.0,22.04
89.36,81.05,49.57,54.02,63.58,71.17,44.63,31.48,161.0,6.0,56.4,22.26,56.82,319,1,1.0,0,0.0,0.0,57.74
50.67,100.0,0.0,44.87,59.52,43.54,47.6,42.34,139.0,7.0,67.67,59.55,30.32,372,1,1.0,1,1.0,0.0,53.99
32.66,23.56,43.65,46.63,39.82,46.08,68.95,57.32,136.0,5.0,49.77,80.51,43.06,268,0,0.0,0,0.0,0.0,30.99
93.75,40.29,52.07,44.57,87.08,54.8,62.73,51.16,136.0,9.0,53.9,57.17,59.22,234,0,1.0,0,1.0,1.0,61.63
56.07,17.69,86.09,42.53,76.92,64.2,68.78,84.43,140.0,4.0,65.99,75.69,75.93,215,0,0.0,0,1.0,1.0,60.34
50.75,83.7,37.08,70.99,61.26,55.37,83.7,71.99,149.0,0.0,76.13,80.73,59.43,154,0,0.0,1,1.0,0.0,58.54
53.64,31.61,46.7,40.48,52.1,29.04,61.75,58.99,122.0,12.0,46.14,60.75,35.16,305,0,0.0,0,0.0,0.0,34.15
71.35,59.26,69.86,78.23,66.35,71.73,81.65,73.97,161.0,6.0,78.08,92.68,79.32,263,0,0.0,0,1.0,1.0,66.9
62.13,8.51,49.53,37.69,39.55,37.94,67.13,67.97,162.0,7.0,55.63,69.33,59.04,198,0,0.0,0,0.0,0.0,24.03
95.3,46.22,89.11,98.05,84.8,72.39,63.29,72.61,182.0,3.0,75.22,67.12,76.15,225,0,0.0,0,0.0,1.0,57.91
63.41,41.79,64.91,29.64,43.34,52.65,62.18,59.19,107.0,6.0,55.26,42.18,57.16,231,0,1.0,0,0.0,0.0,53.43
75.89,69.34,35.75,70.94,81.1,66.16,75.51,68.04,140.0,6.0,57.19,66.07,59.44,264,1,1.0,0,1.0,0.0,70.99
80.9,,82.84,91.14,56.41,66.3,47.89,25.2,121.0,14.0,29.68,50.07,58.29,199,0,0.0,0,0.0,0.0,48.04
37.24,22.01,59.34,67.87,44.85,46.25,59.91,46.57,149.0,6.0,42.39,67.55,48.38,155,0,0.0,0,0.0,0.0,28.56
71.35,49.91,39.16,57.54,74.97,56.48,51.96,51.71,158.0,6.0,58.41,57.31,60.48,303,1,1.0,0,0.0,1.0,64.75
66.61,58.86,70.81,54.07,59.09,63.28,83.12,86.94,141.0,0.0,73.18,74.21,64.1,193,0,1.0,0,1.0,1.0,70.31
68.78,74.6,72.25,71.13,54.87,61.58,73.69,88.44,134.0,2.0,67.97,80.4,62.48,252,1,0.0,1,0.0,0.0,61.54
60.16,50.37,44.9,40.78,64.28,54.85,69.99,83.39,130.0,6.0,52.38,78.78,63.07,126,0,1.0,0,0.0,0.0,52.8
56.51,40.64,41.85,57.43,43.8,41.31,67.6,56.73,135.0,9.0,53.64,64.68,31.49,244,0,0.0,0,0.0,0.0,38.69
76.48,57.26,27.78,56.8,70.95,48.33,56.54,48.07,144.0,11.0,46.09,59.5,63.07,146,0,0.0,1,0.0,1.0,48.14
67.2,50.77,72.68,68.44,79.84,61.2,45.44,51.18,142.0,11.0,45.52,42.43,50.4,207,0,1.0,0,0.0,0.0,58.17
81.36,74.3,68.44,87.22,47.79,65.64,89.39,90.09,169.0,8.0,76.01,76.6,44.57,222,1,0.0,0,0.0,0.0,56.43
56.34,58.08,23.68,49.82,73.56,54.65,58.55,52.36,135.0,7.0,52.77,40.27,55.75,199,1,0.0,0,0.0,,53.22
61.75,45.47,63.34,41.25,67.38,45.0,21.89,34.81,149.0,12.0,26.56,37.88,29.08,391,0,0.0,0,1.0,1.0,45.69
70.99,49.32,51.5,58.89,43.55,58.84,70.37,67.14,123.0,6.0,68.97,72.59,52.25,207,1,0.0,1,1.0,0.0,48.44
71.28,59.59,37.94,72.34,75.47,54.55,89.65,69.55,119.0,3.0,84.28,78.02,89.85,224,0,0.0,0,1.0,1.0,68.99
65.57,82.21,44.4,61.1,51.93,44.07,95.35,72.81,161.0,7.0,71.48,74.53,73.92,127,0,0.0,1,0.0,0.0,59.18
59.61,61.02,49.14,53.54,69.56,48.14,58.26,79.75,145.0,6.0,59.5,65.47,51.26,347,1,0.0,0,0.0,0.0,53.96
71.24,37.83,61.74,57.58,57.02,51.83,92.79,76.71,133.0,9.0,82.93,76.68,70.52,200,0,0.0,0,0.0,0.0,53.16
67.87,51.19,33.66,44.81,36.32,48.73,47.15,57.62,120.0,5.0,60.8,75.4,52.44,128,0,0.0,1,0.0,0.0,38.63
45.46,49.29,53.92,42.57,74.28,48.92,53.86,44.16,129.0,16.0,34.21,55.55,30.38,318,0,0.0,0,1.0,0.0,35.92
61.35,23.28,49.39,54.27,33.7,33.89,65.91,78.78,143.0,6.0,64.48,80.21,77.16,245,0,0.0,0,0.0,0.0,42.75
70.6,35.37,71.58,81.05,48.32,50.71,67.62,64.6,142.0,12.0,66.93,64.72,58.74,208,0,0.0,0,0.0,0.0,52.64
63.63,80.67,13.75,62.39,58.58,45.86,64.04,48.81,113.0,6.0,59.4,48.0,71.88,290,1,1.0,0,1.0,0.0,53.79
74.69,65.1,59.64,58.81,55.87,62.17,55.76,70.57,115.0,4.0,46.85,70.2,46.36,241,1,0.0,1,0.0,0.0,55.9
82.98,39.63,65.83,90.83,80.52,63.86,63.64,50.71,141.0,7.0,47.9,65.34,64.08,287,0,0.0,0,0.0,0.0,44.9
58.92,36.36,67.0,62.39,43.24,53.04,55.73,48.06,148.0,5.0,66.09,55.47,43.37,284,0,0.0,0,0.0,0.0,43.1
74.53,73.43,77.76,54.86,82.41,59.51,50.33,96.2,123.0,9.0,70.97,83.85,28.09,80,0,0.0,0,1.0,1.0,60.17
40.65,51.6,23.77,6.11,56.75,34.07,74.48,82.57,115.0,2.0,73.17,77.63,64.46,177,1,0.0,0,0.0,0.0,44.68
53.16,41.83,62.21,47.25,39.48,58.57,69.54,66.74,140.0,2.0,73.21,69.23,65.1,202,0,0.0,0,0.0,0.0,52.41
48.58,58.71,31.37,71.66,68.21,53.49,79.42,67.63,101.0,8.0,65.34,72.23,57.51,148,0,0.0,0,0.0,1.0,39.24
76.39,36.83,28.91,70.75,57.53,47.57,57.88,86.02,131.0,5.0,56.33,54.24,18.11,158,0,0.0,0,0.0,0.0,39.36
39.76,19.53,55.99,39.24,40.99,30.0,86.75,68.83,153.0,8.0,53.3,57.95,49.11,259,0,1.0,0,0.0,0.0,36.44
100.0,46.73,75.7,92.65,100.0,82.41,81.23,94.35,137.0,3.0,80.08,72.26,80.06,352,0,0.0,0,1.0,1.0,88.71
79.61,33.99,94.99,91.59,81.57,77.43,62.89,40.83,111.0,2.0,46.44,43.67,52.06,216,0,0.0,0,0.0,0.0,55.8
90.82,75.06,90.97,95.22,77.99,73.02,83.12,73.06,169.0,5.0,74.08,79.49,74.48,201,0,0.0,1,0.0,0.0,74.04
37.45,38.67,46.0,72.63,64.54,38.03,55.82,66.87,138.0,10.0,70.42,78.91,44.05,111,0,0.0,0,0.0,0.0,24.34
58.55,33.29,59.9,79.96,46.1,50.64,84.41,77.64,145.0,10.0,64.98,64.38,,298,0,0.0,0,0.0,0.0,37.29
91.39,54.25,72.9,80.2,75.77,72.14,90.0,81.55,158.0,2.0,77.37,61.73,74.26,282,0,1.0,0,0.0,0.0,80.71
,64.2,62.43,80.81,80.23,72.63,85.8,92.54,139.0,2.0,83.93,100.0,54.14,296,1,1.0,0,0.0,0.0,76.11
66.64,50.65,51.34,62.7,57.63,65.04,61.53,51.21,134.0,1.0,63.24,73.52,66.07,223,0,0.0,0,0.0,0.0,54.35
47.03,33.16,63.24,77.28,39.96,39.58,66.05,61.92,161.0,9.0,65.58,71.84,54.28,260,0,0.0,0,0.0,0.0,36.12
54.93,52.28,49.59,47.14,63.69,50.95,73.68,42.73,126.0,4.0,56.55,58.86,64.3,179,0,0.0,0,0.0,0.0,50.97
73.08,41.7,39.76,56.29,64.17,56.06,60.6,58.65,155.0,9.0,46.19,51.83,65.22,253,0,0.0,0,0.0,0.0,38.02
65.3,69.37,42.23,73.31,67.06,62.93,74.13,58.59,120.0,0.0,72.76,76.01,63.66,212,0,0.0,0,1.0,0.0,68.63
77.35,62.26,58.43,93.79,68.52,61.32,76.62,94.81,128.0,0.0,67.45,76.36,38.43,221,1,0.0,1,1.0,0.0,68.97
49.68,14.27,46.85,43.49,36.35,31.36,71.05,59.87,145.0,3.0,61.01,60.43,48.29,141,0,,0,0.0,,21.6
61.53,67.6,42.45,84.6,65.03,55.13,55.21,65.27,163.0,13.0,45.02,76.51,40.17,200,0,1.0,0,1.0,0.0,55.0
71.51,35.34,70.69,63.53,75.59,68.61,74.45,69.29,143.0,7.0,51.19,40.35,78.46,189,1,1.0,0,1.0,0.0,59.38
49.37,29.49,53.03,68.41,50.59,38.22,66.63,54.09,114.0,3.0,56.75,50.65,47.49,325,0,0.0,0,1.0,0.0,47.47
76.86,66.62,83.97,59.97,58.71,65.01,61.58,43.93,151.0,10.0,43.76,46.37,65.58,285,0,0.0,1,0.0,0.0,52.82
68.26,45.92,61.01,80.91,45.84,59.43,69.84,64.77,125.0,15.0,53.72,67.44,74.29,190,0,0.0,0,0.0,0.0,46.21
27.27,5.96,30.72,44.26,38.12,17.77,49.7,80.03,148.0,6.0,68.94,79.95,32.97,183,0,0.0,0,0.0,0.0,15.35
82.99,68.04,62.8,65.4,69.3,68.33,61.79,99.59,144.0,4.0,81.56,83.18,66.8,249,0,0.0,1,1.0,0.0,72.22
73.59,,45.78,62.3,58.13,44.29,52.16,38.27,110.0,1.0,57.98,53.96,49.51,277,1,0.0,0,0.0,0.0,58.48
54.06,39.21,36.93,68.75,63.95,47.74,68.03,55.45,146.0,15.0,42.58,41.25,74.49,299,0,1.0,0,0.0,1.0,48.28
50.6,49.92,35.24,36.96,49.22,43.33,73.18,74.87,118.0,7.0,73.85,91.3,71.32,237,0,0.0,0,0.0,0.0,48.84
58.76,35.99,20.85,30.11,27.25,35.83,55.08,56.4,,5.0,56.66,48.19,35.93,159,0,0.0,0,1.0,0.0,31.24
72.77,50.72,43.49,76.43,78.39,53.23,,81.55,110.0,14.0,58.57,58.53,48.21,215,0,0.0,0,1.0,0.0,48.33
54.58,53.48,48.36,31.58,28.18,45.1,51.01,51.78,134.0,5.0,55.41,59.72,43.9,173,0,0.0,0,0.0,0.0,42.34
66.17,47.1,56.21,89.36,77.37,59.04,68.71,58.65,123.0,7.0,58.68,66.97,52.04,80,1,0.0,0,0.0,0.0,47.77
82.21,48.12,41.86,91.59,58.25,65.74,83.98,79.04,167.0,2.0,57.16,67.21,64.12,226,0,0.0,0,0.0,0.0,60.37
73.08,27.46,59.25,82.37,63.98,58.1,74.78,80.27,113.0,6.0,75.7,85.38,59.85,80,0,0.0,0,0.0,0.0,39.88
53.32,30.75,58.42,59.34,48.57,36.75,62.52,58.09,181.0,2.0,59.31,78.91,50.2,300,0,0.0,0,0.0,1.0,39.68
55.67,41.73,51.56,91.53,61.12,46.91,52.21,44.17,131.0,3.0,52.05,51.58,,142,0,1.0,0,0.0,1.0,47.79
88.98,69.93,52.6,92.78,73.18,65.87,91.69,87.84,133.0,2.0,91.56,65.56,88.22,216,0,0.0,1,0.0,1.0,80.13
28.44,32.51,15.61,31.66,39.05,28.18,73.34,58.08,154.0,7.0,64.45,75.7,43.45,268,0,0.0,0,0.0,1.0,30.75
67.53,74.69,48.66,84.51,86.44,64.79,41.9,61.42,135.0,11.0,69.99,49.6,39.34,172,1,0.0,1,0.0,0.0,61.95
68.4,47.57,37.03,32.87,52.65,46.62,67.74,76.09,124.0,1.0,85.5,83.23,55.56,251,1,0.0,0,0.0,0.0,50.55
71.23,23.19,66.52,59.53,59.41,68.56,60.07,71.07,125.0,5.0,57.28,59.58,54.6,143,0,0.0,0,0.0,0.0,57.68
89.15,66.33,38.13,44.36,60.64,56.9,86.25,83.25,133.0,4.0,81.16,58.41,84.19,205,0,0.0,0,0.0,0.0,62.9
57.82,17.53,62.94,65.74,53.39,53.97,87.08,78.89,130.0,4.0,74.89,75.6,75.81,156,0,0.0,0,0.0,0.0,49.1
92.84,34.52,40.7,73.73,59.38,55.08,68.55,48.54,154.0,6.0,44.43,58.6,68.73,262,0,0.0,0,0.0,0.0,51.78
80.72,61.55,55.61,68.89,90.77,53.84,59.42,48.28,140.0,2.0,78.04,68.38,68.71,320,1,1.0,0,1.0,0.0,71.56
75.48,62.85,52.39,65.54,53.54,60.14,77.71,70.66,149.0,2.0,75.69,59.69,47.14,243,0,0.0,1,0.0,0.0,58.58
95.23,75.62,76.8,63.5,57.85,79.32,100.0,84.76,136.0,4.0,71.94,93.22,72.0,288,1,1.0,1,0.0,0.0,78.47
56.83,55.73,23.42,59.42,36.59,47.24,57.48,53.84,150.0,7.0,65.26,35.59,38.41,183,1,0.0,0,0.0,0.0,46.97
63.07,38.38,38.61,79.95,61.33,51.08,82.99,77.93,129.0,3.0,69.84,81.94,79.6,241,0,0.0,0,0.0,0.0,49.66
66.53,52.88,66.15,57.86,59.8,57.56,75.04,78.32,124.0,3.0,59.82,56.87,70.25,262,0,1.0,0,0.0,0.0,61.99
73.97,34.64,25.05,74.9,71.51,47.02,46.07,44.17,127.0,4.0,49.34,52.85,50.46,156,0,0.0,0,1.0,1.0,53.03
64.6,33.37,64.16,71.54,47.78,56.38,58.34,51.64,164.0,7.0,57.61,58.69,49.93,294,0,,0,0.0,0.0,50.35
89.79,66.93,67.91,80.47,78.64,69.4,69.32,44.12,129.0,2.0,87.92,67.98,65.58,327,0,1.0,1,1.0,0.0,64.45
53.6,79.98,23.97,65.53,79.56,52.05,35.74,44.47,125.0,16.0,45.15,65.18,35.65,346,1,1.0,0,1.0,1.0,55.74
82.57,,65.85,63.78,69.44,63.91,76.95,54.72,145.0,12.0,64.69,73.89,72.35,245,0,0.0,0,0.0,0.0,49.77
58.97,32.14,46.16,71.07,54.59,44.9,84.77,59.9,,4.0,68.32,81.24,62.89,170,0,0.0,0,1.0,0.0,47.78
66.42,36.66,69.5,66.62,52.42,61.37,53.49,61.9,118.0,12.0,55.39,71.8,62.45,209,0,0.0,0,0.0,0.0,49.08
64.38,62.27,44.31,50.91,53.17,55.93,60.09,68.26,117.0,5.0,57.68,37.38,60.2,179,0,1.0,0,1.0,0.0,69.51
52.42,60.97,32.9,38.27,43.41,40.18,60.24,70.86,152.0,7.0,48.57,61.75,56.52,240,0,0.0,0,0.0,0.0,37.69
63.7,67.62,29.88,65.88,72.79,48.82,79.72,48.24,120.0,8.0,64.55,65.51,66.14,312,0,0.0,1,1.0,0.0,53.55
60.81,50.12,63.36,78.06,55.9,52.26,83.75,65.48,158.0,8.0,52.09,71.22,72.1,336,0,0.0,0,0.0,0.0,52.42
71.23,83.7,55.63,74.68,68.89,80.76,84.12,80.71,133.0,6.0,67.26,74.66,82.46,210,1,0.0,1,,0.0,71.07
60.28,59.19,48.07,85.27,81.57,57.94,83.02,72.18,100.0,10.0,52.83,73.65,58.01,148,1,1.0,1,0.0,0.0,53.0
46.47,62.09,30.36,55.31,42.81,48.88,44.04,62.79,148.0,10.0,37.7,35.64,49.1,145,0,0.0,1,0.0,0.0,41.39
65.8,37.79,40.02,57.62,49.95,38.95,62.54,42.62,153.0,6.0,39.11,77.94,49.73,157,0,0.0,0,0.0,0.0,34.45
76.34,15.56,71.76,60.14,48.2,43.96,66.24,54.7,150.0,2.0,42.71,70.68,48.54,174,0,0.0,0,0.0,0.0,32.23
99.91,76.32,53.1,74.6,89.47,74.06,74.57,68.94,132.0,1.0,76.67,65.63,71.17,399,0,1.0,1,1.0,1.0,78.91
49.64,47.42,49.31,42.51,60.38,57.42,77.27,82.39,134.0,5.0,55.35,92.69,71.68,211,0,0.0,0,0.0,1.0,57.77
89.9,78.04,66.17,81.22,75.54,66.18,89.48,54.29,134.0,3.0,99.02,71.09,82.99,347,0,1.0,0,0.0,1.0,79.07
44.41,30.38,52.76,60.14,82.97,43.7,66.49,61.49,126.0,2.0,53.48,64.23,61.88,279,0,0.0,0,1.0,1.0,39.94
52.39,35.76,52.9,64.96,60.14,53.02,75.55,52.18,146.0,5.0,71.08,72.8,62.94,252,0,0.0,1,0.0,0.0,49.71
63.13,53.06,56.08,45.86,69.83,64.76,51.9,44.48,133.0,11.0,48.77,41.07,66.47,275,0,1.0,0,0.0,0.0,53.24
72.33,68.14,48.67,58.71,73.44,63.97,81.52,90.46,133.0,7.0,56.72,66.29,73.47,231,1,0.0,1,1.0,0.0,71.97
46.05,42.11,62.39,72.02,68.55,55.34,48.71,59.09,124.0,7.0,41.74,50.72,40.91,231,0,0.0,0,0.0,1.0,45.71
85.19,43.56,83.65,62.49,60.22,58.59,57.62,48.14,141.0,4.0,71.31,50.06,55.38,380,0,0.0,0,1.0,0.0,58.86
66.09,66.61,33.98,52.33,52.77,44.66,93.62,82.4,166.0,1.0,85.94,89.01,59.62,214,0,0.0,0,0.0,0.0,54.71
83.99,76.92,74.32,79.44,83.52,68.0,81.95,56.35,144.0,3.0,75.67,66.18,60.4,327,1,1.0,1,1.0,1.0,81.32
64.75,74.94,39.08,54.53,71.58,53.21,58.92,66.02,114.0,20.0,46.14,73.88,79.1,235,1,1.0,1,1.0,0.0,54.1
69.82,46.66,51.52,81.92,67.45,58.35,59.47,43.2,138.0,15.0,70.73,83.69,76.03,241,1,0.0,0,1.0,1.0,53.71
65.49,78.94,56.13,41.01,72.95,54.83,56.46,51.21,146.0,9.0,,48.49,64.48,240,0,1.0,1,1.0,0.0,63.57
74.31,48.65,49.47,73.02,72.31,59.8,60.51,42.92,151.0,2.0,62.51,49.81,63.08,744,0,0.0,0,0.0,0.0,49.02
79.03,56.78,81.47,62.17,58.4,62.9,81.98,74.09,151.0,1.0,91.79,78.37,67.07,205,0,0.0,0,0.0,0.0,63.74
51.87,54.08,56.17,61.82,46.6,46.73,70.28,93.77,142.0,12.0,55.12,72.28,44.19,265,1,0.0,0,1.0,0.0,57.5
58.73,54.13,46.81,50.97,64.04,57.26,68.3,49.42,188.0,1.0,64.69,76.1,58.46,343,0,1.0,0,0.0,0.0,54.95
57.81,41.0,41.69,47.92,39.75,37.65,70.83,44.44,118.0,6.0,45.05,56.89,42.78,250,0,0.0,0,0.0,,39.06
82.58,,51.7,84.2,66.73,66.79,64.83,76.13,166.0,7.0,69.09,53.47,71.08,253,0,0.0,0,1.0,1.0,62.42
65.71,43.08,17.2,42.42,58.54,48.61,72.7,80.28,150.0,3.0,65.22,87.31,60.3,251,1,0.0,0,0.0,0.0,45.81
61.02,56.28,32.6,47.48,60.6,43.45,65.14,64.24,180.0,9.0,65.29,44.88,62.98,264,1,0.0,0,1.0,1.0,48.45
52.21,6.97,42.07,49.79,52.87,43.32,27.38,17.6,108.0,6.0,34.38,22.28,38.52,270,0,0.0,0,0.0,0.0,23.98
89.57,74.22,65.4,100.0,84.91,69.12,88.16,86.98,170.0,2.0,86.1,100.0,58.79,246,1,0.0,0,1.0,1.0,83.58
62.89,46.28,92.14,76.72,81.47,72.82,81.6,59.93,171.0,6.0,69.41,80.34,69.94,217,0,0.0,0,1.0,0.0,54.24
60.53,75.96,51.07,86.61,71.74,64.59,49.35,58.54,134.0,1.0,65.26,80.98,61.26,174,0,0.0,0,0.0,1.0,62.86
70.77,16.5,53.03,68.6,62.02,38.91,95.92,60.35,128.0,5.0,86.32,61.77,69.49,318,0,1.0,0,,0.0,45.67
63.17,50.7,51.55,80.0,53.98,46.17,94.3,68.57,181.0,2.0,54.51,54.42,57.08,310,1,0.0,0,0.0,0.0,47.64
64.7,26.73,52.53,58.41,67.01,46.71,75.87,65.02,126.0,4.0,64.04,65.91,53.94,238,0,0.0,0,1.0,0.0,42.74
87.42,53.58,66.2,78.76,63.22,70.45,55.08,52.03,156.0,9.0,44.44,57.78,50.63,238,0,,0,0.0,,57.74
53.5,44.55,44.67,40.12,49.52,43.64,65.18,54.53,166.0,8.0,43.16,40.15,33.38,340,0,1.0,0,0.0,0.0,34.98
69.25,37.56,38.26,38.63,54.54,45.31,72.78,60.28,137.0,12.0,53.43,47.39,54.9,252,0,0.0,0,0.0,0.0,30.24
48.78,48.19,45.73,69.52,44.38,46.3,75.59,78.8,137.0,9.0,57.77,89.56,65.13,199,1,0.0,1,1.0,0.0,48.9
64.65,64.21,40.44,71.09,64.21,44.3,45.65,72.84,168.0,13.0,40.1,63.39,38.7,190,1,0.0,1,0.0,1.0,59.12
63.9,77.36,34.55,88.52,73.77,65.92,,57.67,131.0,5.0,48.89,47.58,42.41,311,1,1.0,1,1.0,1.0,73.71
98.94,54.44,49.5,59.53,83.0,74.77,83.75,71.48,132.0,0.0,82.55,84.72,85.67,345,0,0.0,0,1.0,1.0,84.68
54.71,47.36,69.16,66.01,56.49,58.48,69.81,44.71,91.0,8.0,57.84,67.63,73.76,237,0,0.0,0,0.0,0.0,48.67
72.6,49.78,42.79,46.5,57.5,49.76,63.22,55.89,159.0,6.0,67.3,31.62,52.2,214,0,1.0,0,0.0,0.0,50.49
39.78,23.07,54.11,48.41,44.65,32.41,67.18,66.48,133.0,,59.26,65.31,40.29,271,0,0.0,0,0.0,0.0,27.53
86.29,60.68,54.01,63.78,64.66,56.76,65.03,55.11,153.0,10.0,54.73,61.17,55.87,215,0,0.0,0,,0.0,54.72
65.34,54.86,67.29,69.59,58.45,51.73,58.75,42.57,135.0,17.0,38.69,16.54,53.0,267,1,1.0,0,0.0,0.0,43.56
63.46,33.92,50.07,52.22,76.1,64.6,56.74,48.99,162.0,11.0,56.59,67.49,53.53,449,1,1.0,0,1.0,1.0,52.22
66.75,74.34,71.3,82.05,66.17,66.13,91.26,60.75,167.0,6.0,64.91,66.17,55.62,204,1,0.0,0,0.0,0.0,66.03
86.78,72.52,58.26,96.34,96.94,80.27,67.36,51.09,121.0,7.0,80.19,47.65,81.7,290,1,1.0,0,0.0,1.0,75.96
80.24,30.97,71.2,81.28,55.61,63.03,84.61,78.96,133.0,1.0,72.58,80.52,71.97,240,0,0.0,0,0.0,1.0,61.09
80.06,55.47,73.34,88.87,77.84,69.22,100.0,85.95,154.0,2.0,88.58,86.11,95.51,201,0,1.0,0,1.0,0.0,74.62
87.16,31.77,79.91,82.71,55.82,56.23,97.19,96.56,169.0,14.0,78.95,86.25,72.68,312,0,0.0,0,1.0,0.0,53.93
,42.87,66.73,71.96,72.27,64.16,87.43,74.13,144.0,3.0,75.35,52.03,,279,0,1.0,0,1.0,1.0,75.8
79.49,39.4,58.72,59.3,47.7,47.75,69.88,52.01,144.0,8.0,65.95,57.55,55.43,242,0,0.0,0,0.0,0.0,37.84
71.63,53.18,57.23,75.42,64.9,62.86,62.27,69.99,145.0,6.0,55.81,44.52,52.93,211,0,0.0,0,0.0,1.0,57.14
75.32,79.17,85.74,64.04,83.17,67.94,66.68,65.91,123.0,9.0,54.26,61.02,57.01,192,1,0.0,0,1.0,0.0,69.97
58.34,43.08,30.99,58.34,54.21,42.43,63.99,70.96,131.0,3.0,66.91,50.77,72.22,256,0,0.0,0,0.0,0.0,45.49
91.83,56.8,46.5,57.45,42.58,55.59,62.3,71.63,135.0,7.0,80.52,59.93,59.29,308,0,0.0,0,0.0,0.0,48.99
56.13,44.75,29.68,50.85,77.63,56.15,75.63,71.0,159.0,4.0,65.22,86.82,78.4,134,0,0.0,1,0.0,1.0,56.35
70.62,66.78,35.02,52.67,60.88,40.74,47.52,50.66,169.0,7.0,35.72,73.96,37.22,219,0,0.0,1,0.0,0.0,37.21
100.0,50.73,83.64,78.14,83.88,88.56,85.64,70.4,126.0,9.0,74.76,82.49,66.16,348,1,0.0,0,1.0,1.0,77.35
82.76,48.85,46.26,59.82,51.67,50.71,79.74,74.71,154.0,1.0,82.87,93.53,72.35,228,1,0.0,0,0.0,0.0,55.17
89.21,53.0,64.16,66.32,80.61,66.21,71.14,76.37,144.0,2.0,65.84,52.33,58.68,253,0,1.0,0,0.0,0.0,62.69
66.08,55.15,50.46,60.4,53.82,56.43,79.52,73.5,132.0,6.0,69.95,61.6,67.92,268,0,1.0,0,0.0,0.0,67.48
63.4,44.79,52.01,21.42,47.38,48.89,39.62,61.99,118.0,12.0,46.5,55.53,46.57,191,0,0.0,0,0.0,0.0,42.9
67.54,43.69,57.13,34.22,61.49,57.11,49.98,56.69,141.0,4.0,49.9,48.3,53.54,259,0,0.0,0,1.0,0.0,51.98
49.49,41.14,72.43,79.6,50.92,55.4,53.87,34.28,127.0,3.0,51.99,34.16,69.18,186,1,0.0,0,0.0,0.0,49.96
81.95,60.03,56.85,75.31,69.84,76.51,71.15,60.0,147.0,15.0,58.65,75.33,70.09,237,0,0.0,1,0.0,1.0,64.26
68.6,33.44,63.88,58.86,65.29,58.18,69.6,47.97,122.0,4.0,74.46,75.48,64.47,194,0,0.0,0,0.0,0.0,50.06
50.72,38.79,57.28,69.83,68.05,49.72,64.87,56.12,119.0,,54.77,39.22,51.06,237,0,0.0,0,1.0,0.0,46.85
65.69,25.15,39.82,57.05,48.11,40.02,48.56,54.09,156.0,11.0,45.83,66.0,49.29,242,0,0.0,0,0.0,0.0,28.92
38.27,,18.39,45.81,44.97,28.85,100.0,62.99,147.0,7.0,54.65,66.81,62.35,148,0,0.0,0,0.0,0.0,32.19
66.86,73.62,69.21,67.89,84.95,75.68,47.71,43.01,140.0,6.0,,59.05,57.86,258,1,1.0,0,1.0,1.0,68.84
86.59,77.05,54.25,96.97,46.5,77.58,100.0,80.86,135.0,6.0,79.64,57.62,90.83,249,1,0.0,1,0.0,0.0,72.26
70.42,54.98,53.56,66.37,81.92,66.66,71.96,58.96,,7.0,44.23,61.63,59.15,170,0,1.0,0,0.0,1.0,69.59
38.82,49.46,38.4,64.44,46.16,23.2,57.0,51.46,135.0,11.0,57.67,56.88,48.39,159,0,0.0,0,0.0,0.0,35.04
57.58,50.4,64.72,68.6,53.01,40.5,68.92,63.65,154.0,11.0,28.34,60.68,33.85,173,0,1.0,0,0.0,0.0,45.81
63.27,28.1,56.23,29.47,50.83,44.88,66.26,68.67,131.0,5.0,69.28,37.78,65.25,228,1,0.0,0,0.0,0.0,36.69
88.46,65.67,74.19,77.08,79.41,71.47,66.37,49.7,120.0,8.0,50.17,54.56,55.25,349,1,1.0,0,1.0,1.0,72.4
82.01,,52.9,73.14,53.91,56.64,56.35,72.52,125.0,5.0,66.29,62.4,63.57,304,1,0.0,0,0.0,0.0,64.42
83.96,61.67,52.69,69.38,92.16,74.98,78.03,81.15,148.0,7.0,71.66,57.67,,307,0,0.0,1,0.0,1.0,72.11
30.12,65.73,14.3,75.76,16.95,42.45,53.81,53.28,120.0,11.0,45.92,59.98,50.64,259,1,1.0,0,0.0,0.0,32.04
55.41,67.55,35.51,48.78,41.94,49.38,36.1,32.67,168.0,7.0,47.46,45.9,55.34,128,0,0.0,1,0.0,0.0,41.01
61.15,63.98,52.25,76.85,54.11,47.37,53.51,46.32,113.0,16.0,40.26,49.13,36.39,129,0,0.0,1,0.0,0.0,41.18
52.22,77.21,37.72,74.68,54.15,46.91,63.68,49.93,136.0,2.0,47.93,53.56,50.96,252,1,0.0,1,0.0,0.0,52.72
57.2,8.93,51.9,72.47,71.72,45.07,49.46,61.1,158.0,5.0,54.25,28.38,41.33,205,0,0.0,0,1.0,0.0,37.52
62.48,50.43,53.09,71.94,47.31,54.79,58.1,74.62,143.0,7.0,56.51,39.98,48.11,176,1,0.0,0,0.0,0.0,45.01
74.27,47.46,78.36,72.86,87.76,58.94,93.69,90.03,137.0,8.0,73.48,89.64,55.29,358,1,1.0,0,1.0,1.0,83.29
63.48,65.6,65.3,32.81,49.67,59.85,62.85,31.9,159.0,7.0,45.2,34.44,56.7,308,0,0.0,0,0.0,0.0,47.94
63.82,18.46,58.55,59.92,27.67,31.44,62.28,53.03,122.0,7.0,55.02,50.52,56.29,237,0,0.0,0,0.0,0.0,32.19
70.51,58.5,60.35,69.7,34.9,39.62,97.27,84.02,138.0,5.0,77.81,95.24,78.41,294,1,0.0,0,0.0,0.0,57.29
84.69,76.35,63.58,80.73,71.75,65.74,82.73,57.4,112.0,5.0,73.03,43.87,59.5,249,1,1.0,1,0.0,0.0,78.21
94.14,79.27,74.84,90.3,77.78,86.38,80.96,53.78,157.0,7.0,56.03,40.63,69.14,259,0,1.0,1,1.0,1.0,80.2
51.25,56.19,0.0,59.28,54.3,49.37,62.02,62.26,149.0,7.0,69.28,69.44,,80,0,1.0,1,0.0,1.0,42.75
57.58,63.6,39.74,44.22,61.14,41.93,56.13,72.71,148.0,3.0,64.76,68.55,42.76,273,0,0.0,0,0.0,1.0,55.83
56.81,18.46,33.94,80.55,69.76,34.48,92.21,96.66,145.0,6.0,58.19,60.51,55.28,274,0,0.0,0,1.0,1.0,42.24
92.88,80.25,38.3,56.31,68.41,71.08,59.04,54.87,140.0,3.0,64.47,51.55,63.0,286,1,1.0,1,0.0,1.0,66.73
48.12,37.75,47.36,67.75,56.8,42.91,65.63,49.02,141.0,11.0,40.7,55.67,46.55,316,0,1.0,0,0.0,0.0,38.06
49.97,21.85,87.61,76.48,71.77,61.56,46.91,30.51,142.0,9.0,43.31,34.35,37.14,228,0,0.0,0,0.0,1.0,40.44
62.38,47.22,52.0,51.05,56.46,55.54,60.58,66.73,141.0,16.0,59.39,47.9,66.06,211,0,0.0,0,0.0,0.0,49.9
61.24,27.58,52.35,74.66,59.18,53.95,47.56,39.37,120.0,10.0,52.1,27.58,51.92,280,0,0.0,0,0.0,0.0,30.88
72.53,78.77,56.79,76.35,92.66,65.12,51.53,53.65,96.0,9.0,,66.48,61.92,244,0,1.0,1,1.0,1.0,66.2
54.25,55.86,54.05,65.31,53.79,54.81,51.52,44.25,175.0,13.0,51.09,63.44,56.05,207,0,1.0,0,0.0,0.0,42.96
62.66,29.2,70.63,67.46,60.9,64.66,70.86,68.95,128.0,2.0,87.34,83.47,74.88,179,0,0.0,0,0.0,0.0,47.69
70.97,24.41,58.55,53.68,63.31,51.3,67.65,63.3,,3.0,50.43,70.21,56.76,163,0,0.0,0,1.0,1.0,47.68
72.05,44.79,33.28,90.53,27.38,47.49,58.56,65.91,220.0,1.0,78.19,81.33,48.09,329,0,0.0,0,0.0,1.0,53.4
100.0,86.1,64.5,68.74,79.85,75.22,44.76,59.11,142.0,7.0,65.94,27.16,75.25,219,1,0.0,1,1.0,1.0,84.88
65.44,52.77,45.77,43.73,76.06,44.89,68.43,50.98,114.0,8.0,64.8,75.15,62.3,192,0,0.0,0,0.0,0.0,52.72
42.22,29.7,64.26,45.59,51.95,36.32,71.77,60.61,119.0,7.0,47.51,49.76,41.3,216,0,0.0,0,0.0,0.0,39.98
,57.69,71.39,78.77,57.64,55.45,59.63,51.0,154.0,4.0,65.11,78.51,48.34,293,1,0.0,0,1.0,0.0,45.92
47.22,,10.9,32.21,51.84,26.9,66.92,85.65,150.0,9.0,72.49,100.0,70.03,237,0,0.0,0,0.0,0.0,37.12
63.23,73.86,41.63,71.43,53.29,47.47,59.25,78.56,129.0,9.0,64.37,71.35,52.25,135,1,,0,0.0,0.0,50.16
57.49,68.26,40.94,69.5,51.91,38.69,53.01,71.37,137.0,7.0,53.28,57.74,39.55,145,1,0.0,0,0.0,0.0,51.47
61.35,9.58,41.29,54.2,46.23,33.55,80.56,97.98,142.0,2.0,81.36,81.78,53.49,231,0,0.0,0,0.0,0.0,48.51
64.49,71.86,57.15,39.68,75.71,64.78,79.02,61.91,145.0,13.0,47.27,52.68,67.87,367,0,1.0,1,1.0,1.0,69.57
36.88,48.74,39.75,30.99,23.94,33.65,84.28,73.71,149.0,7.0,58.34,78.78,50.67,288,0,0.0,0,0.0,0.0,33.96
73.03,90.16,53.37,63.84,91.5,69.18,43.92,62.75,129.0,8.0,38.29,73.69,53.33,371,1,1.0,1,1.0,0.0,66.08
60.05,45.06,49.08,38.15,79.23,56.57,79.9,65.43,154.0,6.0,48.02,61.32,83.76,193,0,0.0,0,0.0,1.0,55.15
79.66,39.84,73.43,80.71,71.69,,51.72,12.72,148.0,5.0,45.22,42.1,41.63,214,1,0.0,0,0.0,0.0,45.49
73.73,35.47,54.67,88.2,61.49,69.15,70.82,65.48,156.0,6.0,59.41,65.75,60.76,138,0,0.0,0,0.0,0.0,42.5
58.19,39.42,48.6,65.88,60.4,50.11,61.27,58.45,152.0,8.0,60.27,54.18,55.32,264,0,0.0,0,1.0,1.0,52.36
78.6,74.27,51.08,72.02,95.85,67.89,72.47,54.73,153.0,4.0,53.72,40.54,46.09,332,0,1.0,0,1.0,1.0,71.17
62.95,76.43,37.45,46.76,78.02,55.94,74.22,82.39,132.0,4.0,74.82,73.75,69.14,283,1,1.0,1,0.0,0.0,64.23
43.41,34.82,0.0,40.92,61.13,36.24,69.75,58.36,,7.0,67.48,81.63,62.54,290,0,0.0,0,1.0,1.0,47.56
66.07,60.02,58.32,58.93,39.67,53.37,74.15,58.54,125.0,4.0,75.04,76.2,49.13,253,0,0.0,1,0.0,0.0,69.5
39.67,37.29,27.84,53.32,47.95,35.85,81.54,88.59,145.0,7.0,52.65,66.92,53.43,222,0,0.0,0,0.0,0.0,32.04
81.27,62.85,58.81,83.22,55.4,62.98,32.2,29.58,120.0,11.0,47.37,49.11,49.54,242,0,0.0,1,1.0,0.0,48.37
55.59,63.39,51.41,64.32,48.44,47.19,36.67,37.88,144.0,5.0,39.52,81.5,47.32,146,1,0.0,1,1.0,0.0,57.06
59.07,49.37,38.8,56.14,77.76,37.91,48.23,50.68,158.0,10.0,61.25,65.42,72.78,205,0,0.0,0,0.0,1.0,43.85
79.4,30.18,58.86,73.9,68.57,52.53,69.62,74.6,140.0,6.0,72.18,60.18,53.26,132,0,0.0,0,0.0,0.0,42.25
47.11,31.9,56.8,48.25,53.2,52.38,67.72,83.48,130.0,6.0,71.31,79.98,65.21,231,0,1.0,0,0.0,0.0,49.94
70.9,6.4,63.38,79.42,61.01,57.22,77.99,50.37,150.0,3.0,50.3,67.14,59.49,80,0,0.0,0,1.0,0.0,42.15
36.32,64.4,35.86,40.84,59.89,50.56,57.19,51.52,157.0,11.0,44.63,63.48,47.46,235,1,1.0,0,0.0,0.0,44.19
80.83,55.74,56.52,74.4,67.78,59.53,65.98,51.18,126.0,1.0,64.43,68.37,60.78,279,0,0.0,0,1.0,0.0,61.48
42.78,32.69,30.48,65.38,31.9,30.66,62.83,54.27,141.0,2.0,61.81,67.56,52.22,119,1,0.0,0,0.0,0.0,41.6
85.78,52.25,78.94,62.35,55.57,74.26,73.62,67.09,146.0,5.0,54.72,33.35,66.82,279,0,0.0,0,1.0,0.0,61.5
72.47,65.21,56.81,51.42,37.7,49.5,44.0,75.82,131.0,4.0,48.01,64.58,49.24,157,0,0.0,0,0.0,0.0,54.28
48.88,36.51,43.86,39.5,40.32,40.09,60.93,58.85,148.0,4.0,54.98,65.94,48.92,218,0,0.0,0,0.0,0.0,38.24
47.86,53.66,52.38,82.94,64.83,62.94,76.64,72.56,111.0,6.0,60.48,72.78,55.17,245,1,1.0,1,0.0,0.0,66.14
68.02,60.97,68.11,37.1,57.05,58.78,67.52,56.22,146.0,8.0,44.14,46.67,65.03,196,0,0.0,1,0.0,0.0,48.67
76.96,100.0,48.85,80.9,78.59,71.07,57.0,67.51,170.0,6.0,53.08,75.49,70.13,318,1,0.0,1,0.0,0.0,64.71
88.93,32.15,50.86,53.87,65.3,62.73,53.76,88.62,148.0,9.0,65.93,55.69,68.04,326,0,1.0,0,1.0,0.0,52.67
75.54,10.81,77.54,76.05,79.79,57.03,48.76,20.81,137.0,20.0,28.6,16.41,53.74,154,0,1.0,0,1.0,1.0,38.36
84.44,58.5,80.21,73.88,60.64,68.82,59.28,54.89,116.0,12.0,55.42,53.02,52.45,190,0,0.0,0,1.0,1.0,69.67
56.73,27.05,80.44,69.61,39.32,58.28,50.37,57.24,131.0,9.0,49.83,63.72,42.69,169,0,0.0,0,0.0,0.0,38.28
57.74,43.85,66.26,71.73,73.26,40.98,100.0,80.56,149.0,4.0,71.02,91.75,74.93,289,0,,0,0.0,0.0,50.87
78.7,33.96,68.07,94.33,75.81,64.06,68.6,46.51,141.0,7.0,70.75,64.48,52.4,213,0,0.0,0,1.0,0.0,54.23
90.18,60.0,61.65,99.76,87.61,67.58,61.16,35.17,116.0,2.0,62.84,65.87,54.96,212,0,1.0,0,1.0,0.0,61.46
60.96,46.82,24.96,58.62,77.67,47.95,56.57,54.8,142.0,10.0,66.21,47.7,75.03,218,0,1.0,0,0.0,0.0,49.13
38.26,64.67,30.42,54.45,90.21,51.02,63.83,58.25,123.0,9.0,36.36,36.94,56.16,206,1,0.0,0,1.0,1.0,56.15
72.1,48.63,36.05,80.34,60.4,49.67,58.63,52.68,128.0,8.0,59.6,53.8,55.15,199,0,0.0,0,1.0,0.0,57.19
67.23,57.2,29.9,64.16,75.81,55.82,69.57,51.56,156.0,7.0,58.52,73.48,40.66,246,0,1.0,0,0.0,1.0,44.2
69.38,78.25,43.19,44.42,55.99,60.28,69.05,50.39,135.0,5.0,63.91,67.69,55.07,317,1,1.0,0,0.0,0.0,58.15
68.61,51.2,46.3,59.85,80.54,58.28,59.63,76.82,127.0,19.0,,48.02,65.48,331,1,1.0,0,1.0,1.0,64.08
62.81,54.16,54.01,66.24,70.94,57.45,66.89,37.13,122.0,3.0,64.35,40.03,45.27,305,0,0.0,0,0.0,0.0,54.01
77.65,44.61,30.89,57.4,66.04,51.53,53.18,44.31,124.0,6.0,43.97,61.96,53.42,304,0,1.0,0,1.0,1.0,53.72
59.51,56.43,55.88,49.24,69.37,54.64,58.43,57.03,128.0,11.0,53.26,65.4,40.29,265,1,0.0,0,,0.0,49.33
64.9,35.79,49.11,42.03,27.55,43.53,51.24,87.25,,5.0,66.39,43.4,43.98,221,0,0.0,0,0.0,0.0,36.61
69.41,81.96,42.32,83.35,56.97,56.31,51.79,28.2,137.0,7.0,46.58,33.52,35.55,231,1,1.0,0,0.0,0.0,55.28
32.2,20.06,13.89,48.13,51.41,35.66,75.12,62.67,162.0,14.0,51.33,76.83,52.81,189,0,1.0,0,0.0,0.0,32.62
100.0,63.68,70.11,100.0,85.69,76.47,90.46,72.08,122.0,1.0,79.49,58.49,60.9,246,1,1.0,0,1.0,0.0,86.2
61.69,29.97,60.73,66.63,83.14,51.59,,75.81,165.0,6.0,64.51,63.18,63.48,117,0,0.0,0,1.0,1.0,49.32
68.55,49.43,62.79,54.33,50.13,56.99,93.27,78.0,140.0,1.0,68.18,55.68,75.52,270,1,0.0,0,0.0,0.0,55.56
55.85,77.23,47.66,69.5,87.94,61.53,66.21,81.02,135.0,20.0,49.02,79.68,60.37,244,1,0.0,1,0.0,1.0,61.57
88.3,62.14,57.5,51.87,66.13,71.56,91.23,78.84,138.0,3.0,82.55,85.9,81.54,195,1,0.0,0,1.0,0.0,65.82
55.94,45.66,44.32,68.2,56.12,54.17,,61.72,178.0,4.0,56.74,77.51,55.57,246,0,0.0,0,1.0,1.0,52.05
60.25,69.33,25.22,41.78,51.08,49.42,56.53,47.21,129.0,6.0,50.74,45.65,50.11,222,0,0.0,1,0.0,0.0,49.38
46.43,45.83,23.75,63.07,47.68,46.13,36.59,38.08,172.0,16.0,47.51,42.33,42.05,240,0,0.0,1,0.0,0.0,25.85
38.82,68.48,13.61,68.61,57.1,45.29,89.2,94.75,158.0,6.0,68.77,86.82,66.44,202,0,1.0,0,0.0,0.0,50.74
52.2,63.47,28.34,16.92,38.34,35.03,71.49,86.54,120.0,1.0,78.34,76.42,44.94,179,1,0.0,1,0.0,1.0,58.53
60.09,76.18,44.42,52.33,45.78,59.64,60.66,68.15,121.0,2.0,49.72,34.2,52.06,163,0,0.0,1,0.0,0.0,64.82
75.83,44.54,75.03,56.94,60.25,48.2,74.9,58.27,144.0,11.0,62.62,50.21,79.15,264,0,0.0,0,0.0,0.0,54.03
,94.24,52.68,100.0,79.85,49.5,47.46,68.2,138.0,5.0,43.24,50.57,51.49,313,1,0.0,1,1.0,,63.48
74.11,49.93,64.47,69.29,49.7,61.83,70.34,47.18,133.0,7.0,50.9,75.53,72.67,158,0,0.0,0,0.0,0.0,46.51
76.0,46.02,59.52,50.66,71.33,60.84,56.34,47.14,128.0,10.0,61.96,40.96,60.94,300,1,1.0,1,1.0,0.0,50.92
67.69,54.03,66.34,100.0,87.04,68.02,49.08,42.57,165.0,12.0,37.05,44.55,45.64,245,0,1.0,0,1.0,1.0,60.9
52.52,43.37,45.31,46.89,74.56,57.14,82.56,92.37,144.0,8.0,61.27,82.13,61.34,164,0,0.0,0,0.0,0.0,53.67
66.52,47.22,89.74,45.8,66.31,60.7,66.85,82.86,148.0,9.0,62.32,48.48,43.5,259,0,0.0,0,1.0,0.0,56.99
75.38,56.62,50.05,55.52,44.1,52.42,65.23,74.41,141.0,3.0,62.59,61.07,71.05,222,0,0.0,1,0.0,0.0,58.94
82.07,47.05,82.94,66.42,73.96,71.15,65.97,46.17,140.0,3.0,65.85,46.98,74.27,99,0,1.0,0,0.0,0.0,62.53
65.6,36.79,43.83,67.64,70.91,47.13,63.74,73.69,178.0,17.0,69.45,89.19,47.83,221,0,0.0,0,0.0,1.0,43.9
65.44,52.26,63.62,58.06,55.62,54.4,55.68,52.62,148.0,14.0,42.21,45.39,58.57,361,0,1.0,0,1.0,1.0,55.41
88.98,59.35,30.24,53.42,57.84,58.47,50.13,44.99,184.0,9.0,66.44,60.1,62.3,248,1,0.0,1,0.0,1.0,57.79
56.99,63.31,40.85,59.99,68.58,55.95,60.11,58.81,152.0,9.0,48.59,62.78,54.99,317,0,0.0,0,1.0,0.0,56.85
52.17,53.01,48.17,72.36,75.54,51.8,50.65,42.78,125.0,9.0,14.37,56.2,47.53,253,0,1.0,0,0.0,1.0,52.31
76.94,62.01,53.19,79.77,74.85,60.94,73.18,58.38,163.0,5.0,61.69,45.19,68.61,391,1,0.0,0,1.0,1.0,69.31
66.85,38.34,67.58,59.53,73.03,49.83,53.74,69.63,136.0,10.0,55.03,49.63,54.98,361,0,0.0,0,1.0,0.0,38.51
58.04,47.41,36.36,53.53,58.96,42.73,52.22,60.4,165.0,15.0,38.77,71.3,46.21,331,0,0.0,0,0.0,0.0,35.78
75.56,55.21,27.43,75.36,62.87,65.38,68.55,31.3,127.0,3.0,63.13,50.46,64.26,282,1,,1,0.0,0.0,57.03
68.29,35.77,66.57,87.32,69.69,56.2,43.29,50.48,107.0,7.0,36.34,42.72,40.8,249,0,0.0,0,1.0,0.0,44.86
77.44,26.74,60.03,50.19,46.44,51.14,63.39,35.31,141.0,14.0,44.88,35.11,61.78,135,0,0.0,0,0.0,0.0,42.36
90.41,41.19,65.97,92.37,68.95,56.06,74.3,70.66,167.0,9.0,74.79,85.54,83.85,160,0,0.0,0,1.0,1.0,64.23
90.55,85.57,63.25,78.27,79.32,91.06,61.52,63.08,127.0,12.0,65.96,81.58,60.28,337,1,0.0,1,0.0,0.0,81.67
60.22,57.55,43.62,33.1,37.64,41.7,48.83,34.83,147.0,11.0,47.85,51.02,45.38,175,1,0.0,0,0.0,0.0,40.64
92.76,42.73,63.66,52.7,82.13,57.41,86.08,65.07,130.0,6.0,63.39,65.5,59.5,372,1,0.0,0,1.0,0.0,66.59
58.92,56.39,49.32,85.19,79.28,57.85,,64.38,153.0,7.0,57.63,67.77,55.98,216,0,1.0,0,1.0,0.0,58.69
100.0,64.7,79.44,100.0,81.65,73.13,75.12,61.33,134.0,7.0,68.95,61.52,73.88,181,1,1.0,0,1.0,1.0,75.62
71.42,69.18,77.28,64.18,69.9,69.14,55.5,46.34,143.0,12.0,35.43,39.3,56.47,156,0,0.0,0,0.0,0.0,52.83
53.55,42.81,63.21,54.15,52.05,40.43,69.54,59.27,134.0,5.0,54.03,65.63,46.51,135,0,0.0,0,1.0,0.0,41.64
32.68,51.31,30.27,21.16,55.56,44.27,47.08,45.24,123.0,9.0,47.9,41.4,40.74,306,1,0.0,1,0.0,0.0,40.13
66.02,81.6,52.56,83.43,77.11,71.91,68.16,38.39,105.0,6.0,77.92,68.8,61.12,250,1,1.0,1,0.0,0.0,65.41
62.19,50.42,26.73,51.7,46.86,44.54,60.47,65.16,115.0,4.0,65.42,54.67,36.15,186,0,0.0,0,0.0,0.0,37.65
98.31,41.59,58.59,51.0,58.87,50.83,58.1,58.68,133.0,19.0,41.02,74.21,62.4,218,0,0.0,0,1.0,0.0,51.89
82.47,86.13,81.74,85.61,76.63,72.7,83.58,75.34,150.0,4.0,86.92,73.23,82.44,301,1,1.0,1,1.0,1.0,92.95
69.2,58.94,37.69,43.51,54.71,52.29,68.94,67.53,173.0,2.0,60.8,58.64,70.99,253,1,0.0,1,0.0,0.0,62.38
68.72,27.96,59.97,72.9,62.61,45.16,86.56,81.58,133.0,,88.35,59.75,63.04,173,0,0.0,0,0.0,0.0,52.89
71.1,34.9,30.76,44.49,49.99,38.28,94.74,77.91,132.0,10.0,55.69,58.02,64.9,107,0,0.0,0,0.0,0.0,39.32
89.14,60.25,60.0,68.82,54.72,70.19,61.66,64.07,115.0,4.0,59.84,51.42,53.9,156,0,1.0,0,0.0,1.0,67.72
82.68,46.47,57.82,57.32,94.57,64.86,50.56,45.0,152.0,10.0,47.09,54.38,48.55,217,0,1.0,0,1.0,1.0,65.04
64.53,44.74,64.24,31.79,84.96,57.24,55.48,62.87,148.0,5.0,53.62,54.21,74.73,111,0,0.0,0,0.0,1.0,45.23
83.24,53.56,65.71,89.5,63.95,68.2,64.65,35.45,147.0,6.0,59.45,51.52,58.76,336,0,1.0,0,0.0,1.0,60.32
61.71,37.58,36.37,70.53,60.73,46.71,67.62,69.66,146.0,0.0,79.85,82.19,68.83,210,0,1.0,0,0.0,1.0,57.9
73.72,56.89,80.53,64.23,74.96,65.7,48.93,60.96,130.0,19.0,68.76,78.12,60.89,161,0,1.0,0,1.0,0.0,59.21
60.57,49.09,45.43,72.34,65.58,55.63,81.63,79.23,166.0,2.0,53.38,61.0,47.99,281,1,0.0,0,1.0,0.0,51.81
65.44,38.05,43.15,77.02,67.01,56.51,75.07,80.13,126.0,4.0,77.44,52.77,63.64,184,0,0.0,1,1.0,0.0,42.07
69.57,43.47,33.42,64.41,50.47,51.42,78.7,63.17,132.0,3.0,61.54,71.79,64.81,273,0,0.0,0,0.0,0.0,48.59
79.58,57.99,61.32,89.16,77.03,75.09,56.3,71.75,120.0,8.0,57.18,40.59,69.09,171,0,0.0,0,0.0,0.0,57.42
56.1,33.23,59.32,64.19,66.46,50.34,74.48,83.95,138.0,5.0,89.01,77.95,46.89,175,0,0.0,0,0.0,0.0,42.26
63.97,61.01,31.73,54.68,79.42,46.62,34.11,45.97,121.0,12.0,47.11,49.0,32.4,410,1,1.0,0,0.0,1.0,47.23
93.93,74.43,52.65,82.97,78.59,78.56,50.96,20.33,126.0,13.0,45.94,38.88,62.45,291,1,1.0,1,0.0,1.0,66.3
56.51,33.32,68.16,64.75,90.89,54.57,47.31,28.41,115.0,10.0,38.82,23.56,38.23,203,0,0.0,0,0.0,1.0,35.89
67.65,44.54,75.14,54.71,62.56,53.08,71.52,73.26,123.0,4.0,74.93,98.2,74.23,242,0,0.0,0,,0.0,70.22
100.0,50.5,70.71,98.27,98.47,80.15,71.05,68.09,111.0,7.0,78.3,56.96,72.23,212,0,0.0,0,1.0,1.0,74.55
71.63,17.36,77.06,75.76,47.09,54.02,75.84,49.58,147.0,5.0,82.13,64.84,70.09,345,0,0.0,0,0.0,0.0,42.01
55.67,63.9,57.32,38.4,48.7,44.46,66.33,51.19,124.0,4.0,43.87,55.05,63.85,169,1,0.0,0,0.0,0.0,59.14
85.26,71.94,82.34,68.57,100.0,81.41,63.71,45.23,168.0,11.0,53.97,65.48,53.97,385,1,1.0,0,1.0,1.0,77.45
70.04,25.7,29.75,69.46,65.06,57.54,47.36,67.41,154.0,6.0,52.44,59.53,56.13,212,1,0.0,0,0.0,0.0,35.54
41.21,46.97,43.96,42.92,67.14,46.89,89.54,85.44,144.0,7.0,61.07,79.88,64.03,164,0,0.0,0,0.0,0.0,37.43
67.77,49.15,37.85,52.9,60.43,49.35,88.53,88.99,153.0,3.0,77.71,89.15,68.28,170,0,0.0,1,0.0,0.0,61.93
91.85,80.54,82.54,100.0,75.24,69.74,82.04,68.1,157.0,8.0,64.89,100.0,67.49,178,1,1.0,0,1.0,0.0,76.32
61.32,74.84,53.36,68.82,63.32,72.52,87.78,66.69,133.0,4.0,65.31,60.1,74.3,204,1,0.0,0,0.0,1.0,61.93
51.02,0.0,52.61,67.49,43.58,33.06,80.63,77.9,,4.0,75.56,72.61,28.22,251,0,0.0,0,0.0,0.0,24.52
82.31,50.1,68.56,100.0,71.76,58.17,71.84,69.3,159.0,9.0,51.09,58.42,71.75,275,0,1.0,0,1.0,0.0,58.63
57.04,82.24,23.66,42.07,42.29,50.1,60.47,51.72,159.0,7.0,49.07,65.5,38.84,154,1,0.0,1,0.0,0.0,52.03
46.79,43.31,26.95,53.58,75.86,50.42,67.86,52.48,126.0,6.0,50.2,88.87,72.66,295,0,1.0,1,1.0,0.0,52.14
57.52,44.66,74.32,95.51,51.39,63.82,56.28,60.94,179.0,5.0,47.23,49.93,46.21,195,0,0.0,0,0.0,0.0,42.71
55.26,68.03,40.81,73.61,79.45,53.42,58.49,69.28,114.0,11.0,54.9,66.65,44.07,183,0,0.0,0,0.0,1.0,56.95
54.21,31.55,53.13,94.16,43.71,46.23,65.07,53.78,98.0,8.0,55.23,25.78,57.49,98,0,0.0,0,0.0,0.0,25.39
70.28,59.5,19.96,50.32,66.64,51.24,82.86,92.38,173.0,5.0,80.33,75.3,68.77,205,0,1.0,1,0.0,0.0,58.06
62.79,10.33,54.1,85.33,65.07,52.72,85.19,92.06,155.0,6.0,57.81,68.81,67.36,198,0,0.0,0,0.0,0.0,47.65
86.9,62.29,73.65,83.09,83.33,75.81,91.99,93.52,146.0,7.0,85.6,90.54,82.99,271,0,1.0,1,1.0,1.0,82.67
59.66,63.47,75.16,63.86,55.94,61.46,35.08,34.14,149.0,8.0,55.85,37.85,48.34,318,1,1.0,0,0.0,0.0,50.69
61.55,65.36,53.81,72.96,64.17,64.05,89.34,94.93,130.0,0.0,88.71,71.4,70.99,105,1,0.0,1,0.0,0.0,56.87
80.15,70.01,40.68,67.1,80.21,55.81,48.65,44.27,105.0,6.0,50.78,46.73,56.75,219,1,1.0,0,0.0,1.0,59.93
68.84,39.82,43.62,60.92,58.64,52.96,64.79,41.48,131.0,6.0,,31.43,47.8,237,1,0.0,0,1.0,0.0,55.26
36.2,53.68,44.85,49.63,31.3,41.57,64.0,46.61,126.0,14.0,34.9,46.5,48.45,218,0,0.0,0,0.0,0.0,24.12
36.01,33.88,36.17,36.48,45.9,34.69,87.68,81.45,124.0,8.0,62.28,78.51,40.75,193,0,0.0,0,0.0,0.0,31.57
56.6,30.94,55.07,52.35,45.96,43.2,50.93,74.16,126.0,7.0,47.1,38.88,48.68,189,0,0.0,1,0.0,0.0,27.34
37.25,37.55,31.76,54.55,42.19,36.97,50.94,74.57,126.0,9.0,61.66,56.93,47.66,289,0,1.0,0,0.0,0.0,37.57
51.96,54.17,35.5,73.57,78.05,48.56,52.41,60.07,129.0,7.0,47.29,70.71,48.27,472,0,1.0,0,0.0,1.0,48.75
57.61,77.58,42.61,64.52,74.47,75.56,44.82,51.79,143.0,6.0,44.64,28.78,73.05,275,1,1.0,1,1.0,1.0,74.34
61.4,56.4,38.53,57.38,41.59,56.6,77.59,74.07,151.0,3.0,64.85,68.33,78.26,348,1,0.0,1,1.0,0.0,63.32
78.17,67.26,55.44,79.24,97.72,76.09,90.23,74.61,148.0,3.0,58.54,78.42,82.64,415,1,1.0,1,1.0,1.0,81.27
50.26,30.33,26.16,55.86,42.61,33.69,82.66,62.59,96.0,1.0,76.26,87.39,67.43,184,0,0.0,0,1.0,0.0,35.25
57.0,18.15,58.38,49.67,71.36,40.5,63.62,73.5,121.0,4.0,66.81,67.88,,238,0,0.0,0,1.0,1.0,49.16
64.75,32.17,45.93,59.55,45.56,44.52,32.13,34.65,116.0,10.0,43.38,29.64,42.95,82,0,0.0,0,0.0,0.0,23.07
51.98,52.27,50.55,66.85,63.48,52.36,43.24,68.15,158.0,14.0,29.56,66.23,47.97,203,0,0.0,0,1.0,0.0,42.02
49.75,83.03,0.0,54.69,76.24,40.74,62.9,67.68,123.0,8.0,73.07,70.38,60.25,288,1,0.0,1,1.0,1.0,69.31
34.23,22.71,30.74,17.64,30.27,29.63,67.65,70.96,105.0,2.0,48.34,46.64,47.29,167,0,0.0,0,0.0,0.0,15.91
90.68,43.89,73.48,57.17,66.6,70.53,74.02,50.31,153.0,5.0,68.19,57.38,73.55,293,1,1.0,0,0.0,1.0,80.55
50.71,78.98,30.06,45.84,62.32,,42.46,67.5,138.0,11.0,22.66,48.21,37.35,255,1,0.0,1,0.0,0.0,46.87
63.83,35.93,75.38,68.9,35.01,46.01,75.51,90.0,186.0,5.0,72.91,68.86,64.44,225,0,0.0,0,0.0,0.0,40.69
54.39,58.04,31.3,51.36,38.55,51.97,84.7,80.46,117.0,3.0,61.57,49.44,72.34,217,0,0.0,0,0.0,0.0,46.84
73.88,88.87,51.69,69.41,87.89,72.73,59.67,69.23,134.0,4.0,65.36,68.39,57.24,315,1,1.0,0,1.0,1.0,75.12
50.14,61.44,49.22,66.8,92.93,52.64,64.11,52.16,120.0,9.0,49.87,61.59,55.82,257,0,1.0,1,0.0,0.0,66.23
,54.22,79.34,67.09,74.4,70.82,75.08,60.49,122.0,1.0,59.83,72.92,,251,0,0.0,0,1.0,1.0,67.18
100.0,71.75,77.38,91.6,88.09,76.55,50.96,35.25,122.0,8.0,43.25,47.07,47.86,209,1,0.0,1,0.0,1.0,64.43
100.0,87.46,62.98,88.48,78.12,77.75,70.67,65.95,120.0,2.0,56.17,61.47,81.31,179,1,0.0,1,0.0,1.0,76.68
60.93,53.04,47.37,47.41,77.73,47.44,42.92,28.57,139.0,11.0,35.4,26.86,34.59,231,0,0.0,0,1.0,0.0,38.33
65.67,30.55,66.74,85.86,54.85,,47.91,47.32,138.0,9.0,57.31,54.9,65.45,166,0,0.0,0,0.0,0.0,42.12
44.98,49.3,43.53,64.25,59.23,52.96,52.24,60.3,137.0,2.0,62.46,45.75,39.91,311,1,0.0,0,0.0,0.0,44.41
100.0,80.28,74.16,67.68,84.41,76.15,84.75,75.19,165.0,4.0,90.07,80.27,63.11,206,1,1.0,0,1.0,1.0,84.22
62.18,46.4,36.47,56.84,53.13,51.52,63.49,51.92,149.0,9.0,38.04,32.67,48.14,173,0,0.0,1,0.0,0.0,39.03
62.2,66.45,51.43,54.21,63.5,56.6,47.09,48.16,152.0,11.0,66.36,46.82,57.83,301,1,0.0,0,1.0,0.0,54.61
,77.75,62.54,74.18,69.3,72.55,70.93,74.55,143.0,7.0,69.52,79.58,72.09,181,0,1.0,1,1.0,0.0,77.15
50.32,65.18,20.3,36.06,51.82,41.18,88.82,71.34,148.0,2.0,79.22,70.24,76.85,150,0,0.0,0,0.0,0.0,45.6
76.51,59.5,70.6,80.92,77.17,76.44,67.41,56.48,156.0,6.0,53.11,68.04,57.54,226,0,1.0,1,0.0,0.0,70.65
86.23,75.5,76.08,100.0,75.0,79.84,77.54,66.72,120.0,11.0,74.53,74.13,83.32,358,1,0.0,0,0.0,1.0,80.64
61.05,27.82,46.56,54.01,59.58,47.18,68.92,60.92,128.0,8.0,45.07,48.05,36.41,201,0,0.0,0,1.0,0.0,42.83
57.84,45.5,42.25,49.37,66.47,50.67,47.78,54.98,138.0,,72.51,54.51,43.38,291,0,1.0,0,1.0,1.0,64.56
73.1,71.96,59.84,86.2,71.93,63.86,51.78,78.42,138.0,6.0,55.56,53.7,53.32,225,1,0.0,1,0.0,0.0,65.96
86.19,55.37,71.48,59.2,64.25,61.83,54.5,65.68,112.0,2.0,53.7,56.01,44.67,227,0,1.0,1,0.0,0.0,54.43
73.75,49.03,46.33,45.85,75.8,57.58,86.0,63.27,156.0,3.0,63.61,69.77,71.59,322,0,0.0,0,1.0,1.0,55.65
62.24,50.35,37.67,65.43,67.06,44.57,40.25,75.05,161.0,14.0,40.99,60.36,35.51,170,0,1.0,1,0.0,1.0,43.25
78.37,55.74,66.98,69.74,49.12,56.98,80.24,72.41,166.0,1.0,78.19,64.59,77.0,254,0,1.0,0,0.0,0.0,67.86
89.89,14.13,23.5,36.64,56.71,37.84,54.63,77.09,125.0,8.0,66.78,61.17,57.9,232,0,0.0,0,0.0,0.0,34.58
62.57,30.73,70.39,56.34,51.83,53.95,79.0,56.63,156.0,12.0,58.14,55.98,54.66,347,1,1.0,0,0.0,0.0,49.31
63.38,30.89,87.94,97.47,65.23,63.24,51.57,49.06,130.0,9.0,50.71,58.3,51.15,192,0,0.0,0,0.0,0.0,49.23
71.96,70.22,74.01,100.0,67.91,76.84,52.94,60.8,139.0,12.0,39.01,45.72,57.05,204,1,1.0,1,1.0,0.0,61.24
80.37,52.91,48.94,55.45,59.4,55.32,80.26,60.6,161.0,1.0,82.33,66.82,80.71,135,0,0.0,0,0.0,0.0,54.21
82.73,64.57,87.54,76.02,61.56,65.6,95.28,79.05,167.0,3.0,63.86,51.62,62.76,216,1,1.0,1,0.0,1.0,68.28
57.67,54.11,61.14,56.98,50.09,43.96,73.41,57.23,132.0,3.0,54.99,57.14,31.46,307,1,0.0,0,1.0,0.0,62.0
68.22,50.63,33.56,81.87,63.96,55.01,53.13,47.74,128.0,6.0,53.92,45.92,48.45,209,1,,0,0.0,0.0,50.15
63.26,47.42,69.88,76.66,88.44,70.47,38.81,55.39,162.0,7.0,60.72,52.85,46.15,302,0,1.0,0,1.0,1.0,68.29
75.02,66.67,62.91,92.86,74.12,66.93,66.69,39.28,137.0,7.0,26.02,46.72,40.66,358,0,1.0,1,0.0,1.0,61.93
66.92,57.28,24.5,70.29,43.49,48.79,,57.91,90.0,5.0,74.19,49.48,55.94,316,0,1.0,1,1.0,1.0,58.7
42.45,9.67,45.36,32.29,48.94,32.81,58.96,53.83,146.0,3.0,69.42,73.28,37.48,248,0,0.0,0,0.0,0.0,20.25
80.52,73.18,66.79,75.19,72.23,70.95,68.23,74.72,125.0,11.0,55.45,66.8,67.26,295,1,1.0,0,0.0,0.0,68.79
59.22,62.31,35.79,60.24,81.75,61.39,72.53,52.55,135.0,11.0,43.54,69.87,47.22,227,1,1.0,1,1.0,0.0,59.49
63.73,45.36,46.62,49.99,56.11,61.27,60.28,56.67,149.0,6.0,68.99,63.73,89.91,397,1,1.0,0,0.0,1.0,64.17
83.87,33.32,62.73,67.34,85.27,64.37,60.02,80.18,105.0,3.0,76.07,72.91,73.47,202,0,,0,1.0,1.0,61.42
59.23,50.87,67.12,56.38,59.4,58.43,61.98,79.23,152.0,8.0,60.48,82.23,50.8,323,0,1.0,1,1.0,0.0,61.38
55.61,48.33,50.59,73.78,77.35,53.02,54.45,41.71,110.0,8.0,59.31,64.02,45.72,323,0,1.0,0,1.0,0.0,43.51
64.87,60.15,68.29,68.15,38.51,55.93,92.51,100.0,130.0,2.0,82.01,82.51,69.36,122,0,0.0,1,0.0,0.0,55.75
77.71,82.5,41.09,79.94,70.95,65.24,48.55,50.45,142.0,21.0,44.74,41.91,60.64,179,0,1.0,1,1.0,1.0,64.84
58.63,33.8,68.49,69.04,65.31,50.83,63.69,60.83,117.0,7.0,64.16,91.22,52.05,263,0,0.0,0,1.0,0.0,57.8
91.1,48.69,65.36,80.85,82.9,68.94,59.1,52.74,116.0,9.0,64.55,38.0,50.41,244,1,1.0,0,1.0,0.0,62.11
58.96,55.92,60.09,71.17,67.18,60.96,74.57,69.17,146.0,3.0,71.14,57.73,50.74,293,0,0.0,0,,0.0,58.83
65.12,71.17,45.13,44.66,70.71,58.3,60.6,80.58,148.0,1.0,69.78,58.4,59.32,230,1,1.0,1,,1.0,72.67
70.3,59.2,52.97,31.88,77.8,56.39,39.98,57.72,132.0,10.0,50.94,48.35,41.16,344,0,1.0,0,1.0,0.0,55.99
91.91,74.83,49.45,76.22,76.8,70.89,55.06,51.35,149.0,7.0,64.07,48.83,64.2,318,0,0.0,1,1.0,1.0,76.65
60.99,35.5,41.03,72.89,57.78,41.9,41.78,33.38,190.0,9.0,31.82,36.66,18.39,224,0,0.0,0,0.0,0.0,21.7
70.08,79.39,42.74,68.16,79.46,68.81,56.69,43.52,111.0,0.0,69.04,61.18,66.82,230,1,0.0,1,0.0,1.0,72.83
98.16,89.32,83.3,77.44,66.81,78.02,82.59,77.03,101.0,4.0,66.88,56.77,70.24,345,1,1.0,1,1.0,0.0,78.47
54.16,28.18,8.95,29.2,40.52,24.53,30.31,43.37,154.0,12.0,39.61,40.4,13.4,190,0,0.0,0,0.0,0.0,24.8
70.79,35.22,71.33,89.63,50.46,59.14,70.93,68.02,119.0,3.0,62.99,65.42,65.39,193,0,0.0,0,0.0,0.0,48.48
82.68,68.51,61.67,65.97,61.67,68.48,56.16,60.58,144.0,11.0,52.38,34.72,63.46,162,1,0.0,0,0.0,0.0,57.79
68.6,57.8,63.5,70.99,65.95,55.48,63.44,57.77,150.0,10.0,59.89,44.88,49.29,289,1,0.0,0,0.0,1.0,51.0
69.43,60.36,60.77,63.41,86.7,67.38,36.64,55.99,134.0,11.0,38.55,32.35,55.5,233,1,0.0,0,1.0,0.0,52.8
79.89,18.54,80.11,65.76,65.02,60.71,63.26,61.1,144.0,2.0,67.02,61.15,47.06,289,0,1.0,0,0.0,1.0,64.0
77.38,40.75,72.38,56.3,53.28,69.25,60.53,52.23,169.0,8.0,67.38,55.98,40.21,307,0,1.0,1,1.0,,54.87
100.0,60.39,58.48,85.67,82.87,70.89,40.93,30.57,125.0,6.0,56.64,47.4,53.67,165,1,0.0,0,0.0,0.0,59.03
49.65,56.45,36.94,46.9,35.94,43.02,58.6,53.86,161.0,8.0,36.47,68.28,37.53,248,1,0.0,1,0.0,0.0,45.6
96.73,77.43,70.57,76.4,78.01,72.8,59.12,49.1,115.0,5.0,57.15,54.99,,356,1,1.0,0,1.0,0.0,69.36
70.07,44.07,56.95,90.7,32.08,55.54,47.26,36.66,143.0,9.0,38.81,47.23,53.7,212,0,0.0,0,0.0,0.0,41.01
61.01,66.77,22.03,50.43,57.55,49.51,83.28,53.33,150.0,6.0,52.45,90.1,62.1,257,1,0.0,1,0.0,0.0,51.71
60.32,64.22,36.92,27.31,52.6,55.01,57.46,39.6,137.0,9.0,50.88,69.11,69.87,227,0,0.0,1,0.0,0.0,49.33
68.56,47.74,58.61,61.77,63.56,53.51,58.77,54.95,156.0,9.0,54.73,28.8,58.26,319,0,0.0,0,0.0,1.0,54.55
68.29,13.0,41.1,47.34,38.51,41.88,58.92,55.15,139.0,9.0,54.46,64.49,55.19,215,0,0.0,0,0.0,0.0,31.28
77.37,65.76,48.31,68.33,60.72,59.32,67.52,57.85,145.0,10.0,69.69,92.8,53.35,279,0,0.0,0,0.0,0.0,43.78
64.32,75.6,26.26,49.56,74.59,44.96,50.06,46.41,124.0,6.0,59.32,73.24,27.57,198,1,1.0,1,1.0,1.0,62.13
95.83,45.83,80.72,84.51,52.59,71.0,88.24,80.93,124.0,3.0,87.68,90.87,96.53,208,0,0.0,1,0.0,0.0,66.16
84.82,56.2,81.37,70.34,71.58,58.41,50.43,56.8,119.0,8.0,43.74,56.84,56.01,282,0,0.0,0,1.0,0.0,51.7
30.16,28.87,15.59,27.71,27.76,23.59,64.75,66.03,128.0,1.0,73.69,71.68,64.46,171,0,0.0,0,0.0,0.0,13.02
64.19,61.95,69.56,68.05,46.08,57.42,72.86,97.38,117.0,11.0,71.94,90.76,51.71,241,0,0.0,0,0.0,0.0,48.99
61.14,21.09,65.72,56.71,65.45,49.06,66.76,90.69,173.0,10.0,71.95,53.15,68.46,265,0,0.0,0,1.0,0.0,50.54
58.88,58.8,34.8,49.81,72.05,52.18,46.02,49.71,131.0,7.0,40.38,60.46,49.52,271,0,1.0,0,0.0,0.0,51.0
65.21,76.6,51.54,72.45,72.19,63.22,66.8,46.78,139.0,12.0,33.81,53.01,66.78,187,0,1.0,0,0.0,0.0,60.26
94.32,79.63,63.62,83.87,75.26,77.29,77.67,81.0,120.0,4.0,77.62,66.14,79.55,255,0,0.0,1,0.0,1.0,76.65
52.02,51.68,44.39,52.44,39.5,44.67,56.47,37.89,175.0,13.0,39.64,40.18,44.68,180,1,0.0,0,0.0,0.0,41.79
43.59,39.28,54.33,68.63,49.39,60.71,82.65,85.4,137.0,5.0,75.17,55.25,71.36,171,0,0.0,0,0.0,0.0,48.09
62.43,33.4,46.43,74.69,52.54,45.86,47.09,59.0,126.0,12.0,42.9,63.78,41.55,317,0,0.0,0,0.0,0.0,36.96
66.62,48.07,50.47,51.02,62.71,45.73,71.34,50.86,131.0,13.0,62.39,85.4,65.06,266,0,0.0,0,0.0,0.0,44.9
79.05,35.42,68.01,75.04,83.14,53.5,64.34,38.92,135.0,5.0,55.86,40.89,48.13,280,0,1.0,0,1.0,1.0,61.54
72.18,59.31,57.82,96.41,57.74,65.47,68.07,61.23,134.0,5.0,60.11,46.09,55.66,208,0,0.0,1,0.0,0.0,55.88
68.77,49.45,54.91,68.82,76.66,48.95,47.51,33.32,112.0,14.0,48.39,65.65,45.88,289,1,0.0,0,0.0,1.0,53.12
50.04,95.85,27.76,57.51,71.54,50.36,52.96,55.35,153.0,11.0,42.95,66.49,54.82,300,1,0.0,1,0.0,0.0,54.75
67.14,49.56,64.01,63.33,50.31,47.15,72.8,58.42,120.0,6.0,48.25,77.49,55.39,237,0,0.0,0,0.0,0.0,49.85
92.5,66.62,56.22,66.63,75.08,71.37,72.37,78.82,155.0,8.0,64.63,57.28,63.93,298,0,0.0,0,0.0,1.0,69.02
63.68,24.36,75.22,55.65,48.0,57.56,60.98,75.22,115.0,15.0,42.68,64.04,64.49,205,0,0.0,0,0.0,0.0,37.8
77.96,16.09,48.31,72.77,73.82,45.76,54.79,55.12,141.0,14.0,53.9,71.68,55.59,251,0,0.0,0,0.0,1.0,42.41
50.07,65.56,38.72,64.98,77.95,56.7,66.16,29.89,121.0,7.0,51.71,53.19,52.46,162,0,0.0,0,0.0,0.0,50.0
95.15,69.64,61.5,86.09,82.52,58.02,33.6,37.45,122.0,10.0,46.12,47.03,35.6,263,0,1.0,0,0.0,1.0,55.69
42.25,25.33,20.93,68.66,66.23,32.87,83.88,100.0,150.0,1.0,52.49,71.24,52.07,86,0,0.0,0,0.0,0.0,21.13
56.56,,55.75,49.46,59.07,55.19,79.5,62.72,162.0,15.0,42.95,69.5,52.76,196,0,1.0,1,0.0,0.0,55.23
53.87,30.36,38.65,60.57,60.45,41.67,56.08,29.72,171.0,7.0,54.09,72.65,40.88,191,1,0.0,0,0.0,1.0,40.15
66.51,41.44,48.01,59.14,58.08,56.83,71.88,94.19,147.0,8.0,58.59,60.51,67.81,228,0,0.0,0,1.0,1.0,55.56
97.08,53.71,72.53,77.54,86.22,59.24,84.75,46.76,142.0,,67.6,89.19,78.42,261,0,1.0,1,1.0,1.0,78.64
64.56,50.23,57.8,60.28,73.91,52.64,49.85,48.31,120.0,10.0,43.68,43.82,48.1,119,0,1.0,0,0.0,0.0,45.85
63.75,45.27,64.04,56.59,72.01,59.01,60.23,36.74,106.0,9.0,48.08,43.94,55.26,279,0,0.0,0,0.0,0.0,48.22
50.25,28.53,41.15,42.41,43.09,41.07,96.45,99.63,155.0,5.0,72.84,90.68,57.64,203,0,0.0,0,0.0,0.0,38.45
61.34,32.04,66.79,71.13,54.12,54.45,89.48,47.85,138.0,5.0,47.07,65.12,52.1,243,0,0.0,0,0.0,0.0,44.68
97.06,74.6,43.99,77.19,83.6,72.73,36.59,35.28,135.0,9.0,57.83,38.79,62.87,349,1,1.0,1,1.0,1.0,71.01
95.15,63.6,52.02,81.03,84.03,63.47,72.09,78.27,133.0,8.0,74.55,60.75,53.39,221,1,0.0,1,1.0,1.0,79.48
54.98,39.89,41.35,45.55,45.98,38.46,64.74,49.44,126.0,5.0,50.85,79.18,43.31,234,1,0.0,0,1.0,0.0,48.29
75.99,44.22,81.57,65.11,62.62,75.81,66.03,56.99,151.0,7.0,47.37,41.44,56.89,290,0,1.0,0,1.0,1.0,76.82
70.71,32.75,87.13,76.75,58.2,51.57,65.52,57.46,170.0,7.0,51.14,61.59,59.03,239,0,0.0,0,0.0,0.0,45.88
58.31,53.61,66.72,53.11,44.77,44.29,48.62,76.65,,1.0,72.43,65.37,48.9,274,0,0.0,0,0.0,0.0,49.34
91.33,76.46,85.28,84.22,81.16,82.95,31.63,26.0,101.0,6.0,35.25,32.75,47.0,389,1,1.0,1,1.0,1.0,75.45
73.84,52.6,70.71,85.75,89.84,60.84,78.48,43.44,137.0,6.0,59.97,51.9,77.82,368,0,1.0,0,1.0,1.0,68.34
83.65,85.66,77.33,92.67,78.03,88.42,78.65,59.66,128.0,3.0,81.68,69.13,95.41,295,1,1.0,1,1.0,1.0,96.2
62.41,48.25,41.4,43.47,67.23,66.73,87.31,88.27,163.0,6.0,74.35,62.97,76.06,97,0,0.0,0,0.0,0.0,51.7
65.19,53.18,28.81,63.71,62.07,49.06,59.53,78.14,147.0,6.0,77.49,63.09,58.63,300,0,1.0,0,0.0,0.0,58.21
61.2,54.61,43.25,53.09,51.41,52.0,52.71,54.25,171.0,8.0,55.64,64.02,46.72,227,0,0.0,1,0.0,0.0,41.31
55.94,0.0,72.05,57.27,25.83,26.72,90.05,88.93,162.0,1.0,75.28,91.76,57.84,134,0,0.0,0,0.0,0.0,32.71
86.26,58.47,61.85,34.97,70.7,69.13,42.46,28.22,138.0,6.0,46.19,43.55,41.04,213,1,0.0,1,1.0,1.0,64.91
67.02,54.95,59.61,69.38,38.99,40.89,63.01,68.94,141.0,6.0,60.36,52.78,61.66,208,1,0.0,0,0.0,0.0,52.76
59.52,68.89,46.78,74.29,91.34,53.89,72.87,67.69,147.0,4.0,54.94,70.68,57.47,219,1,0.0,1,0.0,1.0,63.15
83.58,77.45,65.26,76.08,70.56,71.46,65.54,57.01,123.0,2.0,64.89,61.46,58.23,193,1,0.0,1,0.0,1.0,76.68
64.15,26.9,48.25,51.64,52.01,48.52,71.76,79.26,148.0,2.0,60.19,72.76,54.13,288,0,1.0,0,0.0,0.0,49.05
83.1,47.66,64.25,100.0,90.99,59.55,72.92,44.52,165.0,5.0,75.67,72.05,72.16,318,0,1.0,0,1.0,1.0,75.88
84.28,39.43,56.25,86.91,62.15,56.27,85.93,69.74,131.0,4.0,75.65,67.77,65.44,253,0,0.0,0,1.0,0.0,52.32
45.67,20.29,68.61,50.72,60.23,34.19,28.02,54.45,129.0,7.0,41.65,26.58,26.41,162,0,1.0,0,0.0,0.0,23.09
80.53,58.3,53.32,54.01,51.26,56.22,83.79,69.86,153.0,6.0,55.43,59.98,42.37,274,0,1.0,0,0.0,0.0,53.32
55.98,39.61,35.83,28.47,55.58,37.59,71.2,56.23,167.0,10.0,60.27,57.8,52.34,183,0,0.0,0,0.0,0.0,40.21
64.64,84.9,51.74,64.57,77.26,61.24,76.12,63.14,127.0,9.0,69.37,68.31,69.26,136,1,0.0,0,1.0,1.0,70.04
64.54,67.83,58.87,49.92,55.77,61.66,65.52,67.83,143.0,8.0,54.79,56.37,54.45,242,0,0.0,0,0.0,0.0,59.25
79.19,43.27,30.54,74.8,69.43,55.86,87.77,62.47,142.0,3.0,69.89,87.79,59.35,194,0,1.0,0,0.0,0.0,55.61
67.51,54.43,45.06,80.06,38.04,55.48,76.11,66.68,136.0,11.0,54.7,59.6,49.13,237,0,1.0,0,1.0,0.0,55.18
39.62,73.24,33.12,42.59,69.34,48.23,53.5,55.43,104.0,13.0,53.17,46.44,46.32,201,1,0.0,0,0.0,0.0,33.62
53.7,74.24,25.73,42.8,54.68,53.4,87.39,76.42,129.0,4.0,63.75,80.73,53.86,153,1,1.0,1,0.0,0.0,65.45
86.08,47.26,65.34,100.0,79.51,67.3,57.6,65.58,116.0,4.0,61.26,78.99,49.05,307,0,1.0,0,1.0,1.0,67.61
68.58,63.41,26.77,62.2,62.04,50.36,63.05,64.59,136.0,0.0,70.42,56.71,52.61,236,1,0.0,0,0.0,0.0,59.35
73.92,27.46,41.93,70.66,53.63,51.85,47.46,24.19,128.0,11.0,59.69,43.56,69.67,221,0,0.0,0,0.0,0.0,38.57
60.66,62.3,23.7,45.64,51.85,44.87,51.25,47.58,116.0,14.0,37.11,38.67,68.22,212,1,0.0,1,1.0,0.0,44.42
74.67,63.33,55.54,80.65,75.59,62.29,92.99,81.79,138.0,2.0,74.99,70.84,84.2,281,1,0.0,1,1.0,1.0,72.69
58.26,88.06,42.4,61.2,68.07,66.96,38.69,43.13,169.0,9.0,61.65,35.76,60.6,249,1,0.0,1,0.0,0.0,57.19
77.46,72.79,76.29,57.94,67.73,74.18,74.51,69.81,128.0,8.0,64.87,67.88,49.63,238,1,0.0,0,0.0,0.0,61.03
100.0,59.29,75.57,100.0,93.19,76.47,91.53,72.9,136.0,0.0,79.54,77.07,100.0,288,0,0.0,0,1.0,1.0,75.24
89.79,45.2,80.7,100.0,77.19,75.92,48.51,64.49,133.0,5.0,62.91,57.08,64.88,242,0,0.0,0,1.0,1.0,78.1
68.88,45.9,60.82,74.35,51.57,47.62,41.75,46.05,123.0,10.0,48.1,30.3,34.08,105,0,0.0,1,0.0,0.0,40.31
70.98,63.98,30.71,79.29,55.49,53.43,53.37,41.17,109.0,3.0,72.87,58.03,82.82,178,0,0.0,0,0.0,1.0,60.54
73.12,51.62,37.5,90.96,66.38,52.29,90.88,95.44,175.0,6.0,65.44,90.2,65.05,245,1,1.0,0,0.0,0.0,57.01
73.09,50.79,67.46,56.81,71.85,60.71,62.81,66.83,106.0,6.0,55.77,63.01,66.67,318,1,1.0,0,1.0,1.0,61.73
46.51,51.71,42.71,47.78,57.7,50.51,58.71,60.39,107.0,17.0,43.83,57.26,47.6,163,0,0.0,1,0.0,0.0,33.54
63.18,54.1,54.97,57.44,55.27,57.18,51.76,23.58,151.0,7.0,50.03,59.04,57.97,212,0,0.0,0,1.0,0.0,56.84
78.8,40.6,90.76,82.73,75.7,69.63,84.88,80.25,105.0,1.0,75.78,77.53,79.64,296,1,0.0,0,1.0,1.0,68.04
51.1,34.11,32.74,56.71,70.58,44.68,62.02,74.63,152.0,6.0,52.09,50.79,59.84,304,0,1.0,0,1.0,0.0,48.34
82.29,48.33,71.72,68.85,64.55,62.22,65.32,49.77,155.0,1.0,48.76,57.06,71.13,293,1,0.0,0,1.0,0.0,59.8
71.36,43.21,50.47,67.45,61.04,61.39,96.75,100.0,129.0,7.0,66.32,92.51,73.11,227,0,0.0,1,0.0,0.0,54.96
72.16,37.72,68.43,78.38,100.0,54.49,66.34,45.54,140.0,1.0,86.81,83.33,65.4,292,0,1.0,0,1.0,1.0,77.07
70.08,71.89,49.0,84.81,75.16,,61.22,52.7,138.0,10.0,40.36,23.45,54.02,403,1,0.0,1,1.0,1.0,67.4
100.0,66.81,58.22,81.16,63.3,72.77,46.95,55.31,122.0,10.0,68.09,55.2,49.85,313,1,1.0,0,0.0,0.0,66.49
50.21,44.06,42.14,36.77,60.26,53.81,96.48,78.54,132.0,4.0,58.65,70.71,58.0,209,1,0.0,1,0.0,0.0,54.32
54.52,59.9,42.63,61.37,45.4,47.17,65.1,64.3,136.0,7.0,58.9,67.2,51.46,215,1,0.0,1,0.0,0.0,45.92
65.59,67.09,69.06,95.37,75.55,65.12,38.64,31.91,127.0,10.0,63.38,29.45,66.41,347,1,0.0,0,1.0,0.0,67.68
70.68,35.98,64.15,75.07,71.88,49.61,48.09,34.14,147.0,8.0,51.8,37.01,53.31,199,0,1.0,1,0.0,0.0,47.92
57.23,29.75,65.62,73.16,43.72,44.74,40.12,54.98,133.0,13.0,34.88,31.9,39.88,201,0,0.0,0,0.0,0.0,35.85
48.41,51.42,27.96,49.71,82.45,51.94,42.98,23.9,144.0,9.0,41.49,43.34,43.15,321,1,1.0,1,1.0,1.0,63.97
59.64,61.65,19.69,61.37,56.22,57.62,46.54,47.19,129.0,10.0,39.24,45.34,36.97,259,0,0.0,1,0.0,1.0,42.75
78.63,73.54,29.58,51.19,64.4,56.65,64.01,47.62,150.0,7.0,62.39,54.63,,129,1,0.0,1,0.0,0.0,47.77
66.99,71.07,34.39,52.87,49.52,48.71,62.11,57.17,155.0,10.0,52.48,75.45,54.43,253,1,0.0,0,0.0,0.0,50.51
83.5,59.19,63.42,66.45,57.84,63.59,60.93,66.02,103.0,6.0,58.97,51.52,59.54,140,0,0.0,0,0.0,0.0,52.05
67.0,37.22,83.74,83.46,55.5,48.97,94.07,100.0,150.0,3.0,92.61,72.75,79.02,426,0,1.0,0,0.0,0.0,65.09
65.79,70.64,54.99,54.36,60.85,66.56,71.8,74.5,127.0,0.0,72.25,74.72,64.55,215,1,0.0,1,0.0,0.0,61.6
41.22,45.34,31.51,18.88,29.44,26.74,80.41,47.12,133.0,1.0,59.37,41.76,57.44,194,1,0.0,1,0.0,0.0,37.53
62.05,18.1,65.64,61.27,55.08,49.2,65.52,92.44,145.0,11.0,58.95,70.68,40.14,374,0,1.0,0,0.0,0.0,39.38
77.09,41.53,40.23,65.36,46.31,52.49,78.67,29.63,143.0,8.0,37.16,65.35,47.06,190,0,0.0,0,0.0,0.0,46.46
97.44,62.5,73.48,83.81,82.35,78.68,65.8,62.44,135.0,9.0,60.52,41.87,69.69,233,0,1.0,0,1.0,0.0,75.37
46.44,22.59,66.1,54.27,41.08,43.17,77.01,67.76,153.0,5.0,44.75,53.89,54.16,320,0,1.0,0,0.0,0.0,40.45
85.74,62.52,56.91,56.03,62.59,63.19,60.56,60.34,142.0,7.0,66.0,49.02,67.97,374,0,0.0,0,0.0,1.0,74.55
84.49,83.02,79.85,83.55,80.28,79.96,86.62,90.1,128.0,6.0,92.72,95.16,92.4,280,1,1.0,1,0.0,1.0,94.51
67.62,46.94,68.22,63.35,86.46,66.4,75.01,71.75,160.0,1.0,87.56,66.19,82.96,270,0,1.0,0,1.0,1.0,72.12
70.42,35.2,42.93,63.42,49.15,59.06,48.92,63.23,156.0,12.0,62.78,47.08,70.51,171,0,1.0,0,0.0,0.0,45.25
56.96,34.81,45.4,69.29,69.66,42.32,75.25,61.65,141.0,12.0,55.64,49.18,73.5,323,0,0.0,0,1.0,0.0,54.36
83.19,49.12,43.8,100.0,83.38,52.48,71.36,51.39,130.0,6.0,59.45,44.43,55.11,256,1,1.0,0,0.0,0.0,58.13
62.7,75.75,66.75,86.07,84.77,59.0,52.72,87.38,123.0,8.0,67.75,59.13,79.84,218,1,1.0,1,0.0,0.0,82.41
49.58,39.37,36.79,62.63,53.61,32.41,47.56,56.13,167.0,10.0,29.46,44.11,,306,0,1.0,0,0.0,0.0,38.22
74.87,61.02,64.17,83.74,80.4,59.31,46.5,46.91,133.0,10.0,44.27,46.27,37.25,179,0,1.0,0,1.0,1.0,66.52
62.07,64.0,30.21,19.58,38.12,37.25,75.2,71.83,143.0,9.0,59.12,82.8,48.16,243,0,0.0,1,0.0,0.0,44.63
76.56,27.73,36.41,68.81,45.01,44.05,92.62,95.27,150.0,4.0,91.92,81.88,72.36,80,0,0.0,0,0.0,0.0,35.93
54.23,29.51,64.61,75.71,49.36,53.19,70.87,53.35,90.0,6.0,66.12,48.94,62.43,247,0,0.0,0,0.0,0.0,40.74
88.42,86.6,22.57,65.82,66.07,67.88,66.95,60.94,123.0,6.0,62.39,83.79,46.83,269,1,0.0,1,1.0,1.0,66.12
65.61,44.75,42.66,62.27,58.6,46.95,54.46,60.68,177.0,8.0,60.31,76.65,41.83,264,0,0.0,0,0.0,1.0,45.71
55.59,28.19,27.85,40.81,39.86,33.22,86.09,66.91,92.0,3.0,63.84,65.37,59.1,119,0,0.0,0,0.0,0.0,34.83
39.47,38.33,27.28,49.08,43.34,47.84,71.11,66.86,113.0,5.0,47.18,67.55,52.19,184,0,0.0,0,0.0,0.0,35.89
58.12,51.44,49.53,50.88,52.91,53.47,54.55,63.99,129.0,5.0,63.35,85.34,60.65,165,1,0.0,0,0.0,1.0,50.08
52.61,,52.24,59.12,17.86,42.8,80.89,64.65,123.0,2.0,73.85,69.25,80.48,117,0,0.0,0,0.0,0.0,41.88
72.06,59.13,37.12,88.98,59.86,57.78,55.82,47.2,124.0,7.0,74.1,48.44,46.19,243,0,0.0,0,0.0,0.0,41.08
62.13,65.85,30.13,86.11,61.95,53.05,56.77,50.6,117.0,3.0,69.53,67.45,79.38,299,0,1.0,0,0.0,0.0,56.04
80.1,76.88,39.89,62.11,75.11,76.26,73.52,74.76,137.0,7.0,76.6,72.25,90.64,108,1,0.0,0,1.0,0.0,67.77
53.28,94.75,29.15,54.52,73.29,57.37,42.8,38.35,142.0,9.0,55.9,65.27,33.42,333,1,1.0,1,0.0,0.0,56.0
68.86,73.06,45.23,55.81,90.86,64.38,65.27,57.16,146.0,6.0,59.27,52.07,49.27,389,1,1.0,1,1.0,1.0,73.25
84.65,100.0,52.82,52.51,80.46,63.75,88.91,56.81,128.0,7.0,79.27,78.98,68.49,378,1,0.0,1,0.0,0.0,69.36
100.0,75.03,43.38,72.85,94.63,69.83,60.38,59.39,156.0,5.0,64.36,53.1,53.2,149,1,0.0,0,1.0,1.0,73.85
74.66,75.3,62.55,64.84,74.64,63.82,67.7,70.99,142.0,8.0,37.53,50.68,63.24,327,0,0.0,1,1.0,0.0,57.61
81.76,49.05,37.27,76.32,68.41,60.45,80.56,49.52,160.0,4.0,72.39,64.0,73.58,255,0,0.0,0,1.0,0.0,56.4
66.57,75.99,43.53,64.64,70.45,56.04,74.97,73.08,146.0,4.0,65.17,46.57,63.73,250,1,1.0,1,0.0,1.0,66.87
31.49,40.65,25.26,57.78,45.98,35.27,100.0,100.0,139.0,2.0,66.39,96.03,66.42,330,0,0.0,0,1.0,0.0,58.89
86.16,58.53,58.65,84.49,85.54,,84.58,82.71,137.0,2.0,89.73,85.96,72.36,249,0,1.0,0,0.0,0.0,76.35
88.43,71.07,74.79,83.21,66.24,65.66,84.02,58.84,148.0,9.0,55.43,54.06,70.89,272,1,0.0,0,1.0,0.0,77.82
68.47,68.49,40.27,85.63,50.02,50.3,63.45,85.82,162.0,3.0,80.99,62.77,78.74,100,0,0.0,1,0.0,0.0,51.46
62.94,48.05,51.35,43.48,64.92,50.99,77.63,73.15,143.0,8.0,50.81,63.63,34.51,146,1,1.0,1,0.0,0.0,49.37
60.25,32.54,50.06,58.96,69.54,49.95,97.57,90.72,147.0,6.0,74.32,72.35,69.24,236,0,0.0,0,1.0,1.0,52.01
82.27,59.54,70.5,78.16,72.4,66.46,56.0,57.25,148.0,7.0,52.23,56.21,62.27,380,0,1.0,0,0.0,1.0,62.73
47.22,37.45,38.78,49.29,26.52,32.21,27.7,53.06,102.0,11.0,57.29,61.38,35.57,266,0,0.0,0,0.0,0.0,19.18
36.52,35.06,42.08,60.05,50.86,38.44,47.75,73.98,111.0,8.0,59.47,51.46,48.91,252,0,0.0,0,0.0,0.0,27.9
47.9,41.39,54.16,45.81,53.2,43.46,60.67,91.83,142.0,6.0,51.73,75.73,62.26,104,0,0.0,0,0.0,0.0,36.58
54.51,33.22,55.92,45.34,44.03,37.75,60.5,47.77,121.0,5.0,43.1,49.89,41.16,264,0,0.0,0,1.0,0.0,41.02
69.73,59.05,56.38,71.6,76.01,61.97,71.21,69.73,135.0,5.0,65.06,90.59,85.44,282,0,0.0,0,0.0,1.0,68.45
56.89,75.57,69.0,57.13,39.26,68.45,70.22,68.77,140.0,7.0,96.3,68.64,56.89,228,0,0.0,1,0.0,0.0,62.04
61.02,56.35,14.37,33.95,53.85,42.7,68.56,62.05,183.0,5.0,73.6,73.18,63.09,116,0,0.0,0,1.0,0.0,55.93
82.86,73.22,10.94,52.26,57.19,45.87,61.37,52.95,135.0,10.0,65.88,59.38,54.11,336,0,0.0,0,0.0,0.0,46.04
62.83,54.99,32.54,40.31,70.32,59.33,53.12,60.68,99.0,14.0,59.84,53.74,58.11,231,0,0.0,0,0.0,0.0,49.77
78.61,63.26,40.13,88.72,72.62,69.91,68.12,71.08,143.0,8.0,55.8,70.67,71.14,162,0,1.0,1,0.0,0.0,68.38
66.76,47.09,50.65,52.25,55.59,60.46,65.7,52.82,157.0,8.0,61.49,55.77,54.11,316,0,0.0,0,0.0,0.0,52.39
63.5,48.68,33.83,73.77,74.82,52.58,90.86,76.04,152.0,6.0,76.86,62.95,79.45,219,1,0.0,0,0.0,0.0,59.01
90.19,65.66,93.98,98.45,48.03,68.86,70.15,74.44,148.0,5.0,60.79,64.03,84.52,293,1,0.0,0,0.0,0.0,68.6
81.96,44.46,89.03,73.66,82.77,63.56,86.06,69.44,129.0,0.0,98.18,85.89,72.43,205,0,0.0,0,1.0,1.0,84.41
81.2,63.68,68.04,69.17,48.91,70.21,55.89,71.82,130.0,4.0,67.93,72.65,56.97,186,0,0.0,1,1.0,0.0,73.7
33.08,81.59,25.16,60.07,54.89,56.44,37.33,60.03,120.0,16.0,38.02,39.58,57.65,268,1,0.0,1,0.0,0.0,39.68
54.74,18.45,71.42,64.8,42.21,39.36,80.07,54.06,128.0,2.0,61.81,69.63,66.77,117,0,0.0,0,0.0,1.0,42.21
79.12,15.03,58.22,69.98,73.42,38.05,92.52,71.64,139.0,5.0,59.26,76.29,44.26,365,0,1.0,0,0.0,0.0,45.6
59.96,44.15,69.14,57.0,87.39,58.45,58.25,48.65,155.0,10.0,39.32,58.82,58.24,224,0,0.0,0,1.0,0.0,52.67
83.07,50.94,59.43,89.29,56.08,56.4,100.0,85.98,190.0,5.0,75.08,60.0,80.2,244,0,0.0,0,1.0,0.0,51.81
71.65,66.23,55.65,57.18,74.0,57.82,62.86,69.06,141.0,4.0,65.52,54.68,58.64,235,1,0.0,0,0.0,1.0,55.17
92.34,48.54,70.47,75.57,86.58,68.22,60.42,55.76,148.0,7.0,44.23,51.64,73.11,316,0,1.0,0,1.0,1.0,69.04
53.84,42.08,35.12,65.97,61.57,48.71,100.0,87.5,101.0,5.0,68.77,100.0,,179,0,1.0,0,0.0,1.0,51.06
53.44,25.24,55.76,78.16,48.39,40.41,60.86,62.98,131.0,3.0,49.26,57.82,27.18,196,0,0.0,0,0.0,0.0,32.35
32.19,45.41,32.19,70.95,45.02,39.4,58.83,52.54,166.0,12.0,38.81,56.46,56.21,320,0,0.0,0,0.0,0.0,30.37
40.46,39.77,35.0,45.15,64.34,40.21,51.34,61.45,139.0,6.0,52.37,45.8,38.06,243,0,0.0,0,0.0,,37.98
66.38,37.67,77.12,78.25,75.71,46.27,80.14,82.03,139.0,5.0,76.29,98.71,62.14,203,0,0.0,0,1.0,0.0,59.83
44.1,53.99,42.54,34.17,42.52,45.74,80.46,85.99,190.0,3.0,72.61,84.41,50.32,135,0,0.0,0,0.0,0.0,41.4
92.87,65.14,72.02,96.93,62.64,69.26,58.43,70.92,160.0,9.0,60.35,61.07,69.61,149,1,0.0,1,0.0,0.0,63.66
71.26,72.23,72.96,71.41,84.83,62.16,94.22,58.62,157.0,7.0,74.32,69.06,76.04,318,1,1.0,1,0.0,1.0,78.9
73.66,72.21,51.25,65.35,61.01,57.37,81.72,77.74,140.0,2.0,64.37,66.98,63.5,152,0,0.0,1,0.0,0.0,66.97
69.1,47.33,95.92,76.27,42.94,62.7,75.35,55.32,145.0,6.0,51.27,70.4,49.84,292,1,0.0,0,0.0,0.0,50.73
70.81,66.09,62.15,64.27,42.65,58.95,62.54,60.22,177.0,7.0,72.85,58.79,59.38,251,0,1.0,0,0.0,0.0,55.48
67.02,73.92,54.33,38.45,44.33,60.07,70.14,59.51,180.0,14.0,54.09,63.47,63.42,220,0,0.0,0,0.0,0.0,45.78
61.44,54.98,40.57,82.97,89.65,60.88,80.97,63.56,132.0,5.0,67.46,92.62,61.22,248,0,1.0,0,1.0,1.0,68.15
70.91,11.26,38.86,65.0,26.24,31.28,57.57,46.07,109.0,5.0,50.31,47.47,39.4,170,0,0.0,0,0.0,0.0,26.47
68.51,37.53,48.32,74.99,74.08,36.61,85.39,76.74,143.0,1.0,59.69,73.1,57.28,163,0,0.0,0,0.0,0.0,54.11
50.93,46.41,24.18,41.32,68.47,44.2,80.35,84.0,155.0,2.0,82.0,76.66,69.65,290,1,1.0,0,0.0,0.0,52.26
56.18,48.01,30.89,42.8,50.94,47.67,61.26,61.08,171.0,8.0,50.9,59.64,56.14,142,0,0.0,0,0.0,1.0,47.8
63.25,50.94,17.81,56.97,25.62,39.67,70.6,71.85,138.0,,52.18,66.27,63.86,197,1,0.0,0,0.0,0.0,47.97
81.1,72.82,59.25,72.41,44.39,67.27,65.59,100.0,133.0,6.0,62.22,44.0,62.1,188,0,0.0,0,1.0,0.0,52.53
53.44,55.45,11.58,56.28,40.56,34.5,42.9,59.99,156.0,3.0,52.97,56.65,51.56,300,0,0.0,0,0.0,0.0,34.5
66.47,68.76,54.71,48.87,79.49,59.28,49.96,56.19,120.0,14.0,46.68,43.06,40.19,140,0,1.0,0,1.0,1.0,62.51
59.64,45.91,68.49,71.03,56.19,49.37,77.16,79.6,136.0,7.0,63.82,77.96,64.2,268,1,0.0,0,0.0,0.0,61.34
82.15,38.49,52.31,57.48,54.94,58.63,61.91,63.98,139.0,5.0,51.88,55.09,59.92,353,0,0.0,0,0.0,0.0,49.11
63.1,36.43,66.78,61.08,64.82,48.3,81.21,44.76,140.0,2.0,59.75,60.68,83.87,80,0,0.0,0,0.0,1.0,50.75
65.66,65.03,45.01,65.23,42.61,66.08,,25.14,162.0,10.0,48.85,58.71,52.85,241,0,0.0,0,0.0,0.0,46.44
91.89,39.77,56.54,45.16,59.17,54.81,78.08,54.85,150.0,3.0,94.63,71.49,56.73,166,0,0.0,0,0.0,0.0,58.55
31.77,15.79,39.15,44.22,37.99,34.29,76.23,66.02,131.0,7.0,55.89,94.22,44.9,241,0,0.0,0,0.0,0.0,20.5
64.12,44.5,39.55,81.76,93.32,53.8,62.35,74.47,134.0,8.0,60.89,49.2,50.25,186,0,1.0,0,1.0,1.0,63.91
54.78,78.18,50.32,71.53,40.26,63.26,55.65,50.7,188.0,10.0,45.8,64.63,59.11,289,1,0.0,1,0.0,0.0,43.89
63.68,67.49,38.95,94.98,90.42,70.41,60.54,53.84,112.0,,54.15,44.89,48.35,220,1,0.0,1,1.0,0.0,54.28
62.55,66.14,23.93,68.66,49.56,48.4,69.31,75.68,106.0,3.0,73.38,66.37,62.7,126,0,0.0,1,0.0,0.0,44.95
63.89,54.22,51.55,69.44,68.34,58.07,51.77,68.6,115.0,1.0,67.17,68.23,56.41,262,0,1.0,0,1.0,0.0,60.36
59.51,48.8,38.22,59.42,60.01,56.83,61.22,48.84,144.0,3.0,65.18,53.62,67.36,157,0,0.0,0,0.0,0.0,44.83
74.61,24.98,62.05,65.12,64.51,55.16,73.93,70.16,161.0,8.0,69.69,54.06,68.75,80,0,0.0,0,0.0,1.0,54.35
37.14,22.29,38.17,56.58,42.86,28.5,71.86,80.89,138.0,7.0,46.47,68.39,55.4,106,0,0.0,0,0.0,0.0,22.55
82.91,32.8,53.44,80.94,66.19,57.6,51.41,84.99,127.0,9.0,68.26,71.96,60.9,367,0,1.0,0,1.0,0.0,50.28
70.97,71.69,79.29,80.5,76.36,65.68,65.21,67.06,126.0,7.0,63.93,68.77,74.29,280,1,1.0,0,1.0,0.0,78.14
86.71,62.85,64.9,64.07,74.55,68.57,47.73,68.89,105.0,10.0,51.52,71.9,40.73,285,1,0.0,1,0.0,0.0,50.0
52.56,53.65,49.08,64.78,43.71,43.81,100.0,82.55,173.0,1.0,100.0,92.21,58.09,138,0,0.0,0,0.0,0.0,44.69
58.12,51.08,40.13,38.76,47.45,48.33,61.64,84.5,135.0,10.0,42.76,54.25,50.43,239,0,0.0,0,0.0,0.0,48.46
60.75,42.13,37.89,48.68,51.71,34.92,69.28,58.36,144.0,6.0,60.52,35.35,52.39,248,0,1.0,0,0.0,0.0,42.28
75.75,71.67,52.59,91.33,64.66,58.33,72.18,76.44,155.0,7.0,66.88,52.17,52.4,349,1,0.0,0,1.0,1.0,71.36
55.77,22.05,67.9,48.98,53.46,41.09,59.09,60.5,,7.0,53.51,54.87,54.82,207,0,0.0,0,0.0,0.0,44.71
25.41,21.89,17.86,67.16,18.24,22.76,55.49,78.88,134.0,22.0,41.85,45.48,25.73,169,0,0.0,0,0.0,0.0,0.0
91.09,69.1,58.7,78.53,55.7,58.13,72.58,77.25,124.0,13.0,68.65,60.43,60.36,230,1,0.0,1,0.0,1.0,60.21
58.81,0.0,60.98,59.77,61.82,36.86,57.81,39.69,,11.0,40.03,54.36,44.33,191,0,0.0,0,0.0,0.0,25.3
68.98,54.02,26.95,62.5,30.05,50.77,75.94,64.1,138.0,6.0,68.12,64.51,66.94,265,1,0.0,1,0.0,0.0,57.59
64.7,45.2,72.47,61.48,80.75,65.38,,65.5,127.0,8.0,45.91,40.32,49.61,272,0,1.0,0,0.0,1.0,61.43
72.76,48.74,35.81,53.18,54.62,35.57,86.37,85.05,119.0,5.0,76.89,100.0,72.69,135,0,0.0,0,0.0,0.0,51.54
58.15,72.99,51.83,64.42,79.92,57.42,78.3,81.11,148.0,3.0,65.71,72.6,80.82,378,1,1.0,1,,1.0,80.06
38.02,39.97,21.61,43.87,63.99,45.2,63.32,58.49,163.0,3.0,74.32,68.56,71.68,120,0,0.0,0,0.0,1.0,38.84
41.18,,12.63,34.87,51.62,44.55,37.6,38.33,167.0,12.0,43.22,31.34,59.68,229,1,0.0,1,1.0,0.0,43.94
73.59,58.84,51.39,72.19,67.03,62.48,70.05,44.86,126.0,4.0,56.41,53.29,72.1,230,1,0.0,0,0.0,0.0,58.15
56.48,46.99,50.33,34.49,69.64,53.32,96.89,89.67,175.0,2.0,75.51,73.59,76.52,251,0,1.0,0,1.0,0.0,64.35
63.39,49.0,60.07,43.4,74.77,49.94,96.03,95.11,124.0,4.0,79.58,100.0,62.13,212,0,0.0,1,0.0,1.0,60.67
44.3,53.23,34.08,36.45,68.77,46.31,47.41,90.55,139.0,4.0,71.87,82.84,45.5,161,1,0.0,0,0.0,1.0,51.2
63.85,93.94,27.02,84.31,82.23,67.28,65.94,63.22,158.0,7.0,64.63,90.36,73.08,273,0,1.0,1,,0.0,65.41
59.35,73.69,29.12,73.25,54.54,54.17,72.92,74.89,150.0,2.0,83.98,71.04,46.91,207,1,0.0,0,0.0,0.0,57.62
74.29,62.54,51.8,72.97,70.54,59.45,44.27,52.2,162.0,4.0,56.19,66.39,65.23,366,0,1.0,0,1.0,0.0,61.39
75.32,30.36,48.44,65.75,49.46,49.44,67.09,47.75,121.0,1.0,97.87,63.24,57.77,197,0,0.0,0,0.0,0.0,45.91
68.18,37.11,44.12,73.8,46.53,41.97,51.94,53.95,134.0,3.0,70.54,52.46,45.34,308,0,0.0,0,0.0,0.0,42.43
71.73,59.95,56.18,83.42,63.59,64.81,58.0,61.72,134.0,9.0,45.86,38.87,64.12,231,0,0.0,0,0.0,0.0,43.79
86.29,63.61,50.75,72.38,56.97,54.15,59.79,64.01,159.0,6.0,55.44,42.86,57.6,198,0,0.0,1,0.0,1.0,64.42
75.4,43.99,53.85,97.57,60.22,53.47,78.33,74.01,137.0,5.0,75.55,74.47,60.3,344,0,1.0,0,0.0,,53.02
55.2,49.85,21.32,61.26,60.57,49.26,58.31,70.82,142.0,3.0,65.9,51.4,45.45,314,0,,0,0.0,0.0,41.88
78.5,72.93,55.01,77.53,54.06,65.51,59.12,69.64,134.0,4.0,65.79,47.7,45.96,213,1,0.0,1,0.0,0.0,56.93
65.76,62.83,58.45,83.91,86.07,61.45,75.01,53.85,147.0,4.0,71.3,73.24,43.98,246,0,0.0,1,1.0,1.0,58.81
82.85,62.57,74.14,66.99,76.52,58.72,62.75,38.69,125.0,17.0,38.05,30.94,68.63,291,0,0.0,0,1.0,1.0,63.46
47.79,78.37,35.07,53.87,38.2,48.39,64.12,53.62,119.0,12.0,44.34,73.34,,205,0,0.0,1,0.0,0.0,42.42
61.85,45.73,60.21,40.18,68.4,49.48,60.28,52.18,129.0,5.0,51.97,46.37,43.6,183,0,0.0,0,0.0,0.0,45.96
69.86,40.82,59.24,69.07,76.29,60.42,42.51,46.09,119.0,15.0,42.08,52.39,56.49,183,0,0.0,0,0.0,1.0,56.15
80.6,37.19,61.04,65.22,74.98,56.2,59.26,51.6,135.0,12.0,43.72,63.58,45.27,373,0,1.0,0,1.0,0.0,49.16
79.96,63.37,61.86,61.95,56.2,51.81,64.13,51.44,153.0,10.0,61.56,37.79,48.93,366,0,1.0,1,1.0,0.0,51.58
78.47,67.59,41.35,60.64,59.99,51.04,54.86,57.78,114.0,6.0,59.22,74.42,64.69,247,1,1.0,1,0.0,0.0,63.03
62.26,,60.25,65.68,42.67,,71.76,87.29,133.0,3.0,60.02,72.22,66.59,216,1,0.0,1,0.0,1.0,66.18
50.6,22.38,35.41,42.84,32.96,34.96,56.4,26.47,177.0,4.0,51.32,54.41,47.43,161,0,0.0,0,0.0,0.0,14.22
33.6,31.44,38.42,83.47,43.06,30.55,82.7,57.86,109.0,4.0,61.04,72.43,48.74,287,0,0.0,0,0.0,0.0,23.34
70.05,44.73,30.69,72.45,43.41,43.28,80.54,82.99,121.0,5.0,74.34,93.27,63.42,190,0,0.0,0,0.0,0.0,51.04
45.71,49.37,43.86,55.0,57.48,50.86,55.07,48.85,143.0,10.0,37.02,41.57,54.16,219,0,0.0,0,0.0,0.0,37.34
52.38,68.99,41.06,76.52,76.56,63.42,86.05,58.36,113.0,11.0,54.15,66.1,69.04,323,1,0.0,1,1.0,1.0,68.37
75.22,75.83,68.53,86.95,64.94,70.47,63.52,47.08,136.0,9.0,73.9,54.77,78.03,114,0,0.0,1,1.0,0.0,63.4
,67.93,74.14,88.06,75.99,72.1,94.95,78.49,173.0,2.0,87.5,69.05,69.27,285,0,1.0,1,1.0,1.0,84.16
43.78,33.07,21.58,34.64,70.71,33.99,68.32,63.78,128.0,7.0,61.17,71.42,48.43,148,0,1.0,0,1.0,,43.69
93.56,67.44,37.28,100.0,95.24,74.44,60.76,61.32,122.0,10.0,65.34,64.21,70.37,387,1,1.0,1,0.0,0.0,70.38
59.81,43.94,27.29,64.2,51.49,43.03,69.55,45.07,110.0,10.0,47.93,69.78,46.47,94,0,0.0,0,0.0,1.0,35.52
69.87,40.13,62.86,52.33,74.49,62.0,67.81,82.28,124.0,12.0,66.54,66.72,72.09,138,0,1.0,0,1.0,1.0,58.66
74.14,41.45,62.86,63.07,50.66,60.78,88.37,60.39,138.0,8.0,68.79,66.37,82.56,325,0,0.0,0,0.0,0.0,57.96
100.0,,56.49,76.26,72.61,78.82,34.07,12.72,173.0,8.0,57.63,42.16,56.97,213,1,0.0,1,0.0,0.0,70.37
87.44,67.69,81.4,78.06,58.58,67.89,80.84,79.77,138.0,5.0,79.54,92.01,75.4,163,1,0.0,1,0.0,1.0,79.4
56.68,,42.77,46.69,57.84,47.61,,70.33,138.0,2.0,59.35,82.43,56.26,133,0,0.0,0,1.0,0.0,49.69
72.89,41.25,61.62,75.78,80.37,50.23,57.49,37.09,137.0,8.0,62.78,50.15,51.11,297,0,1.0,0,1.0,1.0,55.2
31.55,59.07,17.72,34.61,37.36,34.35,67.02,72.25,124.0,7.0,37.25,71.47,58.79,233,1,0.0,1,0.0,0.0,30.26
81.86,38.77,90.58,73.64,65.38,64.56,64.61,69.86,96.0,9.0,62.14,54.3,53.27,314,0,1.0,0,1.0,0.0,54.78
57.04,46.85,58.13,71.37,55.33,44.0,60.22,51.93,164.0,14.0,51.5,50.38,58.56,191,0,0.0,0,0.0,0.0,41.71
70.83,46.25,44.02,65.12,65.34,68.17,52.09,40.29,148.0,10.0,54.15,50.6,52.47,341,0,0.0,0,0.0,0.0,43.91
59.31,67.76,47.34,51.64,60.83,58.35,64.05,59.71,159.0,9.0,62.08,41.36,50.63,212,0,0.0,0,0.0,0.0,53.98
36.2,62.21,63.1,67.25,60.35,46.96,58.88,40.66,142.0,8.0,60.32,82.88,62.83,175,0,0.0,0,0.0,0.0,43.64
53.04,53.38,50.57,51.81,81.49,66.22,54.74,46.78,158.0,9.0,40.97,39.26,61.84,185,0,1.0,0,1.0,1.0,60.17
52.85,22.4,40.69,49.23,39.71,34.57,67.26,78.19,112.0,6.0,80.1,59.69,48.15,107,0,0.0,0,0.0,0.0,25.77
70.23,36.34,65.71,50.63,53.0,57.64,70.2,88.14,141.0,3.0,82.61,76.43,63.21,348,0,0.0,0,0.0,1.0,60.23
72.49,55.18,89.26,62.72,69.47,66.6,95.04,61.2,153.0,5.0,67.11,80.59,71.9,142,1,0.0,0,0.0,0.0,63.55
43.73,64.97,39.06,49.18,66.25,46.54,52.25,62.88,161.0,14.0,51.48,70.31,51.05,155,0,1.0,0,0.0,0.0,32.04
71.8,53.97,44.79,84.09,51.6,53.54,44.96,27.41,144.0,11.0,51.21,57.56,44.08,211,0,0.0,0,0.0,1.0,52.72
57.95,43.65,60.84,57.76,72.29,62.52,65.83,72.93,147.0,5.0,61.37,70.27,78.46,304,0,0.0,0,0.0,1.0,51.4
64.54,86.35,53.9,75.4,64.27,69.86,71.62,55.93,144.0,9.0,50.2,67.94,52.42,165,1,0.0,0,0.0,0.0,52.06
53.38,65.11,21.22,55.95,68.32,48.42,61.94,58.05,112.0,9.0,62.43,50.64,39.55,189,0,0.0,0,0.0,0.0,35.98
67.79,50.15,73.65,49.25,70.17,47.26,100.0,90.15,133.0,3.0,59.21,73.47,64.63,234,0,0.0,0,0.0,0.0,59.84
39.03,29.5,25.75,42.62,43.53,34.58,55.68,44.27,129.0,6.0,49.48,51.95,24.98,242,0,1.0,0,0.0,0.0,23.59
71.12,37.02,75.84,82.61,62.38,51.65,34.81,18.3,150.0,13.0,40.01,32.9,35.0,297,0,0.0,0,0.0,0.0,38.74
54.27,51.39,19.66,22.02,40.15,41.8,41.6,53.31,145.0,12.0,45.32,49.77,35.93,260,1,0.0,0,0.0,0.0,33.29
61.6,57.79,57.16,93.86,71.88,56.04,70.95,52.08,167.0,5.0,74.6,74.05,63.07,393,0,1.0,0,0.0,0.0,61.71
44.85,32.28,39.4,51.6,70.96,39.11,71.77,59.19,149.0,11.0,63.49,62.29,52.55,233,0,0.0,0,0.0,1.0,47.08
92.94,52.14,69.76,53.33,70.59,62.36,56.63,30.54,134.0,15.0,46.27,45.8,57.43,275,1,0.0,0,0.0,1.0,62.96
62.61,30.53,67.1,60.63,47.53,55.6,49.36,30.03,160.0,8.0,46.59,72.39,42.44,150,0,0.0,0,1.0,0.0,41.53
39.02,48.13,25.59,62.09,41.7,27.86,50.48,70.92,115.0,9.0,46.09,55.56,36.17,216,0,0.0,0,0.0,0.0,39.96
70.28,73.72,28.71,60.75,75.43,63.06,74.06,42.49,135.0,9.0,46.8,59.16,66.81,156,0,0.0,0,0.0,0.0,51.34
88.09,38.53,79.59,78.86,64.56,66.76,74.15,60.91,123.0,1.0,81.26,54.33,46.65,209,0,0.0,0,0.0,1.0,56.66
84.46,25.71,58.44,95.58,43.27,53.95,50.09,66.7,117.0,4.0,66.75,59.14,58.09,239,0,0.0,0,0.0,0.0,38.47
58.2,39.46,60.75,59.03,61.55,48.63,47.94,72.46,117.0,9.0,46.29,47.84,25.63,265,1,0.0,0,0.0,0.0,43.68
78.24,51.51,38.94,100.0,52.29,59.78,54.29,55.84,126.0,5.0,58.32,75.51,55.86,251,1,0.0,1,0.0,0.0,48.99
48.03,65.76,32.05,75.45,69.71,49.23,84.13,76.86,145.0,3.0,52.05,59.54,65.24,155,1,0.0,0,0.0,1.0,60.26
68.22,32.2,64.96,67.46,38.17,47.26,66.58,56.86,133.0,8.0,57.22,62.76,57.79,141,0,0.0,0,0.0,1.0,49.2
43.87,36.32,31.47,52.04,51.06,39.13,59.69,65.48,143.0,3.0,71.12,55.9,45.99,119,0,0.0,0,0.0,0.0,35.02
85.92,68.48,39.93,73.03,74.58,74.85,79.33,64.7,,2.0,90.07,54.99,78.41,316,0,1.0,1,1.0,0.0,75.84
72.32,22.86,87.21,60.75,23.3,41.24,75.43,65.07,98.0,1.0,77.48,60.92,49.88,200,0,0.0,0,0.0,0.0,39.8
100.0,100.0,78.55,99.86,92.99,91.58,67.83,60.3,142.0,6.0,61.38,54.5,86.6,332,1,1.0,1,1.0,1.0,90.49
59.19,85.13,21.38,58.96,58.54,53.32,57.38,37.25,124.0,11.0,53.65,65.69,61.67,156,1,0.0,1,0.0,0.0,56.2
35.01,0.0,54.12,31.3,38.84,27.32,51.02,47.75,107.0,9.0,58.59,51.61,32.94,148,0,0.0,0,0.0,0.0,15.65
100.0,31.68,80.06,99.71,66.41,59.06,86.23,81.66,146.0,2.0,88.91,79.45,85.59,370,0,1.0,0,1.0,0.0,66.58
80.02,46.16,79.0,86.14,44.71,51.19,39.81,35.14,137.0,7.0,38.22,60.95,45.78,195,0,0.0,0,0.0,0.0,34.23
62.57,43.0,53.81,37.64,42.94,49.27,57.75,59.77,141.0,2.0,72.17,75.23,44.34,334,1,0.0,0,0.0,0.0,55.67
63.3,61.58,52.01,67.54,47.89,47.09,64.14,66.0,151.0,12.0,50.25,62.82,64.14,273,1,0.0,1,0.0,0.0,54.95
75.49,66.26,31.04,83.69,80.61,67.43,58.09,59.31,126.0,4.0,70.88,64.17,78.82,268,1,1.0,0,1.0,1.0,79.1
59.57,26.11,60.86,80.15,72.49,45.84,81.89,71.18,124.0,3.0,76.25,93.53,60.32,279,0,0.0,0,0.0,1.0,46.78
57.52,26.46,22.94,44.48,76.23,44.95,54.6,73.43,137.0,8.0,72.38,88.13,56.69,246,0,0.0,0,1.0,0.0,37.08
53.37,40.96,65.11,77.26,53.65,48.04,60.43,61.9,130.0,6.0,63.12,64.46,54.08,130,0,0.0,0,0.0,0.0,46.52
50.32,64.01,22.24,53.34,50.48,41.5,65.68,70.77,188.0,5.0,59.41,80.42,58.46,201,0,0.0,1,0.0,0.0,38.45
54.14,22.23,61.05,65.92,53.97,40.05,86.29,85.4,139.0,1.0,84.94,85.25,71.77,205,0,0.0,0,0.0,1.0,50.62
28.15,30.2,49.62,48.16,45.91,38.31,86.86,87.9,142.0,3.0,61.8,62.79,68.57,138,0,0.0,1,0.0,0.0,42.62
74.3,61.97,42.84,13.03,69.81,,51.02,63.07,121.0,5.0,52.52,64.81,34.87,230,1,0.0,0,1.0,1.0,59.78
36.83,42.53,21.2,36.25,47.57,32.64,65.7,52.28,120.0,17.0,36.68,77.1,39.58,80,0,0.0,0,0.0,0.0,19.45
74.62,53.99,73.04,81.09,74.77,68.97,72.81,82.37,109.0,11.0,62.04,54.86,75.57,281,0,1.0,0,1.0,1.0,74.14
68.38,63.43,48.93,63.67,35.12,53.58,73.53,69.29,133.0,5.0,47.42,43.92,50.39,204,1,0.0,0,0.0,0.0,46.76
81.02,62.12,51.52,70.4,55.47,52.78,56.6,39.31,133.0,6.0,69.04,59.19,59.45,208,1,0.0,0,0.0,0.0,56.68
79.46,66.57,40.91,87.05,58.66,63.44,79.51,53.95,160.0,6.0,58.72,54.24,56.13,264,0,,0,0.0,0.0,64.82
58.73,77.54,29.51,49.72,56.29,50.96,60.12,72.52,132.0,8.0,57.46,47.72,60.88,415,1,0.0,0,0.0,0.0,56.44
51.0,27.96,38.86,42.13,47.95,23.1,67.45,76.07,131.0,8.0,53.57,44.1,45.45,172,0,0.0,0,0.0,1.0,33.25
60.82,41.33,46.58,22.67,60.14,44.14,62.71,51.74,141.0,8.0,48.74,25.7,56.63,254,1,0.0,0,0.0,0.0,43.57
82.0,38.52,56.46,52.8,60.25,45.56,66.12,69.91,136.0,2.0,57.27,74.96,57.88,285,0,0.0,0,0.0,0.0,45.94
61.48,48.8,51.86,39.22,57.06,42.95,39.65,46.13,151.0,11.0,51.59,41.97,29.27,267,0,1.0,0,0.0,1.0,45.72
69.32,17.69,56.7,70.19,30.44,42.6,68.62,55.3,164.0,5.0,57.32,78.42,74.56,213,0,0.0,0,0.0,0.0,36.34
42.9,66.85,51.25,59.9,55.44,50.66,53.37,36.98,135.0,6.0,49.53,64.09,37.16,246,1,0.0,0,0.0,0.0,44.03
83.31,45.87,54.69,54.52,56.33,51.97,63.31,58.24,120.0,2.0,61.7,88.63,81.2,239,0,0.0,1,0.0,1.0,64.73
91.86,66.51,56.89,62.35,57.58,68.59,90.73,94.26,138.0,0.0,89.84,77.51,55.46,240,1,0.0,1,1.0,0.0,69.96
91.07,70.43,58.02,71.48,97.42,72.8,71.18,75.88,142.0,0.0,84.72,73.28,72.07,296,1,0.0,0,0.0,1.0,83.28
45.77,52.28,35.3,71.97,62.85,44.78,92.86,78.06,117.0,1.0,93.95,65.53,55.44,238,0,1.0,1,0.0,0.0,66.08
65.77,47.74,36.49,54.28,45.65,47.76,64.13,64.31,132.0,9.0,58.31,67.1,70.49,256,1,0.0,0,1.0,0.0,43.38
37.31,15.97,27.9,60.18,25.38,35.22,66.37,78.15,110.0,8.0,63.33,91.54,41.14,174,0,0.0,0,0.0,0.0,22.77
71.24,64.47,62.31,32.75,55.48,45.05,85.02,81.47,148.0,3.0,62.56,83.88,49.89,300,1,0.0,0,1.0,0.0,61.58
37.84,43.19,36.35,58.68,39.48,46.28,59.27,52.52,116.0,8.0,52.97,51.45,51.49,242,1,1.0,1,0.0,0.0,45.28
86.39,34.67,40.5,56.71,40.17,46.15,62.49,54.05,131.0,13.0,45.59,53.03,64.95,335,1,0.0,0,0.0,0.0,41.74
45.93,53.67,38.64,55.53,39.73,38.67,77.83,62.08,136.0,6.0,64.72,72.0,68.87,144,0,0.0,0,0.0,0.0,42.98
84.58,52.87,64.01,99.07,65.89,63.54,66.83,71.16,114.0,6.0,76.18,64.15,62.54,233,0,0.0,0,0.0,0.0,67.08
25.48,44.98,42.1,42.15,57.73,33.13,75.06,63.3,139.0,7.0,49.32,79.84,47.27,323,0,0.0,1,0.0,0.0,40.63
75.47,51.34,63.59,78.74,62.65,54.74,48.02,64.7,115.0,12.0,52.14,51.76,55.81,241,0,1.0,0,0.0,0.0,51.08
45.73,32.79,36.37,36.64,53.83,43.66,48.94,55.76,162.0,5.0,61.91,53.35,48.05,114,0,0.0,0,0.0,0.0,32.12
85.28,82.86,48.79,69.92,70.01,69.57,83.02,99.3,164.0,2.0,87.22,82.64,75.25,326,1,1.0,1,0.0,1.0,84.62
55.41,34.51,52.45,37.54,58.52,34.04,48.22,54.84,156.0,13.0,37.37,39.79,38.42,131,0,0.0,0,0.0,0.0,23.41
65.17,67.56,31.96,51.19,52.88,56.15,63.84,75.33,140.0,4.0,68.29,65.72,65.53,312,0,0.0,0,0.0,0.0,56.52
52.54,27.8,60.98,67.65,57.76,50.35,63.21,72.93,143.0,10.0,54.76,77.16,58.82,221,0,1.0,0,0.0,0.0,36.82
84.25,58.88,84.4,97.96,74.11,63.7,53.27,65.9,133.0,11.0,59.41,35.06,72.35,267,1,1.0,1,0.0,0.0,71.32
56.49,41.94,43.52,47.12,71.29,49.71,60.91,51.7,146.0,11.0,51.49,83.39,46.31,190,0,0.0,0,0.0,,38.93
72.58,55.69,47.46,58.45,67.04,60.85,54.92,56.05,165.0,3.0,69.61,72.85,52.16,184,0,0.0,0,0.0,1.0,53.54
87.21,73.28,72.9,69.63,77.72,63.22,67.08,70.5,120.0,8.0,62.77,71.15,61.12,269,0,1.0,1,1.0,1.0,76.88
82.99,68.78,68.18,67.7,56.17,67.84,57.57,36.26,144.0,3.0,63.24,64.64,58.82,199,0,0.0,1,0.0,0.0,61.06
71.93,79.59,57.45,52.37,62.43,59.42,74.98,62.37,108.0,,61.13,70.07,71.43,231,1,0.0,1,0.0,0.0,52.6
47.1,47.46,41.26,12.07,35.54,41.79,54.89,55.65,129.0,8.0,44.4,51.71,35.78,223,0,0.0,0,0.0,0.0,24.2
66.28,57.28,61.91,57.41,57.23,51.51,85.42,92.66,139.0,3.0,74.81,87.05,78.57,192,0,0.0,0,0.0,0.0,58.54
64.59,14.23,38.58,59.53,54.57,47.67,72.15,79.9,144.0,8.0,40.73,93.7,50.5,400,0,0.0,0,0.0,0.0,25.39
65.87,25.91,28.02,48.83,50.27,39.44,68.75,77.18,150.0,8.0,71.51,60.54,67.1,218,0,0.0,0,0.0,0.0,35.72
43.93,24.39,69.87,68.31,55.99,41.98,74.03,61.27,,3.0,50.64,52.02,79.08,252,0,0.0,0,0.0,0.0,44.74
62.99,41.51,21.8,69.43,69.78,43.08,59.72,64.15,111.0,14.0,46.17,55.76,58.98,218,0,1.0,0,1.0,0.0,47.1
70.15,56.36,62.91,55.31,66.7,64.69,83.66,89.94,156.0,4.0,75.48,92.07,,201,0,0.0,0,0.0,1.0,63.77
75.17,26.5,50.06,38.93,34.05,40.14,63.79,35.74,170.0,11.0,33.92,62.3,57.61,187,0,0.0,0,0.0,0.0,29.48
60.08,54.26,57.47,58.33,56.09,60.14,56.32,64.41,129.0,14.0,45.17,65.84,50.96,351,1,0.0,1,0.0,0.0,51.11
89.65,64.55,64.36,82.32,87.96,73.61,59.95,21.29,128.0,9.0,64.03,54.79,66.59,332,1,1.0,0,1.0,0.0,67.93
64.48,75.53,42.29,54.41,78.56,51.96,71.65,74.96,142.0,7.0,61.53,62.1,52.26,198,0,0.0,1,1.0,1.0,54.85
48.9,64.98,71.74,73.25,51.06,56.84,64.38,52.37,136.0,9.0,38.25,54.22,47.77,156,1,1.0,1,0.0,1.0,56.24
73.65,27.63,72.04,81.75,58.88,56.43,54.12,38.79,134.0,7.0,75.73,64.72,60.99,279,0,0.0,0,1.0,0.0,51.75
68.91,49.97,62.08,79.59,85.24,53.82,62.31,58.81,164.0,5.0,51.54,67.73,55.65,276,0,1.0,0,0.0,0.0,51.3
67.29,10.72,44.6,56.71,44.48,40.69,25.12,50.14,176.0,8.0,,43.43,40.36,285,0,0.0,0,0.0,0.0,27.27
69.42,68.09,27.51,74.06,46.77,56.55,75.18,59.31,135.0,8.0,58.47,55.68,62.59,217,1,0.0,0,0.0,0.0,49.07
51.04,42.17,40.88,49.61,35.14,47.93,52.72,64.12,179.0,6.0,44.82,55.6,45.22,221,0,0.0,0,0.0,0.0,42.29
83.25,56.43,45.97,62.78,100.0,71.91,59.32,68.63,,11.0,54.88,42.92,70.52,329,0,1.0,1,1.0,1.0,68.99
67.42,9.75,37.16,53.56,26.53,50.17,68.83,90.2,153.0,2.0,73.85,83.59,53.68,149,0,0.0,0,0.0,0.0,42.25
82.49,76.61,47.98,52.5,67.2,64.39,85.51,51.92,123.0,5.0,53.16,67.94,68.97,345,1,0.0,1,1.0,0.0,67.27
56.95,65.45,56.68,63.77,71.35,61.69,50.45,40.78,121.0,5.0,68.06,82.89,68.68,124,1,0.0,1,0.0,1.0,54.16
31.38,66.03,38.16,62.92,36.53,38.88,60.01,62.14,,11.0,52.26,57.6,55.52,222,0,0.0,0,0.0,0.0,36.04
46.63,34.96,31.1,44.1,28.65,46.15,73.47,53.94,155.0,5.0,61.68,82.14,57.09,168,0,0.0,0,0.0,0.0,29.39
57.0,47.95,61.88,58.4,49.0,45.87,72.16,85.75,,15.0,69.1,84.79,40.38,186,0,0.0,1,0.0,0.0,37.15
87.73,55.72,46.46,100.0,94.54,79.64,96.68,86.47,220.0,1.0,88.22,78.65,79.44,331,0,1.0,0,1.0,1.0,87.89
74.53,,57.18,74.8,93.53,76.1,67.69,76.07,115.0,6.0,69.6,72.63,89.75,359,0,1.0,0,1.0,0.0,74.51
83.27,47.27,41.14,67.18,60.6,51.59,81.69,85.64,110.0,6.0,79.72,83.79,63.21,263,1,0.0,0,0.0,1.0,56.64
71.98,46.2,43.5,55.98,58.88,58.62,93.48,64.49,149.0,2.0,69.81,92.0,70.1,197,0,0.0,0,0.0,0.0,54.92
73.91,43.85,68.47,80.43,57.47,61.81,65.38,66.88,142.0,8.0,43.56,60.24,58.82,195,0,0.0,0,1.0,0.0,51.66
71.28,55.77,65.67,46.55,44.36,53.4,97.38,81.51,146.0,6.0,89.19,77.06,77.56,147,1,0.0,0,0.0,0.0,58.12
100.0,71.17,76.41,72.67,63.55,73.53,83.24,75.31,144.0,,76.27,68.18,67.28,240,1,0.0,0,1.0,1.0,77.26
81.92,24.26,49.89,69.1,85.69,57.93,89.23,69.72,129.0,3.0,,62.11,,316,0,1.0,0,1.0,1.0,65.01
63.13,,25.34,66.41,45.21,53.18,58.09,68.38,141.0,3.0,57.15,70.06,58.32,260,1,0.0,0,0.0,0.0,50.74
65.01,55.46,53.45,80.85,72.76,67.98,42.6,32.87,162.0,11.0,40.9,62.06,34.42,232,0,1.0,0,0.0,0.0,49.18
86.15,50.22,64.34,71.34,52.4,64.84,65.1,53.57,149.0,1.0,81.96,61.39,40.42,205,0,0.0,0,0.0,0.0,57.56
59.69,51.3,39.63,48.1,67.91,45.85,36.08,25.95,114.0,13.0,47.58,26.5,37.11,277,0,0.0,0,0.0,0.0,42.08
87.35,46.18,59.62,51.69,79.47,67.03,59.31,43.73,132.0,6.0,70.0,24.84,50.34,290,0,0.0,0,1.0,1.0,67.92
56.45,52.83,32.8,52.42,47.08,35.16,66.46,70.57,128.0,4.0,68.22,73.84,55.36,227,0,0.0,1,0.0,0.0,50.19
83.76,54.12,49.34,79.68,54.29,57.38,45.88,44.93,152.0,7.0,48.19,43.57,46.38,139,0,0.0,0,0.0,0.0,49.97
39.39,78.29,41.99,48.69,44.73,46.74,55.97,71.45,119.0,8.0,58.16,65.48,56.0,201,1,0.0,1,0.0,0.0,44.31
55.63,53.18,39.79,31.72,59.32,51.16,57.54,62.84,141.0,4.0,74.62,56.44,61.61,296,0,0.0,0,0.0,0.0,43.89
53.88,52.79,40.18,57.17,59.64,59.45,75.85,63.71,134.0,6.0,61.47,63.11,53.1,264,0,1.0,0,0.0,1.0,57.07
70.01,54.57,26.62,55.09,58.41,51.68,59.72,35.46,124.0,2.0,58.73,48.45,50.85,89,0,0.0,1,0.0,0.0,45.71
89.11,46.93,65.0,50.79,64.66,59.67,78.38,68.58,145.0,0.0,87.53,65.56,63.73,256,0,0.0,0,1.0,0.0,61.36
66.27,74.52,78.4,74.48,92.55,67.37,63.95,71.43,135.0,6.0,38.74,75.16,67.14,311,1,0.0,0,1.0,0.0,59.88
88.76,28.65,63.54,73.2,79.0,66.17,74.25,83.2,154.0,10.0,76.65,82.17,66.48,224,0,0.0,0,1.0,0.0,62.34
91.08,29.67,86.77,99.85,78.41,67.52,77.29,45.59,132.0,2.0,67.29,55.64,80.36,272,0,0.0,0,1.0,1.0,67.26
91.7,89.38,0.0,65.73,43.93,54.56,59.22,69.75,117.0,6.0,58.19,83.0,68.39,399,1,0.0,1,0.0,0.0,62.18
85.63,70.66,42.96,81.85,82.14,73.21,87.28,91.46,138.0,6.0,85.29,60.97,75.45,208,1,1.0,0,1.0,1.0,80.74
56.29,60.46,13.56,58.62,65.65,54.07,70.23,64.02,144.0,10.0,67.58,71.63,54.61,181,1,1.0,0,0.0,1.0,62.48
43.67,42.85,56.47,47.74,38.93,37.23,72.47,56.09,151.0,15.0,32.4,49.43,39.06,150,0,0.0,0,0.0,0.0,32.52
76.84,48.67,54.08,51.08,43.04,44.47,46.63,57.78,133.0,10.0,65.12,64.02,55.94,127,0,0.0,0,0.0,0.0,47.52
72.93,83.92,25.61,77.6,65.01,60.25,60.8,62.06,154.0,15.0,52.72,37.17,55.89,324,1,1.0,1,1.0,1.0,68.57
53.51,57.6,41.56,64.23,36.56,40.2,48.74,45.14,113.0,7.0,50.67,62.26,37.72,222,0,0.0,0,0.0,0.0,38.13
45.19,42.74,64.24,39.85,45.92,37.73,73.22,48.66,158.0,9.0,48.03,30.36,60.34,192,0,0.0,0,0.0,0.0,37.72
57.91,90.87,52.25,45.99,65.4,55.22,68.4,57.86,150.0,8.0,48.83,69.21,65.79,244,1,0.0,1,1.0,0.0,69.71
82.1,54.91,57.69,55.99,73.14,68.52,59.02,74.86,130.0,4.0,77.53,82.71,54.95,283,0,1.0,1,1.0,0.0,67.34
73.2,86.62,13.32,80.53,63.29,,46.04,66.18,155.0,11.0,46.62,40.96,55.6,240,1,0.0,1,0.0,0.0,54.69
58.05,19.51,65.22,51.19,55.23,60.5,78.27,77.54,146.0,5.0,71.48,57.5,72.22,187,0,1.0,0,0.0,0.0,52.24
72.35,79.62,55.04,74.68,75.96,63.2,69.46,73.22,163.0,8.0,70.3,73.11,81.32,270,1,0.0,1,1.0,0.0,72.35
65.23,80.64,77.8,80.96,57.37,75.51,84.09,64.49,128.0,8.0,84.43,90.26,74.84,285,0,0.0,1,0.0,0.0,65.46
67.33,18.92,34.29,55.51,57.3,45.47,57.64,49.68,126.0,11.0,59.27,39.74,51.58,238,0,0.0,0,0.0,0.0,37.53
85.5,67.69,66.44,72.91,74.05,66.11,62.46,66.39,149.0,10.0,55.98,60.01,66.91,164,0,0.0,0,0.0,0.0,58.69
66.42,35.15,94.94,86.23,63.18,60.82,71.8,58.65,141.0,9.0,46.13,59.89,72.0,210,0,0.0,0,0.0,0.0,42.57
87.67,61.93,60.38,74.97,66.85,63.06,46.62,45.52,111.0,7.0,47.9,49.19,56.47,132,0,1.0,1,0.0,0.0,57.76
51.31,33.4,19.55,28.74,34.58,,68.77,58.83,173.0,9.0,,84.59,53.56,80,0,0.0,0,0.0,0.0,25.52
82.06,55.42,52.97,49.7,80.43,68.0,59.62,17.76,170.0,11.0,57.02,55.0,54.71,267,0,1.0,0,1.0,1.0,61.6
47.78,23.49,49.19,25.66,34.37,33.24,56.8,45.54,141.0,13.0,59.72,58.68,43.51,240,0,0.0,0,0.0,0.0,25.57
94.69,66.42,69.73,100.0,70.3,78.84,80.29,74.72,129.0,6.0,72.51,70.26,72.67,323,1,0.0,1,1.0,0.0,75.75
80.82,61.06,71.67,98.39,76.7,77.77,76.15,75.59,129.0,1.0,71.38,80.89,79.21,80,0,0.0,1,1.0,0.0,73.52
70.66,47.53,33.65,81.12,53.21,60.48,54.65,46.67,145.0,8.0,42.53,40.38,57.46,400,1,0.0,0,0.0,0.0,48.84
50.65,29.09,2.99,35.01,50.36,24.57,,76.99,163.0,11.0,56.19,79.77,34.14,179,0,0.0,0,0.0,0.0,32.39
62.35,83.28,30.16,43.94,66.2,56.04,70.38,90.02,187.0,11.0,58.85,61.42,68.09,236,1,0.0,0,0.0,1.0,48.51
78.47,49.6,57.18,54.91,76.78,64.67,57.42,48.25,133.0,6.0,64.45,55.38,58.15,260,0,1.0,0,1.0,1.0,63.01
63.66,40.68,71.36,56.92,64.65,,74.19,44.97,134.0,6.0,55.27,69.22,55.85,250,0,0.0,0,0.0,0.0,51.01
46.21,34.07,73.65,65.86,48.33,40.07,49.72,30.95,134.0,11.0,28.48,33.85,48.51,134,0,0.0,0,0.0,1.0,38.04
48.12,41.29,60.7,66.75,60.39,49.41,72.57,98.83,147.0,4.0,68.79,91.48,68.68,97,0,0.0,0,0.0,0.0,49.57
64.17,18.81,46.71,80.01,43.16,41.37,85.26,68.88,126.0,5.0,54.89,76.75,61.44,377,0,0.0,0,1.0,1.0,45.64
72.58,64.4,61.03,64.55,58.45,60.01,56.69,62.89,113.0,3.0,65.94,60.25,76.85,224,0,0.0,1,0.0,1.0,59.4
39.89,73.06,21.73,22.42,65.0,41.62,62.28,49.01,134.0,10.0,42.47,45.11,29.49,203,1,1.0,1,0.0,0.0,42.22
67.63,65.56,64.53,46.9,61.23,72.73,55.39,35.94,143.0,11.0,45.11,60.26,68.04,253,0,1.0,1,0.0,1.0,51.39
75.22,68.89,68.83,86.15,58.37,63.32,61.36,39.68,169.0,7.0,63.93,39.15,50.49,360,1,0.0,1,0.0,0.0,62.37
50.23,35.8,42.42,62.04,35.38,44.27,47.93,52.82,117.0,18.0,40.86,65.69,44.16,280,0,0.0,0,0.0,0.0,24.95
34.63,24.22,52.54,43.55,51.43,40.15,37.84,46.22,156.0,19.0,32.79,49.23,38.17,274,0,0.0,0,1.0,0.0,17.72
74.2,63.25,38.97,65.77,67.51,48.2,86.82,81.5,140.0,3.0,64.4,79.63,62.48,181,0,1.0,1,0.0,0.0,63.44
67.94,54.23,59.81,49.93,57.25,64.59,84.35,84.28,,4.0,80.4,75.77,62.59,188,0,0.0,0,1.0,0.0,68.2
72.48,55.66,67.22,48.93,59.21,62.79,67.28,83.92,111.0,0.0,78.42,63.82,51.58,225,0,0.0,0,0.0,1.0,65.17
41.78,24.46,28.06,81.15,36.41,35.61,55.94,56.95,145.0,4.0,68.6,67.33,30.01,231,0,0.0,0,0.0,0.0,26.95
74.34,42.88,52.89,92.85,69.16,65.03,87.3,70.42,147.0,2.0,78.28,68.29,70.31,332,0,0.0,0,0.0,0.0,61.72
72.43,44.62,18.47,50.92,56.57,46.07,57.63,61.99,179.0,5.0,50.83,65.35,51.55,176,0,0.0,0,0.0,0.0,40.5
67.36,53.25,67.29,50.0,81.77,66.13,57.7,41.44,133.0,15.0,42.69,53.28,62.16,266,0,1.0,0,0.0,0.0,61.43
63.82,41.06,34.53,64.15,64.05,37.48,63.68,58.88,167.0,1.0,66.34,79.72,,257,0,0.0,0,0.0,0.0,51.39
80.5,70.27,53.2,62.46,89.85,72.71,49.13,55.72,131.0,3.0,75.0,42.18,70.84,229,0,0.0,1,0.0,1.0,67.03
60.05,48.55,61.93,78.22,69.83,58.19,62.02,83.75,132.0,3.0,68.76,80.38,69.67,310,0,1.0,1,0.0,0.0,61.85
55.45,33.92,40.3,57.25,38.71,42.59,56.29,53.83,108.0,12.0,65.45,68.31,41.37,378,0,0.0,0,0.0,0.0,32.67
95.93,69.04,68.53,58.7,72.0,66.38,78.99,61.25,162.0,6.0,65.98,69.29,78.83,364,1,1.0,0,1.0,0.0,66.1
59.82,51.29,52.34,79.29,62.06,53.29,45.79,29.96,139.0,3.0,59.96,31.39,54.73,84,0,0.0,0,0.0,0.0,28.09
69.55,57.57,47.63,64.54,80.79,58.03,59.58,74.3,138.0,5.0,61.3,83.68,44.47,289,0,0.0,0,1.0,1.0,62.43
85.03,63.61,63.2,80.56,80.08,62.44,54.29,47.84,132.0,10.0,50.74,50.79,66.04,374,1,1.0,0,1.0,1.0,74.72
47.19,41.04,13.06,45.37,41.33,37.12,74.59,86.91,145.0,6.0,82.54,100.0,49.75,150,0,0.0,0,0.0,0.0,51.45
19.74,27.54,23.64,57.67,61.77,40.41,41.51,44.77,123.0,11.0,40.57,52.7,30.48,194,0,0.0,0,0.0,0.0,17.09
69.48,33.71,51.73,34.89,63.26,40.89,78.66,55.56,149.0,12.0,52.89,83.2,,175,0,0.0,0,1.0,0.0,44.28
64.52,16.57,42.13,70.05,41.35,44.34,96.3,78.59,126.0,0.0,87.39,78.81,71.62,330,0,0.0,0,1.0,0.0,54.54
78.13,58.99,32.98,56.36,62.48,53.05,69.33,72.81,137.0,12.0,48.96,55.22,45.79,321,1,0.0,1,0.0,0.0,45.65
53.87,40.37,30.39,62.21,74.04,43.38,61.86,60.53,148.0,7.0,61.17,61.34,47.22,218,0,1.0,0,0.0,1.0,59.16
67.85,26.97,22.46,86.0,66.46,46.57,65.43,48.91,164.0,8.0,47.59,43.48,62.82,297,1,0.0,0,1.0,0.0,39.79
86.46,55.26,60.04,62.24,52.17,61.62,93.0,87.38,147.0,3.0,94.63,78.47,64.18,191,0,0.0,0,1.0,0.0,68.47
72.66,63.25,62.26,56.88,51.3,60.39,45.74,40.88,160.0,2.0,55.23,68.18,51.29,102,0,0.0,0,0.0,1.0,53.83
44.99,55.44,16.12,54.49,40.18,32.23,61.97,46.03,138.0,4.0,69.36,62.1,48.61,268,1,0.0,1,0.0,0.0,35.95
56.52,60.18,27.29,39.11,39.73,50.62,62.14,44.49,122.0,8.0,44.06,59.56,79.24,116,0,0.0,0,,0.0,39.4
66.33,26.34,60.15,52.49,58.49,49.64,69.65,56.93,177.0,10.0,43.65,78.48,39.39,195,0,1.0,0,1.0,0.0,37.72
100.0,81.31,53.34,87.42,71.67,78.21,61.08,44.35,136.0,13.0,51.87,49.15,49.56,242,1,0.0,1,0.0,0.0,59.59
67.32,72.31,54.83,78.67,69.54,70.53,74.18,85.07,157.0,8.0,79.36,91.28,64.82,228,1,0.0,0,1.0,1.0,76.55
58.63,49.62,52.92,64.98,75.9,43.55,,57.39,126.0,12.0,56.85,66.06,42.7,89,0,0.0,1,1.0,1.0,39.04
87.46,69.91,48.7,65.82,95.24,73.54,60.22,58.64,148.0,7.0,64.48,59.96,64.54,259,0,1.0,0,1.0,0.0,59.84
61.9,,63.74,49.91,68.28,44.86,75.98,81.78,147.0,9.0,76.6,77.1,56.04,176,0,0.0,0,0.0,1.0,42.64
54.35,8.04,75.98,64.96,27.17,46.91,,40.71,137.0,4.0,,63.68,55.33,250,0,0.0,0,0.0,0.0,25.26
31.41,50.34,30.49,51.71,73.37,37.41,60.9,38.5,175.0,6.0,59.73,86.99,50.61,280,0,0.0,0,0.0,0.0,37.9
70.66,50.22,60.85,53.01,49.68,60.39,72.98,61.67,148.0,4.0,71.38,69.39,55.01,263,0,0.0,0,0.0,0.0,52.98
75.98,61.98,66.18,60.97,65.01,56.81,91.06,69.75,136.0,3.0,79.02,73.33,68.24,156,0,0.0,0,0.0,1.0,70.86
80.92,62.3,49.4,71.38,76.26,66.2,34.71,39.46,163.0,14.0,34.8,30.01,44.6,258,0,0.0,1,0.0,0.0,39.11
71.05,65.36,65.6,46.39,71.74,64.17,70.11,69.79,107.0,8.0,62.56,82.72,74.86,285,1,0.0,1,0.0,0.0,61.17
69.79,34.6,69.19,61.56,31.94,49.39,87.25,62.49,116.0,8.0,64.16,43.62,72.26,230,0,1.0,0,0.0,0.0,63.19
72.86,39.72,38.92,68.24,61.25,45.33,53.92,72.88,153.0,8.0,71.85,56.07,60.08,198,1,,0,0.0,0.0,50.46
73.16,41.66,48.15,65.61,58.04,50.97,72.34,61.21,144.0,4.0,59.52,72.97,51.24,145,0,0.0,0,1.0,0.0,54.26
,46.72,84.12,85.56,50.11,70.86,42.81,46.45,126.0,11.0,55.41,42.66,58.94,140,0,0.0,0,0.0,0.0,55.09
61.79,51.08,36.55,41.8,67.78,58.75,71.94,82.33,147.0,3.0,61.79,45.72,50.29,211,0,0.0,0,0.0,1.0,52.42
100.0,82.24,71.58,52.26,99.56,91.89,79.77,25.69,160.0,5.0,55.32,38.73,82.13,354,1,1.0,1,1.0,0.0,81.35
42.04,58.87,54.81,48.09,55.57,51.92,68.71,77.69,121.0,5.0,62.51,52.29,70.48,233,0,0.0,0,1.0,1.0,50.41
57.12,90.58,51.92,52.63,77.32,65.06,68.05,36.17,138.0,3.0,61.0,82.3,41.93,312,1,0.0,1,1.0,1.0,70.08
71.83,41.25,61.38,19.14,54.9,53.86,68.76,66.52,140.0,9.0,68.37,84.42,59.4,210,0,1.0,0,0.0,1.0,68.61
73.4,50.11,71.89,100.0,74.49,76.98,58.72,46.17,144.0,5.0,50.03,63.39,61.3,217,0,1.0,0,1.0,0.0,68.54
71.48,50.04,32.64,58.99,66.04,55.53,72.08,62.29,152.0,3.0,73.13,66.59,72.01,280,0,1.0,0,1.0,0.0,54.19
64.56,38.18,25.24,60.86,30.21,41.22,58.35,72.23,103.0,12.0,63.16,74.27,45.22,256,0,0.0,0,0.0,0.0,28.1
65.96,68.25,30.57,45.68,61.32,51.46,34.48,56.56,144.0,7.0,54.37,75.24,39.58,177,0,0.0,0,0.0,0.0,48.17
74.38,42.97,47.27,69.88,59.55,53.27,46.46,56.9,102.0,10.0,52.54,60.03,51.4,128,0,0.0,0,0.0,0.0,39.27
28.03,12.92,31.46,35.6,23.78,25.65,47.31,52.43,136.0,11.0,40.25,40.66,43.2,263,0,0.0,0,0.0,0.0,10.74
25.64,16.8,64.5,57.63,27.07,28.03,79.59,67.65,122.0,10.0,44.7,74.96,51.31,149,0,0.0,0,0.0,0.0,18.45
97.87,60.45,55.65,80.33,98.6,69.53,53.32,65.63,141.0,6.0,57.43,40.39,67.98,336,0,1.0,0,0.0,1.0,65.63
53.9,80.32,63.86,65.0,52.79,59.33,79.55,84.25,153.0,4.0,65.9,67.74,72.27,303,1,1.0,0,0.0,0.0,58.9
98.44,61.81,57.75,77.38,77.42,67.84,43.0,50.47,137.0,14.0,55.03,34.47,49.57,235,0,1.0,1,0.0,1.0,70.54
70.66,54.91,45.9,82.88,79.47,63.66,47.99,52.63,125.0,12.0,47.9,51.37,53.57,229,0,1.0,0,1.0,1.0,62.6
64.72,32.24,38.55,67.2,39.27,47.98,46.75,58.28,113.0,3.0,70.68,72.84,57.03,232,0,0.0,0,1.0,0.0,48.86
73.8,55.52,83.26,53.03,55.45,63.85,83.03,40.48,,5.0,68.2,44.51,60.76,80,0,0.0,0,0.0,0.0,53.05
64.68,35.15,42.67,63.61,58.41,51.16,66.59,67.21,132.0,12.0,57.59,62.23,49.69,342,0,0.0,0,1.0,0.0,44.49
56.55,18.97,22.25,65.42,57.08,38.78,78.44,58.04,147.0,11.0,61.44,65.44,41.75,248,0,1.0,0,0.0,1.0,39.27
100.0,83.63,77.02,81.06,81.11,58.18,76.45,61.78,133.0,6.0,69.19,58.0,76.44,338,0,1.0,0,1.0,0.0,73.99
98.22,73.31,56.16,77.6,69.65,66.46,94.47,38.61,168.0,1.0,70.29,53.04,95.45,138,0,0.0,0,0.0,0.0,61.46
57.34,57.11,22.46,39.86,63.23,50.65,60.23,65.7,139.0,9.0,66.76,79.19,49.33,308,0,0.0,0,0.0,0.0,41.5
68.08,43.41,71.32,72.52,64.29,53.44,40.55,33.58,152.0,4.0,41.32,35.72,51.54,175,0,0.0,0,0.0,0.0,38.07
60.01,44.25,7.08,31.71,51.88,43.61,87.55,73.47,133.0,6.0,58.09,64.98,72.93,190,0,0.0,0,0.0,0.0,37.51
72.48,76.78,61.36,82.45,94.41,76.72,60.38,61.92,152.0,0.0,85.79,59.23,58.2,235,0,0.0,1,1.0,0.0,72.41
82.99,55.44,61.32,65.62,50.54,58.89,92.4,71.98,154.0,1.0,61.65,77.05,72.0,158,0,0.0,0,0.0,0.0,58.6
75.71,33.38,65.65,80.16,73.37,55.44,73.33,70.43,128.0,1.0,76.9,97.62,77.44,197,0,0.0,0,1.0,0.0,59.74
63.9,64.25,80.59,90.77,63.81,65.68,69.27,53.19,113.0,5.0,71.61,91.42,63.08,303,0,0.0,0,1.0,0.0,69.08
70.77,31.35,46.04,44.31,65.43,48.88,62.78,68.87,162.0,4.0,69.41,72.81,56.04,267,0,0.0,0,0.0,0.0,48.5
75.13,45.64,65.97,72.1,72.92,64.88,91.49,52.57,135.0,3.0,63.98,64.31,84.85,255,0,0.0,0,1.0,0.0,64.92
48.01,14.84,79.87,50.18,69.44,33.1,64.35,64.06,127.0,7.0,43.6,76.62,41.97,129,0,0.0,0,0.0,0.0,25.28
86.79,64.86,54.78,79.34,72.63,62.65,56.99,52.45,132.0,9.0,62.87,73.33,53.2,189,0,0.0,0,0.0,1.0,54.8
64.86,62.79,68.56,74.03,61.1,55.27,79.78,73.03,124.0,3.0,75.23,75.56,64.06,247,0,0.0,0,1.0,1.0,64.11
77.94,70.47,29.57,60.46,62.41,42.8,54.41,38.3,149.0,4.0,60.97,70.92,68.43,319,1,1.0,1,1.0,0.0,59.89
39.55,43.35,67.23,59.84,44.06,43.0,86.79,66.17,142.0,3.0,70.45,86.98,70.55,243,0,0.0,0,0.0,1.0,40.89
56.58,50.88,27.69,50.54,63.42,,71.98,100.0,,6.0,93.19,79.64,65.75,160,0,1.0,0,0.0,0.0,61.37
48.17,35.7,41.15,71.57,31.96,37.84,74.28,68.37,161.0,11.0,72.12,85.48,62.24,207,0,0.0,0,0.0,0.0,37.79
47.77,62.94,30.94,41.13,67.39,44.86,71.66,70.2,142.0,2.0,77.44,82.73,48.72,293,0,0.0,0,0.0,0.0,51.96
72.84,41.31,62.13,71.09,55.77,58.61,44.42,43.19,164.0,10.0,40.21,48.84,54.6,223,0,0.0,0,0.0,1.0,45.78
82.18,32.17,69.84,86.49,46.89,55.98,47.41,53.36,136.0,15.0,28.87,31.64,42.46,300,0,0.0,0,1.0,0.0,41.99
92.82,52.77,72.99,84.43,87.91,62.07,76.39,65.5,114.0,4.0,67.35,50.95,64.1,247,1,1.0,0,1.0,0.0,73.06
56.53,32.12,51.76,46.71,12.94,40.65,58.61,54.68,122.0,8.0,58.81,59.43,48.05,249,0,0.0,0,0.0,0.0,38.14
67.74,34.43,88.42,82.41,50.27,72.71,64.88,54.32,126.0,,66.02,66.66,75.61,200,0,0.0,0,0.0,0.0,56.2
83.57,35.01,67.95,47.85,70.83,65.33,57.53,38.53,140.0,10.0,50.21,63.72,76.19,154,0,1.0,0,1.0,1.0,60.2
63.14,76.78,40.38,49.7,38.36,57.11,89.08,79.99,170.0,1.0,71.41,85.22,59.99,397,1,0.0,1,0.0,0.0,52.4
62.7,16.83,43.29,73.51,64.41,44.01,79.32,87.5,144.0,6.0,79.32,84.57,73.33,266,0,1.0,0,0.0,0.0,41.97
47.02,68.42,57.97,33.31,40.22,46.39,76.54,68.07,137.0,7.0,58.4,67.3,57.0,314,1,0.0,0,0.0,0.0,46.43
69.43,34.09,56.67,55.33,61.76,48.51,70.08,70.15,134.0,6.0,55.28,89.6,64.53,264,0,0.0,0,0.0,,46.9
66.28,35.31,51.32,48.26,70.68,52.59,63.74,62.26,149.0,7.0,54.91,69.33,59.4,132,0,0.0,0,0.0,0.0,37.82
63.23,40.6,62.62,50.84,55.76,44.88,68.8,68.33,147.0,7.0,41.96,18.11,46.37,176,0,0.0,0,0.0,0.0,40.63
54.3,58.39,58.01,59.6,48.26,53.54,39.19,61.34,150.0,9.0,58.12,75.49,43.26,264,1,1.0,0,0.0,0.0,56.19
65.73,62.04,55.72,87.86,71.48,,80.67,100.0,129.0,6.0,65.08,90.68,63.65,426,1,0.0,0,0.0,0.0,65.34
80.28,47.43,51.63,70.54,79.95,50.73,63.66,55.11,179.0,9.0,56.41,35.41,59.6,238,0,0.0,0,0.0,0.0,44.27
50.61,36.66,63.87,70.89,58.89,45.76,63.14,38.29,133.0,9.0,69.94,64.69,61.64,121,0,0.0,0,0.0,0.0,39.82
35.38,27.29,47.83,28.39,32.69,40.32,87.32,79.88,131.0,3.0,63.25,77.06,90.71,128,0,0.0,0,0.0,0.0,41.52
67.42,61.07,29.3,51.21,51.61,51.23,55.75,88.36,159.0,5.0,72.68,62.43,62.41,301,0,0.0,0,0.0,0.0,56.92
70.78,43.72,66.66,81.16,45.18,34.63,70.82,57.2,156.0,4.0,53.79,75.67,38.73,211,0,0.0,0,1.0,0.0,50.32
65.07,16.33,50.33,69.25,45.67,39.71,67.24,61.35,128.0,8.0,59.81,64.93,66.29,163,0,0.0,0,0.0,,40.25
56.07,52.48,50.48,71.53,72.93,60.08,54.07,52.05,150.0,6.0,48.7,51.96,60.98,266,0,1.0,0,1.0,0.0,61.81
62.85,,60.49,55.03,52.02,47.34,54.09,60.12,130.0,7.0,59.07,55.36,,365,0,0.0,0,0.0,0.0,39.7
52.63,49.91,56.69,68.7,34.23,51.12,71.46,50.37,147.0,14.0,63.15,73.96,49.0,211,0,0.0,0,0.0,0.0,38.45
53.71,15.55,44.1,41.99,48.14,35.2,64.92,61.96,143.0,3.0,36.53,52.0,43.83,278,0,0.0,0,0.0,0.0,34.55
65.42,28.83,40.61,63.06,44.67,45.35,76.98,71.63,187.0,1.0,81.52,82.24,75.04,267,0,0.0,0,1.0,0.0,50.71
87.13,84.98,63.06,100.0,86.46,77.71,,76.26,165.0,14.0,58.75,61.7,73.58,233,1,0.0,1,1.0,0.0,68.47
89.31,44.71,54.76,55.92,56.04,54.47,80.37,81.14,160.0,1.0,99.84,82.0,85.12,230,0,0.0,0,1.0,0.0,61.29
67.09,64.62,53.19,40.38,82.42,63.43,77.03,65.73,154.0,10.0,57.08,68.62,78.38,315,1,1.0,0,0.0,1.0,65.57
54.1,45.18,54.21,92.53,47.23,59.9,65.99,74.95,117.0,6.0,44.63,57.21,60.03,80,1,0.0,0,1.0,0.0,38.45
42.98,67.64,41.91,65.2,47.67,50.94,66.93,84.16,143.0,7.0,78.06,68.59,30.06,195,1,1.0,1,0.0,1.0,49.4
43.69,58.93,56.92,58.83,64.37,52.51,62.15,67.51,,6.0,38.73,74.39,43.73,129,0,0.0,0,0.0,0.0,36.01
64.92,53.13,56.05,64.48,38.95,47.17,41.25,19.74,135.0,13.0,22.77,36.81,25.42,268,1,0.0,0,0.0,0.0,36.05
60.33,40.09,48.28,31.81,57.48,52.33,54.45,45.39,139.0,5.0,43.95,58.4,65.44,197,0,1.0,0,0.0,0.0,44.58
91.58,85.67,50.51,81.64,90.24,72.38,50.01,66.96,106.0,4.0,63.08,51.2,66.42,274,1,1.0,1,1.0,0.0,71.05
,53.53,38.21,53.79,36.4,50.37,40.86,35.13,131.0,13.0,32.6,56.13,41.73,219,0,0.0,0,0.0,0.0,34.62
76.99,41.84,38.22,67.63,60.4,57.35,49.41,62.31,139.0,3.0,57.51,43.16,49.04,91,0,0.0,0,0.0,0.0,48.31
78.19,65.54,57.37,74.14,52.96,67.86,50.86,39.26,154.0,23.0,25.42,29.28,63.13,136,0,1.0,0,0.0,0.0,47.59
49.55,68.14,2.16,0.65,39.12,42.02,47.28,60.94,122.0,4.0,63.14,66.38,39.88,250,0,0.0,0,0.0,0.0,36.84
62.86,22.48,68.26,74.77,41.81,53.88,68.99,53.78,125.0,2.0,66.0,63.8,47.98,169,0,0.0,0,0.0,0.0,45.27
43.58,45.36,3.73,35.62,34.7,23.83,57.99,74.84,123.0,6.0,44.8,73.45,27.94,85,0,0.0,1,0.0,0.0,19.76
43.81,41.57,19.11,62.88,47.72,32.7,52.29,51.57,132.0,13.0,30.53,55.67,41.47,218,0,0.0,0,0.0,0.0,26.13
78.21,57.3,91.96,69.94,77.41,62.22,57.1,67.84,118.0,6.0,54.61,54.21,49.82,197,0,0.0,0,0.0,0.0,54.05
59.8,34.97,44.8,61.3,58.08,38.46,,50.48,162.0,8.0,57.48,52.08,60.22,311,0,0.0,0,1.0,0.0,33.83
50.68,21.29,50.1,47.59,36.19,47.06,81.16,83.66,155.0,2.0,66.76,48.52,62.15,221,0,0.0,0,0.0,0.0,37.68
65.11,94.06,31.23,66.08,51.89,53.42,73.02,79.05,189.0,6.0,58.86,54.2,46.47,153,1,0.0,1,0.0,0.0,49.47
68.42,13.14,85.33,74.12,58.13,46.48,72.86,74.77,131.0,11.0,48.07,62.11,53.12,173,0,0.0,0,0.0,0.0,36.14
42.95,48.35,13.03,50.51,73.67,40.87,50.67,83.87,153.0,4.0,52.47,62.89,37.37,262,0,1.0,0,0.0,0.0,47.41
100.0,88.38,68.38,100.0,68.93,75.44,71.0,64.14,118.0,3.0,74.05,65.33,69.78,355,1,1.0,1,1.0,0.0,82.47
66.48,50.71,37.86,54.38,54.19,63.62,62.7,54.48,165.0,1.0,67.09,62.03,73.36,294,1,0.0,0,0.0,0.0,58.38
67.67,53.89,67.48,44.07,33.72,51.3,98.88,74.51,140.0,0.0,78.95,68.75,70.16,164,0,0.0,0,0.0,0.0,51.47
54.59,40.37,41.16,76.75,60.99,50.68,72.5,63.6,139.0,5.0,53.19,43.81,51.17,274,0,0.0,0,1.0,1.0,57.35
55.16,48.16,48.48,52.54,65.06,45.53,58.87,59.23,161.0,12.0,62.39,63.53,,371,1,0.0,0,0.0,0.0,47.82
69.74,39.28,68.28,82.38,54.91,46.62,41.85,56.73,158.0,14.0,70.93,53.14,45.73,275,0,0.0,0,0.0,0.0,48.94
82.01,28.93,60.84,74.86,60.62,51.75,46.81,41.34,119.0,5.0,52.58,48.82,55.2,294,0,1.0,0,0.0,0.0,53.46
33.65,27.97,35.68,39.17,28.43,25.97,75.12,74.81,139.0,7.0,60.22,77.39,53.91,164,0,0.0,0,0.0,0.0,17.85
70.0,65.68,62.78,79.4,63.02,58.61,54.79,49.76,163.0,4.0,48.25,44.29,43.59,268,0,0.0,1,0.0,1.0,52.89
59.01,55.88,48.55,65.12,70.05,45.28,56.76,50.11,131.0,10.0,54.23,49.72,37.75,133,0,0.0,0,1.0,0.0,41.22
85.42,83.74,70.34,56.56,71.41,73.14,70.92,57.58,145.0,10.0,51.8,52.42,61.8,255,1,0.0,0,0.0,1.0,68.09
66.37,75.08,40.47,62.5,81.9,59.45,63.19,49.43,148.0,2.0,64.07,54.78,64.38,206,1,1.0,1,0.0,1.0,75.31
85.17,52.9,95.39,63.79,58.65,59.15,44.85,25.17,162.0,9.0,56.41,38.16,70.05,183,0,0.0,0,0.0,0.0,52.86
62.87,55.27,46.25,79.03,27.58,50.23,67.45,48.04,151.0,5.0,71.08,50.22,48.19,279,1,0.0,0,0.0,0.0,50.84
66.94,50.28,14.42,76.32,81.62,56.09,88.63,79.0,138.0,5.0,64.21,91.45,57.03,116,0,1.0,0,1.0,0.0,53.49
63.01,47.74,29.77,84.25,58.8,57.13,80.97,64.3,106.0,0.0,,65.34,78.01,118,0,0.0,1,0.0,0.0,48.46
84.23,49.23,29.06,62.39,65.72,40.51,75.73,60.23,153.0,5.0,82.2,88.06,62.5,227,1,0.0,0,1.0,0.0,60.05
48.62,35.61,24.64,42.85,37.81,31.21,73.8,79.32,143.0,5.0,62.47,51.48,50.66,80,0,0.0,0,0.0,0.0,33.3
63.99,28.41,42.74,60.38,28.52,33.17,80.1,68.3,173.0,7.0,76.51,54.56,64.73,215,0,0.0,0,0.0,0.0,38.94
43.2,41.56,35.53,37.94,51.71,35.71,83.42,73.88,152.0,9.0,64.06,91.07,69.95,156,0,0.0,0,0.0,0.0,35.95
60.73,64.03,26.48,79.83,28.41,55.72,56.43,53.85,128.0,5.0,58.74,58.81,65.81,308,1,1.0,0,0.0,0.0,50.21
57.13,41.28,49.61,79.12,57.58,45.86,48.85,64.99,114.0,4.0,57.71,59.09,42.04,243,0,0.0,0,1.0,0.0,42.82
61.0,70.08,19.62,58.96,74.01,50.31,52.35,37.96,134.0,5.0,63.09,52.01,57.34,212,0,0.0,0,1.0,1.0,57.43
69.59,96.62,53.89,81.77,79.15,66.29,74.06,86.01,147.0,5.0,72.33,91.38,79.12,192,0,1.0,1,0.0,1.0,84.95
67.37,59.45,46.35,53.8,66.16,65.7,51.27,73.29,139.0,6.0,56.14,69.83,54.16,309,0,0.0,0,1.0,1.0,59.11
65.17,93.01,59.4,48.66,89.63,55.58,58.07,64.22,115.0,,50.79,54.3,58.06,329,1,1.0,0,1.0,1.0,71.7
84.43,64.21,86.16,55.36,83.81,69.09,87.41,82.33,92.0,9.0,68.09,72.18,66.44,353,0,1.0,1,1.0,0.0,72.77
76.81,74.81,48.21,75.5,54.05,57.06,53.8,43.78,120.0,9.0,56.11,49.7,45.06,201,0,0.0,0,0.0,0.0,52.65
,78.87,70.52,73.87,77.42,66.46,51.12,80.34,93.0,2.0,85.01,61.32,67.23,196,0,0.0,1,0.0,1.0,70.88
59.7,61.1,32.01,60.96,82.85,61.33,64.49,70.49,121.0,11.0,43.69,61.74,66.39,195,0,0.0,0,1.0,1.0,57.81
52.29,37.63,52.81,62.94,60.41,37.07,65.33,50.88,143.0,6.0,62.43,68.79,59.6,341,1,0.0,0,0.0,0.0,46.27
79.06,59.16,63.11,72.78,83.64,63.82,75.47,74.49,167.0,6.0,64.96,64.88,52.52,396,0,1.0,0,1.0,0.0,67.84
47.24,77.21,36.95,66.94,67.8,53.94,40.23,48.9,91.0,18.0,40.25,45.82,59.05,239,1,0.0,1,0.0,0.0,29.92
81.93,52.5,64.65,51.39,59.23,55.92,59.13,81.35,120.0,3.0,56.25,59.78,61.75,123,0,0.0,0,0.0,1.0,52.59
64.34,66.7,34.56,69.45,47.25,42.36,66.83,69.88,146.0,11.0,56.22,67.52,64.54,220,0,0.0,1,0.0,0.0,45.87
65.46,39.18,37.74,53.25,58.0,46.5,90.88,79.4,135.0,9.0,76.19,78.85,57.25,254,0,0.0,0,1.0,0.0,46.26
78.29,62.69,18.37,66.1,72.01,51.31,59.72,68.06,141.0,6.0,63.06,81.22,64.21,328,1,0.0,0,1.0,0.0,54.8
44.58,17.94,45.48,69.15,23.46,39.13,45.69,58.69,143.0,5.0,55.02,49.31,51.48,146,0,0.0,0,1.0,0.0,40.05
78.38,78.88,45.79,82.41,74.43,70.07,52.02,48.21,130.0,8.0,56.1,40.18,46.44,327,1,1.0,1,1.0,0.0,68.4
75.47,29.6,61.21,63.41,33.83,61.12,70.93,75.1,162.0,5.0,88.23,99.91,72.6,431,0,0.0,0,0.0,0.0,55.58
61.43,51.52,58.18,67.83,60.3,55.71,65.96,77.4,183.0,7.0,50.85,46.77,46.77,125,0,0.0,0,0.0,0.0,30.66
62.01,76.36,38.84,78.29,50.29,60.06,57.42,45.81,119.0,10.0,58.23,52.93,57.64,276,1,0.0,0,0.0,0.0,59.76
71.54,66.58,49.79,50.15,73.95,58.23,92.53,84.87,160.0,3.0,70.9,77.66,93.74,258,0,0.0,1,0.0,1.0,64.47
82.88,82.98,52.6,61.35,67.39,77.94,73.61,54.72,178.0,8.0,71.72,53.22,75.06,205,1,1.0,0,0.0,0.0,73.66
43.71,15.1,38.84,54.22,64.46,37.47,93.22,66.0,169.0,2.0,76.54,72.86,62.89,241,0,0.0,0,0.0,1.0,38.18
81.14,60.27,20.74,52.11,69.15,54.32,,71.05,127.0,11.0,58.72,45.9,,276,0,1.0,0,1.0,0.0,49.81
68.99,73.75,43.43,74.19,68.22,64.42,64.13,52.78,133.0,2.0,64.24,64.87,65.4,276,1,0.0,0,0.0,1.0,68.1
79.12,45.46,65.13,59.52,42.86,52.26,57.87,57.17,107.0,5.0,68.76,87.71,55.27,204,0,0.0,0,0.0,0.0,41.09
78.89,82.22,70.0,70.79,77.03,69.24,60.56,72.42,128.0,10.0,56.18,40.67,41.48,286,1,0.0,1,1.0,1.0,68.43
79.48,15.51,62.08,59.47,58.21,54.11,75.84,48.61,131.0,4.0,79.34,66.74,54.45,238,0,0.0,0,0.0,0.0,37.14
89.84,46.25,72.9,94.29,80.39,73.84,84.94,88.01,150.0,0.0,75.91,70.4,83.98,266,0,1.0,0,1.0,1.0,92.7
59.94,71.35,17.65,68.2,74.39,57.18,44.76,79.36,116.0,9.0,63.66,52.18,66.36,214,1,0.0,1,0.0,0.0,48.97
54.6,31.03,59.69,61.86,54.93,46.84,70.38,69.09,141.0,7.0,64.28,36.21,58.58,195,0,0.0,0,0.0,0.0,44.99
53.51,46.97,34.56,45.98,62.85,47.46,74.06,64.21,144.0,14.0,58.19,73.0,68.15,177,0,0.0,0,0.0,0.0,43.56
72.87,35.35,64.45,69.21,76.02,63.78,56.96,66.97,130.0,2.0,69.89,73.59,61.45,225,0,1.0,0,0.0,1.0,65.15
100.0,80.06,80.3,88.76,98.12,77.51,62.29,36.44,154.0,8.0,52.25,21.25,56.94,223,1,1.0,0,1.0,1.0,78.41
52.28,35.57,72.51,96.97,32.62,49.62,65.73,43.66,131.0,5.0,31.21,31.41,72.81,188,0,1.0,0,0.0,0.0,47.79
100.0,86.17,77.2,54.47,71.15,60.39,59.12,75.12,144.0,5.0,74.19,67.31,47.26,176,1,0.0,0,1.0,0.0,79.77
70.25,39.32,39.58,44.27,34.25,49.08,76.67,76.92,117.0,1.0,74.89,63.1,67.07,302,1,0.0,0,,0.0,50.0
62.47,54.51,85.74,48.21,62.1,55.57,44.58,64.26,122.0,8.0,48.53,48.76,43.26,295,1,1.0,0,0.0,1.0,57.48
74.2,40.15,24.18,60.5,69.34,45.16,76.69,60.93,158.0,1.0,75.98,66.58,59.49,244,0,0.0,0,0.0,1.0,49.63
43.68,52.08,32.19,55.72,58.61,43.4,55.77,73.3,108.0,8.0,59.81,60.57,66.86,162,0,0.0,0,0.0,0.0,40.6
69.0,56.48,50.33,56.55,56.33,58.81,58.39,60.29,152.0,4.0,53.57,81.78,56.87,151,0,0.0,1,0.0,0.0,51.4
48.96,15.1,60.83,73.96,59.4,58.29,74.76,66.57,134.0,10.0,59.27,55.83,59.37,193,0,0.0,0,1.0,0.0,37.88
82.68,61.06,39.59,67.06,67.95,50.99,65.93,52.2,103.0,8.0,64.84,42.27,52.65,204,0,1.0,0,0.0,1.0,57.16
37.73,,35.31,67.59,54.21,36.23,51.6,54.34,129.0,14.0,27.71,43.85,46.12,105,1,0.0,0,0.0,0.0,22.69
30.2,40.67,60.54,63.45,27.82,40.62,54.52,57.1,151.0,8.0,47.11,68.48,37.51,184,0,0.0,0,0.0,0.0,29.37
61.4,25.68,50.21,36.29,75.28,42.76,63.42,66.82,180.0,9.0,46.39,69.1,51.44,198,0,1.0,0,0.0,0.0,33.79
88.51,52.46,46.49,81.5,53.72,65.03,62.73,56.11,172.0,6.0,77.23,36.99,63.56,224,0,0.0,0,0.0,0.0,58.35
77.33,58.0,74.96,47.87,56.34,60.86,62.56,90.3,122.0,4.0,77.89,87.74,55.57,176,1,0.0,1,0.0,0.0,56.34
78.87,50.71,74.34,77.72,79.18,71.74,64.92,58.05,153.0,10.0,55.25,47.73,49.44,186,0,1.0,0,1.0,0.0,59.97
83.12,57.59,65.95,68.49,63.84,62.82,52.98,48.62,129.0,4.0,60.38,67.06,57.92,242,0,0.0,1,1.0,0.0,69.99
77.62,89.55,59.1,73.83,74.37,74.57,58.86,58.42,127.0,6.0,58.75,74.64,59.87,106,1,0.0,1,0.0,0.0,59.28
72.55,34.29,39.09,49.56,62.31,43.1,46.73,86.86,155.0,4.0,78.9,65.47,54.02,316,0,1.0,0,0.0,0.0,45.91
75.65,51.62,51.51,73.52,53.04,68.35,70.25,52.02,144.0,8.0,50.36,68.78,41.52,245,1,0.0,1,0.0,0.0,52.56
59.7,64.8,26.66,42.64,60.77,39.34,65.72,37.83,143.0,10.0,53.11,48.26,46.69,175,0,0.0,0,0.0,0.0,45.71
82.64,55.39,78.91,95.36,79.31,66.63,37.47,45.5,105.0,9.0,50.58,51.54,60.63,207,0,0.0,0,0.0,1.0,49.75
57.19,30.58,53.68,33.64,47.46,34.71,67.34,51.82,122.0,9.0,46.29,64.77,32.17,288,0,0.0,0,0.0,0.0,34.8
61.53,38.54,55.98,54.35,39.51,51.92,58.76,72.15,122.0,2.0,57.88,71.11,73.53,194,0,0.0,0,0.0,1.0,43.9
68.0,43.57,56.18,90.82,39.49,56.19,43.93,55.18,145.0,11.0,34.62,55.89,50.63,212,0,0.0,0,0.0,0.0,48.17
78.51,41.43,63.91,99.53,73.44,55.54,55.86,39.45,151.0,5.0,64.45,50.13,55.12,202,0,1.0,0,0.0,1.0,57.98
45.22,35.66,22.68,25.81,59.63,42.44,77.42,81.18,172.0,13.0,57.63,80.28,58.16,309,0,0.0,0,1.0,0.0,21.74
85.18,57.14,77.78,69.21,78.45,65.32,76.87,40.94,124.0,7.0,66.21,47.13,58.79,278,0,,0,0.0,0.0,72.21
59.01,25.06,58.56,48.93,51.34,47.52,53.5,36.42,169.0,19.0,40.66,46.07,62.16,867,0,0.0,0,0.0,0.0,34.09
47.6,25.57,27.72,78.61,30.75,39.0,72.96,91.57,135.0,7.0,77.59,67.75,60.13,80,0,0.0,0,0.0,0.0,25.6
93.62,,73.4,73.47,36.52,54.05,67.37,40.27,141.0,9.0,61.52,82.09,59.72,152,0,0.0,0,0.0,0.0,37.5
76.33,50.19,72.84,85.1,60.91,68.47,100.0,80.36,142.0,3.0,83.81,84.46,89.46,215,0,0.0,0,0.0,1.0,65.22
40.92,24.73,36.29,50.46,19.15,30.07,60.15,80.0,143.0,5.0,60.0,74.08,51.2,242,0,0.0,0,0.0,0.0,22.83
87.1,20.56,64.77,61.67,69.04,58.55,86.61,37.43,155.0,5.0,68.23,70.96,61.47,321,0,1.0,0,0.0,0.0,55.51
81.53,,62.32,43.19,77.79,57.92,60.45,56.08,157.0,5.0,71.33,59.5,59.93,301,1,1.0,0,1.0,0.0,66.92
72.18,41.39,58.18,54.54,50.95,41.64,29.63,40.16,130.0,5.0,74.3,60.91,50.49,156,0,0.0,0,0.0,0.0,31.89
92.23,68.92,62.27,100.0,65.6,70.73,76.92,45.45,142.0,9.0,45.84,62.67,65.89,204,0,1.0,1,0.0,1.0,68.92
49.41,35.72,41.65,66.93,44.93,37.05,65.8,61.51,123.0,9.0,54.36,57.6,37.19,310,0,0.0,0,1.0,0.0,38.35
52.13,80.24,57.58,87.15,74.94,71.64,72.74,68.95,152.0,7.0,49.17,63.88,78.98,285,1,0.0,0,1.0,0.0,59.06
76.37,74.93,53.03,41.74,61.8,53.49,50.76,43.83,142.0,10.0,49.68,44.1,52.75,278,0,0.0,0,0.0,0.0,53.2
72.24,32.61,84.99,61.92,45.96,63.27,58.92,52.88,124.0,6.0,63.66,56.02,56.31,333,0,0.0,0,0.0,0.0,37.37
72.69,52.24,65.83,80.96,76.32,62.22,51.6,57.02,115.0,4.0,68.96,45.65,65.09,99,1,1.0,0,1.0,1.0,64.56
75.19,73.97,37.36,50.68,95.38,66.53,62.8,68.09,142.0,6.0,62.79,48.63,57.63,207,0,1.0,0,1.0,0.0,69.7
86.5,71.28,65.95,63.17,82.01,62.68,67.33,49.55,163.0,4.0,73.94,36.02,49.47,175,0,1.0,1,0.0,1.0,70.35
,47.54,66.02,51.05,56.04,56.26,78.73,66.42,169.0,6.0,52.09,93.05,61.57,80,0,0.0,0,0.0,1.0,45.65
81.38,57.37,26.71,80.0,66.56,53.33,71.94,59.98,117.0,3.0,75.94,69.51,69.79,306,0,1.0,1,1.0,1.0,71.99
44.6,60.31,22.09,58.75,48.29,55.54,87.79,70.4,159.0,8.0,52.08,64.63,61.52,120,0,0.0,0,0.0,0.0,36.17
54.36,71.95,26.77,68.77,59.77,47.68,,78.38,154.0,4.0,71.44,73.43,57.47,156,0,0.0,1,0.0,1.0,61.67
58.16,47.62,69.04,89.09,87.72,68.44,65.61,60.42,164.0,16.0,65.76,66.16,62.9,201,0,0.0,0,0.0,0.0,45.27
47.5,49.98,0.0,39.12,60.48,44.16,93.71,93.05,152.0,1.0,70.0,94.53,64.34,196,0,0.0,0,0.0,0.0,52.27
78.7,33.6,52.9,79.81,46.69,59.8,45.36,48.88,130.0,10.0,56.85,59.66,54.67,312,0,0.0,0,0.0,0.0,46.57
77.57,59.94,54.88,55.11,67.81,57.22,54.27,64.29,152.0,10.0,55.14,62.75,62.71,266,1,0.0,0,0.0,1.0,68.79
86.55,,34.57,85.06,81.14,69.14,83.23,72.08,95.0,1.0,74.65,70.2,79.79,141,0,1.0,0,1.0,1.0,62.93
71.99,80.81,54.27,41.55,69.26,75.44,58.5,79.38,120.0,4.0,73.01,85.32,86.91,226,0,1.0,0,1.0,0.0,72.92
69.08,53.12,70.6,61.2,63.75,62.13,71.55,54.25,124.0,4.0,57.02,66.34,79.94,155,0,0.0,0,0.0,0.0,51.4
52.03,30.81,36.39,91.93,64.35,43.06,93.23,55.34,131.0,9.0,54.78,81.85,53.13,322,0,0.0,0,0.0,0.0,46.9
63.66,39.12,39.31,72.48,67.18,45.19,62.78,37.73,111.0,14.0,47.88,21.28,49.14,298,0,0.0,0,0.0,0.0,35.04
56.93,41.9,50.85,74.41,60.73,53.53,95.03,89.48,133.0,,67.62,95.51,76.07,196,0,0.0,0,0.0,0.0,62.48
83.73,73.07,13.64,52.22,66.99,57.32,74.85,56.85,130.0,7.0,74.46,50.41,47.29,169,0,0.0,1,0.0,0.0,59.22
59.11,29.14,60.64,54.9,65.14,50.4,88.08,84.74,138.0,7.0,54.97,61.23,66.05,291,0,1.0,0,1.0,0.0,52.77
62.31,53.73,41.48,57.91,62.21,43.89,37.32,40.8,140.0,12.0,48.65,24.52,34.36,261,1,0.0,1,0.0,1.0,46.69
42.14,56.74,40.85,60.45,38.92,44.0,86.75,43.02,120.0,8.0,57.45,67.83,60.01,185,0,0.0,0,0.0,0.0,41.67
80.8,53.15,75.27,100.0,49.55,71.61,53.89,81.03,129.0,11.0,57.94,81.15,60.73,80,1,0.0,1,0.0,0.0,53.3
82.04,68.73,61.44,91.32,82.7,75.54,84.52,55.59,140.0,3.0,71.31,67.14,56.88,271,1,1.0,0,1.0,1.0,80.54
68.79,12.39,79.12,73.16,55.38,48.91,70.73,55.91,106.0,10.0,51.34,65.07,80.24,172,0,0.0,0,0.0,0.0,32.81
62.79,80.58,36.99,68.63,79.17,60.57,63.77,79.55,138.0,5.0,73.48,75.34,57.28,220,0,1.0,0,1.0,1.0,70.92
49.82,66.09,42.78,61.01,40.21,39.87,56.37,49.59,142.0,12.0,42.72,43.88,60.68,137,1,0.0,0,1.0,0.0,46.07
52.28,56.51,54.32,38.32,58.5,46.45,83.32,53.25,155.0,8.0,49.29,60.29,42.39,253,0,0.0,0,0.0,1.0,42.54
76.74,72.28,55.32,47.24,71.5,61.54,81.0,55.02,118.0,6.0,80.97,56.66,63.51,272,0,1.0,1,1.0,0.0,76.54
97.03,62.02,67.25,83.84,86.3,77.88,76.9,58.81,138.0,3.0,69.7,90.04,80.53,179,0,0.0,0,0.0,0.0,59.33
71.91,43.02,62.27,68.53,74.98,54.71,78.27,65.77,163.0,6.0,63.78,75.01,60.58,147,0,0.0,0,1.0,1.0,62.6
67.55,57.28,42.19,41.55,55.05,45.67,72.64,72.93,109.0,,69.77,72.6,66.94,161,0,0.0,0,0.0,0.0,46.0
74.23,45.35,81.71,45.53,76.77,67.0,68.86,41.22,139.0,6.0,52.73,39.83,68.77,265,0,1.0,0,0.0,1.0,58.93
58.53,78.82,27.14,75.35,60.97,52.81,46.45,51.97,109.0,6.0,68.97,51.33,44.81,361,1,1.0,0,,0.0,55.52
82.8,73.5,61.6,71.17,41.66,58.81,90.52,78.64,135.0,4.0,84.62,93.3,84.86,317,1,0.0,1,0.0,0.0,64.81
100.0,79.93,66.68,97.6,100.0,87.2,79.65,80.94,127.0,1.0,93.2,84.64,87.39,253,1,1.0,0,1.0,0.0,95.2
74.39,60.44,65.11,69.41,67.2,65.93,33.45,17.57,,23.0,52.57,39.13,36.17,408,0,1.0,0,0.0,0.0,36.2
64.65,16.65,55.94,60.97,62.04,45.55,56.53,59.79,133.0,3.0,54.1,53.59,51.61,355,0,0.0,0,0.0,1.0,37.94
66.68,82.27,36.96,61.9,67.34,58.09,57.14,77.69,115.0,,65.62,72.49,64.35,147,0,0.0,0,1.0,0.0,61.27
16.68,28.56,48.25,44.62,36.69,32.56,45.94,54.87,164.0,9.0,32.63,46.3,36.94,141,0,1.0,0,0.0,0.0,15.29
63.22,58.87,65.61,75.28,64.68,63.29,54.29,47.28,141.0,14.0,58.98,51.78,58.04,220,0,0.0,0,1.0,0.0,51.99
79.71,62.66,33.62,51.44,58.75,57.25,66.28,51.45,157.0,10.0,62.49,43.58,64.66,288,0,0.0,1,0.0,1.0,58.48
65.2,63.04,16.58,52.6,64.72,50.69,60.04,84.51,119.0,2.0,77.11,65.93,41.89,294,0,0.0,1,0.0,0.0,46.2
97.09,,96.3,86.05,71.78,68.41,50.85,72.2,130.0,5.0,56.82,63.55,55.96,280,0,0.0,0,1.0,1.0,59.93
70.92,58.24,60.85,80.3,62.83,57.78,84.27,77.53,160.0,4.0,72.47,67.07,64.01,293,0,1.0,0,0.0,1.0,60.99
45.94,56.64,61.63,51.48,62.29,50.92,70.07,69.69,126.0,9.0,57.05,52.37,65.07,203,0,0.0,1,0.0,0.0,42.9
63.7,75.64,48.95,69.92,63.54,54.5,72.62,40.56,140.0,4.0,49.0,49.82,52.44,291,1,1.0,1,0.0,0.0,64.69
72.39,48.72,39.84,58.49,82.22,49.85,87.6,69.74,141.0,3.0,76.28,73.73,86.04,300,0,1.0,1,1.0,1.0,70.88
86.18,56.14,59.18,78.96,59.69,63.05,42.65,48.34,93.0,12.0,52.69,52.99,46.6,180,0,0.0,0,0.0,0.0,38.77
51.99,18.76,59.39,74.07,33.05,47.05,53.84,29.57,136.0,10.0,56.8,41.81,39.52,341,0,0.0,0,0.0,0.0,21.75
66.95,53.91,53.17,74.67,59.05,43.96,69.55,63.87,132.0,7.0,53.33,28.37,66.22,315,0,1.0,0,0.0,1.0,55.14
77.38,56.82,54.34,95.77,92.88,64.8,78.77,80.79,138.0,2.0,87.52,86.7,77.59,329,0,1.0,0,1.0,0.0,72.44
60.15,53.13,47.42,66.26,70.96,56.16,54.95,42.12,125.0,11.0,58.21,73.18,58.69,249,0,1.0,0,,0.0,45.61
62.06,65.53,20.82,54.8,51.73,55.12,21.96,40.16,110.0,11.0,36.07,35.25,37.01,167,0,0.0,1,0.0,0.0,37.92
45.85,45.91,45.58,44.92,57.07,55.58,41.24,71.11,121.0,6.0,49.48,60.15,44.93,91,0,0.0,0,0.0,0.0,29.94
61.13,42.8,55.43,65.04,66.9,51.61,83.35,64.56,132.0,4.0,62.26,67.05,67.57,212,0,0.0,0,1.0,0.0,50.49
67.1,81.35,56.38,76.19,75.62,78.28,76.95,75.26,152.0,4.0,57.39,79.97,64.41,309,1,1.0,1,1.0,1.0,78.71
33.82,13.7,41.72,28.02,43.03,32.29,78.01,91.99,131.0,2.0,67.75,82.76,72.81,110,0,0.0,0,0.0,0.0,29.94
89.64,61.31,29.72,64.59,67.39,64.8,76.84,82.34,143.0,4.0,86.67,78.25,73.16,196,0,0.0,0,0.0,0.0,52.72
76.65,22.07,46.46,53.87,61.28,42.24,85.99,53.75,146.0,4.0,72.61,82.82,59.61,190,0,0.0,0,0.0,1.0,44.33
48.48,36.09,5.5,55.22,22.82,33.15,43.85,53.89,126.0,6.0,50.92,64.76,36.91,246,0,0.0,0,0.0,0.0,22.1
52.03,43.01,41.35,31.54,76.74,52.33,86.11,84.4,159.0,4.0,63.76,73.99,52.24,269,1,0.0,0,0.0,0.0,42.68
65.55,56.97,60.85,77.32,69.39,56.04,72.62,27.84,133.0,4.0,65.8,50.97,68.99,181,1,0.0,0,0.0,1.0,66.67
89.39,95.14,58.38,52.74,58.17,55.64,75.17,63.74,130.0,0.0,76.6,48.34,56.84,258,1,1.0,0,0.0,0.0,73.49
63.2,52.58,50.92,59.98,47.91,52.59,50.09,40.73,157.0,3.0,61.31,45.36,50.99,235,1,1.0,0,,0.0,51.67
76.27,78.49,35.76,65.48,64.71,60.12,39.61,48.41,138.0,9.0,51.06,41.87,75.21,198,1,0.0,1,1.0,0.0,57.17
80.25,73.93,55.3,53.53,65.59,72.51,53.71,73.38,94.0,9.0,51.82,55.82,41.07,208,1,0.0,1,0.0,0.0,58.49
60.19,62.05,66.69,85.08,74.87,59.44,73.81,56.85,92.0,1.0,56.88,51.36,60.59,244,1,0.0,0,0.0,1.0,53.82
70.17,39.36,53.62,25.6,66.95,46.94,94.16,59.88,172.0,6.0,64.2,76.77,51.13,136,0,0.0,0,1.0,1.0,47.1
69.82,61.84,29.85,57.26,30.1,41.33,68.67,63.78,141.0,5.0,56.04,39.65,47.52,266,1,0.0,0,0.0,0.0,48.91
59.55,73.4,57.91,73.32,59.22,56.24,44.43,62.23,133.0,7.0,58.53,34.79,49.87,167,1,0.0,1,0.0,0.0,48.76
64.26,51.38,76.24,88.56,58.82,76.79,62.63,30.48,99.0,8.0,52.77,51.09,50.74,116,0,0.0,0,0.0,0.0,45.59
74.55,39.95,59.31,39.18,51.82,42.74,64.81,39.02,136.0,9.0,61.62,85.96,57.39,195,0,0.0,0,1.0,0.0,42.98
55.93,26.18,41.7,55.26,71.36,36.99,61.03,76.3,119.0,5.0,59.71,66.23,64.21,225,0,1.0,0,0.0,1.0,46.12
92.11,63.79,55.3,85.77,59.99,66.45,57.74,64.98,132.0,8.0,61.54,46.94,63.37,286,0,1.0,1,0.0,0.0,61.87
71.04,43.28,66.34,86.08,80.56,73.75,58.29,60.88,125.0,6.0,53.46,44.89,69.77,170,0,0.0,0,0.0,0.0,46.67
66.63,60.7,49.64,85.66,63.45,63.27,64.11,47.38,134.0,11.0,52.43,63.02,75.29,262,1,0.0,0,0.0,0.0,61.3
84.44,89.77,77.99,100.0,95.91,91.75,96.28,86.08,147.0,2.0,85.87,92.8,92.92,315,1,1.0,1,1.0,1.0,99.07
63.6,18.64,61.54,59.48,51.79,44.05,55.72,64.17,144.0,5.0,63.21,59.13,27.66,281,0,0.0,1,0.0,0.0,33.94
69.71,64.55,66.54,62.8,51.62,51.87,49.27,87.21,136.0,6.0,56.92,50.03,52.65,219,1,0.0,0,0.0,0.0,48.01
55.87,44.66,37.72,42.9,49.6,41.46,77.32,71.09,143.0,7.0,61.53,77.8,31.78,165,0,0.0,1,0.0,0.0,32.21
96.99,,74.93,53.63,89.51,75.36,53.43,54.6,105.0,4.0,68.8,69.3,56.27,480,1,1.0,0,1.0,1.0,80.02
80.27,64.88,66.04,72.54,75.89,67.66,58.03,38.53,137.0,12.0,57.92,75.41,44.88,364,1,1.0,0,1.0,0.0,63.95
35.51,37.77,47.9,14.84,42.91,34.65,68.0,72.58,143.0,9.0,40.48,76.79,49.75,140,0,0.0,0,0.0,0.0,17.82
63.52,57.57,53.25,54.23,70.24,60.1,43.04,56.66,135.0,10.0,43.46,56.06,40.33,354,1,1.0,1,1.0,1.0,64.08
78.17,45.2,60.74,56.93,64.62,53.94,66.29,68.91,166.0,2.0,77.38,50.47,64.19,344,0,0.0,0,0.0,1.0,59.74
77.68,69.73,40.15,67.84,62.61,54.84,66.55,75.85,134.0,4.0,59.04,54.09,65.76,250,0,0.0,0,1.0,0.0,67.82
70.93,38.24,31.6,48.91,50.11,38.64,68.2,60.63,116.0,7.0,61.32,88.23,43.19,246,0,0.0,0,1.0,0.0,55.21
83.95,58.36,40.49,55.18,91.17,64.16,53.82,45.4,137.0,3.0,49.32,44.97,57.98,207,0,1.0,0,0.0,1.0,66.16
49.3,43.69,40.24,69.44,63.75,47.74,,60.55,125.0,11.0,46.37,41.85,18.06,330,0,1.0,0,1.0,0.0,49.08
78.22,43.61,36.72,52.36,70.53,60.17,77.39,91.49,110.0,9.0,64.98,85.44,49.7,245,0,0.0,0,0.0,1.0,55.25
74.67,56.9,50.4,63.92,43.4,64.49,100.0,99.34,138.0,2.0,79.56,97.68,89.09,137,1,0.0,1,0.0,0.0,66.85
63.34,30.57,69.07,50.15,64.05,44.63,87.96,81.64,169.0,2.0,59.67,76.69,52.22,196,0,0.0,0,0.0,1.0,46.78
94.74,51.36,56.75,90.83,71.09,67.09,51.69,50.84,131.0,5.0,52.65,54.88,51.32,254,0,1.0,0,0.0,0.0,63.21
79.73,67.44,86.19,83.23,59.9,69.16,79.0,74.01,160.0,12.0,70.64,58.77,61.51,198,0,0.0,0,0.0,0.0,60.69
67.42,36.31,47.37,59.38,65.7,41.76,68.3,52.76,152.0,8.0,59.73,51.84,36.34,217,0,0.0,0,1.0,0.0,43.53
,32.01,46.35,35.37,33.5,37.54,62.78,80.87,181.0,7.0,60.63,46.02,40.14,95,0,0.0,1,0.0,0.0,30.31
50.56,48.34,33.24,97.39,66.64,59.25,70.08,47.93,148.0,12.0,38.74,41.76,56.63,359,0,0.0,0,1.0,0.0,43.91
72.39,24.44,61.16,94.47,81.05,53.65,49.96,46.05,138.0,11.0,42.02,58.36,44.92,232,0,1.0,0,0.0,0.0,37.22
52.92,29.13,66.89,80.62,31.05,40.75,60.12,51.6,140.0,10.0,57.3,22.11,60.92,298,0,0.0,0,0.0,0.0,30.53
61.34,52.04,47.33,55.52,59.57,51.56,91.01,81.7,148.0,3.0,72.04,66.79,60.94,175,0,,0,0.0,0.0,52.69
58.7,18.93,48.89,58.18,52.11,48.05,51.43,64.85,132.0,6.0,59.2,60.1,50.43,146,0,1.0,0,0.0,0.0,38.88
71.37,66.15,77.22,78.97,46.38,61.79,60.93,90.09,129.0,5.0,59.46,73.85,53.43,216,0,0.0,1,0.0,,60.01
60.45,,34.85,53.93,74.49,53.85,75.53,63.67,149.0,10.0,62.13,41.66,70.4,265,0,0.0,0,0.0,1.0,53.8
49.93,16.16,53.35,35.63,50.41,24.74,75.27,77.69,129.0,7.0,57.48,58.93,34.65,153,0,0.0,0,0.0,0.0,32.24
68.8,56.27,45.7,88.01,89.54,65.33,89.03,61.98,109.0,4.0,57.23,62.32,73.54,318,0,1.0,0,0.0,1.0,70.32
67.04,60.59,56.08,63.89,67.1,60.36,41.03,55.64,112.0,2.0,61.01,63.84,56.32,211,0,1.0,1,0.0,0.0,63.07
96.35,48.21,67.1,53.9,56.83,68.75,76.71,62.96,170.0,4.0,68.88,63.46,60.24,174,1,0.0,0,0.0,0.0,48.97
82.85,43.51,81.72,93.84,75.47,56.7,78.77,87.71,135.0,7.0,71.45,64.78,64.05,263,0,0.0,0,1.0,0.0,63.79
62.29,54.03,41.37,48.32,67.27,50.25,70.76,55.94,154.0,11.0,55.43,60.54,60.69,330,0,1.0,0,0.0,,62.88
73.61,30.37,73.89,37.48,52.0,58.31,67.74,56.64,127.0,6.0,61.17,54.55,53.15,345,0,0.0,0,0.0,0.0,46.93
74.19,49.43,68.95,56.41,73.55,57.88,79.52,64.65,157.0,4.0,49.88,68.9,54.29,148,1,0.0,0,0.0,1.0,59.26
71.14,38.79,97.14,58.96,34.27,57.74,62.23,64.11,146.0,8.0,53.24,57.34,44.21,167,0,0.0,0,0.0,0.0,50.16
88.3,51.63,55.54,86.31,91.66,65.57,77.81,56.65,177.0,7.0,67.5,76.74,87.54,234,1,0.0,1,1.0,1.0,78.63
63.98,54.16,26.16,63.17,67.57,48.42,59.46,62.99,162.0,8.0,57.75,57.74,48.31,177,0,0.0,0,0.0,0.0,49.32
61.9,16.68,67.8,83.23,29.48,52.03,61.36,41.58,152.0,7.0,47.61,50.44,40.67,216,0,0.0,0,0.0,0.0,22.78
51.47,40.13,40.98,52.78,58.74,36.29,64.55,66.11,128.0,3.0,65.5,55.04,33.87,377,0,1.0,0,0.0,0.0,47.72
76.62,83.15,56.65,64.97,52.25,64.46,73.79,61.95,119.0,5.0,58.75,51.23,55.83,409,1,0.0,1,1.0,0.0,66.51
44.87,43.37,41.72,81.03,49.25,46.29,76.9,74.3,138.0,10.0,62.86,73.12,61.44,367,0,0.0,0,0.0,0.0,37.89
87.3,37.38,63.26,83.86,70.02,67.86,77.58,71.24,141.0,2.0,64.29,64.57,64.92,286,0,0.0,0,0.0,1.0,68.85
100.0,64.75,61.29,74.66,78.33,71.57,71.73,53.16,133.0,10.0,64.21,55.77,70.5,283,1,1.0,0,0.0,1.0,66.61
85.09,64.93,61.42,82.97,87.79,76.49,59.66,34.16,151.0,12.0,45.85,43.03,68.48,227,1,1.0,0,1.0,1.0,75.28
63.45,28.24,53.24,50.72,50.09,45.67,76.47,71.36,142.0,2.0,67.74,59.1,57.86,80,0,0.0,0,0.0,0.0,41.29
80.31,69.86,31.05,50.13,66.71,59.26,56.67,63.67,138.0,,85.8,70.94,60.54,279,0,0.0,0,0.0,1.0,60.86
67.61,43.27,80.74,100.0,78.0,65.08,67.96,40.89,167.0,13.0,52.25,46.82,76.58,240,0,0.0,0,1.0,0.0,57.17
86.9,58.87,74.12,65.81,67.88,71.6,75.91,53.41,142.0,2.0,82.83,61.72,79.44,340,0,0.0,0,0.0,0.0,75.51
53.95,61.39,27.53,61.66,55.52,51.33,45.81,39.09,112.0,5.0,64.92,26.01,54.99,186,0,0.0,1,0.0,0.0,45.22
79.82,38.17,27.13,35.4,55.27,40.34,67.95,72.21,158.0,3.0,89.44,62.71,55.53,332,1,0.0,0,0.0,0.0,48.08
66.43,88.36,53.78,74.97,69.44,67.64,68.93,65.1,143.0,6.0,61.61,59.66,70.84,331,1,0.0,1,1.0,0.0,66.94
90.07,75.29,47.99,59.77,86.03,72.88,50.12,29.99,132.0,4.0,54.96,35.04,62.25,118,0,1.0,0,1.0,1.0,64.37
68.27,77.74,57.06,90.25,60.1,73.43,57.9,61.83,121.0,7.0,64.04,61.56,66.38,252,1,0.0,1,0.0,0.0,62.8
93.52,55.42,53.99,93.72,56.33,58.87,51.58,58.63,160.0,4.0,63.0,41.57,62.65,241,1,0.0,1,0.0,0.0,54.39
58.41,75.8,45.85,70.3,44.85,58.58,79.35,72.78,171.0,3.0,61.04,53.75,67.12,117,0,0.0,1,0.0,0.0,51.08
90.78,61.89,78.73,76.6,45.61,65.54,69.52,51.5,128.0,8.0,67.46,36.89,49.45,379,1,0.0,1,0.0,0.0,63.32
72.85,71.35,51.88,60.9,85.16,66.09,63.54,43.8,144.0,12.0,65.63,47.14,63.12,298,1,0.0,0,1.0,1.0,65.96
60.87,53.11,41.14,55.34,45.94,42.14,64.17,48.9,147.0,11.0,53.24,68.86,40.04,360,1,0.0,0,0.0,0.0,36.15
84.22,63.22,28.75,82.07,75.8,61.43,42.6,59.45,104.0,9.0,42.84,39.39,55.88,271,0,1.0,1,0.0,0.0,51.86
72.72,78.96,67.99,76.26,91.32,74.08,80.49,93.82,140.0,4.0,63.6,82.12,54.95,316,1,1.0,1,1.0,1.0,86.13
46.33,47.59,43.13,83.06,63.85,43.13,65.23,69.73,108.0,9.0,,75.14,51.96,219,0,0.0,0,0.0,1.0,41.08
71.17,66.05,38.57,46.18,65.47,64.93,65.9,61.11,139.0,7.0,56.98,53.05,61.74,308,1,1.0,0,1.0,0.0,65.98
70.43,67.32,60.52,93.5,49.85,52.77,42.39,56.36,177.0,12.0,58.34,59.61,37.82,303,0,0.0,1,1.0,0.0,44.94
62.54,41.15,64.84,46.15,63.47,56.18,62.49,69.25,113.0,3.0,54.08,75.52,55.35,280,0,1.0,1,1.0,1.0,69.17
64.64,41.91,41.9,49.52,56.55,33.69,38.77,55.97,169.0,9.0,48.79,39.14,46.64,108,0,0.0,1,0.0,0.0,32.97
70.81,50.49,22.41,62.73,46.04,45.86,73.73,74.02,172.0,13.0,61.26,62.22,51.71,360,1,0.0,1,0.0,1.0,53.14
86.13,13.51,86.13,81.02,53.5,60.78,63.31,64.51,139.0,5.0,59.35,47.15,62.12,162,0,0.0,0,0.0,0.0,48.61
51.58,54.82,68.57,48.4,88.66,62.62,53.74,49.35,147.0,8.0,63.34,62.82,62.74,178,0,0.0,0,0.0,1.0,65.53
79.91,61.41,68.65,64.13,58.45,63.1,54.36,45.25,132.0,7.0,64.92,60.3,47.68,211,0,0.0,0,0.0,0.0,59.13
82.24,59.49,85.65,50.14,63.73,65.55,57.44,47.71,130.0,8.0,67.72,39.94,61.25,146,0,1.0,0,0.0,0.0,62.76
100.0,53.71,96.68,76.36,73.21,79.45,58.15,73.47,142.0,7.0,69.73,52.67,64.64,215,0,0.0,1,0.0,1.0,70.19
56.28,50.25,18.9,41.49,53.91,48.12,76.55,68.63,127.0,9.0,58.86,61.05,58.41,162,0,0.0,1,0.0,0.0,39.07
56.14,46.87,25.45,55.7,47.54,51.27,54.4,57.05,146.0,2.0,61.57,44.08,37.17,229,0,0.0,0,0.0,0.0,35.67
70.27,75.97,53.83,57.54,79.04,56.77,76.61,67.61,141.0,4.0,76.18,58.59,51.25,330,1,0.0,0,1.0,1.0,65.8
48.18,71.78,37.54,48.96,58.47,49.33,59.14,57.8,119.0,5.0,79.28,76.62,69.73,124,0,0.0,0,1.0,0.0,45.04
51.0,43.5,35.7,73.15,62.64,33.55,50.43,51.65,150.0,5.0,45.48,56.93,49.55,182,0,0.0,0,1.0,0.0,38.78
43.74,49.28,34.35,89.62,53.84,37.65,51.23,56.37,150.0,13.0,55.6,56.6,48.02,210,0,1.0,1,0.0,0.0,37.69
45.17,39.42,42.97,38.68,75.41,40.74,77.1,45.76,161.0,5.0,52.74,45.03,63.72,388,0,1.0,0,1.0,1.0,57.26
66.69,98.05,60.83,90.33,71.22,76.85,39.0,40.26,127.0,6.0,57.5,54.01,43.92,268,1,1.0,1,1.0,0.0,73.97
62.89,,50.48,78.09,90.3,61.8,87.58,66.49,161.0,4.0,58.8,64.72,65.0,134,1,1.0,0,1.0,1.0,68.68
76.51,83.26,41.23,47.51,61.23,59.99,62.02,54.96,178.0,10.0,56.2,38.7,54.67,243,1,0.0,1,0.0,0.0,43.79
77.2,44.93,72.75,58.24,46.67,59.33,53.22,32.13,138.0,1.0,79.07,38.5,51.69,267,0,0.0,0,0.0,0.0,48.82
77.51,78.5,62.54,31.47,50.63,58.1,88.68,59.01,144.0,10.0,72.51,73.86,57.62,181,1,0.0,1,0.0,0.0,61.65
58.82,53.93,60.27,66.67,63.93,43.89,66.05,71.49,151.0,4.0,75.42,81.52,70.06,162,0,0.0,0,1.0,1.0,52.4
76.3,58.85,50.76,66.45,84.98,58.55,59.38,47.59,99.0,6.0,39.93,51.8,,193,0,0.0,1,0.0,1.0,63.95
68.85,41.59,55.39,70.93,52.26,52.27,60.02,52.16,114.0,2.0,46.05,33.27,56.79,251,0,0.0,0,1.0,0.0,51.46
36.37,49.47,19.01,81.87,36.69,40.36,67.47,80.71,129.0,4.0,50.93,60.66,54.44,157,0,0.0,0,0.0,0.0,35.48
57.77,42.19,39.16,79.57,62.82,48.16,63.0,56.72,133.0,4.0,47.66,68.34,62.44,301,0,0.0,0,1.0,0.0,42.93
35.08,57.43,40.51,39.51,53.47,45.43,96.82,76.97,145.0,2.0,73.18,74.65,74.22,198,0,0.0,0,1.0,0.0,56.13
78.56,41.72,56.34,54.27,60.08,61.21,79.86,68.76,146.0,4.0,74.06,73.31,64.55,317,0,1.0,1,0.0,0.0,57.54
56.05,41.66,50.32,79.06,40.4,,61.68,74.93,114.0,1.0,77.69,63.57,47.2,152,0,0.0,0,0.0,0.0,39.23
70.92,74.6,45.78,50.41,68.94,61.6,61.68,67.57,159.0,9.0,52.25,50.56,66.52,310,0,0.0,0,1.0,1.0,59.22
89.75,45.33,57.28,91.79,72.68,57.82,72.33,63.38,146.0,7.0,72.46,63.35,75.83,174,0,0.0,0,1.0,1.0,67.38
72.39,28.63,47.89,100.0,65.93,46.35,47.23,43.78,138.0,8.0,49.54,59.52,71.27,281,0,1.0,0,0.0,0.0,47.68
79.27,21.27,74.52,78.66,61.75,49.88,88.08,78.79,151.0,7.0,67.6,60.36,74.44,203,0,0.0,0,0.0,1.0,59.34
29.43,42.39,33.58,67.83,34.49,29.04,58.26,64.67,127.0,8.0,61.22,62.73,39.53,85,0,0.0,0,0.0,0.0,20.17
58.73,84.71,52.46,76.1,68.57,63.75,55.14,45.87,133.0,18.0,,63.77,50.67,239,0,0.0,0,0.0,0.0,45.03
72.03,26.31,62.07,52.85,56.52,62.05,82.18,70.92,122.0,5.0,56.89,69.22,44.49,253,0,0.0,0,0.0,0.0,44.46
69.38,66.84,64.47,67.33,41.0,60.19,100.0,78.3,104.0,0.0,,84.27,68.88,222,1,0.0,0,0.0,0.0,59.9
74.75,69.03,31.69,41.1,58.29,54.45,64.99,67.7,135.0,12.0,55.48,70.08,43.9,267,0,0.0,0,0.0,0.0,48.51
78.48,19.96,44.12,78.73,60.23,55.73,57.33,85.38,169.0,10.0,71.89,73.6,63.78,274,0,0.0,0,0.0,0.0,37.11
69.1,30.11,50.05,49.19,59.32,43.66,48.88,53.97,127.0,13.0,60.53,66.3,57.91,217,0,0.0,0,1.0,0.0,36.46
55.53,46.51,56.58,67.94,28.29,53.13,84.17,81.74,114.0,10.0,60.84,76.21,85.87,183,0,0.0,0,0.0,0.0,47.92
54.78,64.73,15.66,77.78,56.61,54.0,41.53,42.67,146.0,18.0,34.44,28.53,75.57,305,1,0.0,0,0.0,0.0,42.27
62.59,81.15,59.63,57.63,57.51,61.84,49.82,54.72,128.0,5.0,72.38,56.99,60.41,183,1,0.0,1,0.0,1.0,58.99
66.35,47.48,43.39,57.21,73.87,66.28,56.52,70.49,146.0,7.0,54.58,53.47,52.36,387,0,0.0,0,1.0,1.0,56.28
65.94,,51.82,66.37,98.15,69.72,94.29,74.36,155.0,12.0,55.79,86.62,67.91,257,1,1.0,0,1.0,1.0,79.27
64.93,52.59,58.56,58.63,67.54,56.99,50.23,47.18,128.0,3.0,50.79,52.43,44.96,347,0,1.0,0,0.0,1.0,69.9
79.06,42.4,65.17,74.67,49.14,56.74,73.39,61.74,148.0,5.0,68.42,31.19,86.17,180,0,0.0,0,0.0,1.0,63.5
75.53,35.45,32.11,45.55,51.13,43.8,79.32,73.8,140.0,10.0,64.54,59.63,31.23,149,0,0.0,0,0.0,0.0,37.69
80.59,65.24,47.61,55.69,70.44,61.07,51.6,53.82,102.0,11.0,61.77,36.33,72.28,292,1,0.0,0,,0.0,50.34
73.86,64.31,64.47,80.73,80.02,66.18,48.26,50.69,127.0,5.0,70.6,50.43,49.38,186,0,0.0,0,0.0,1.0,65.38
79.08,45.38,35.04,75.96,74.25,54.5,51.16,63.5,122.0,3.0,68.49,52.49,50.87,80,0,0.0,0,0.0,1.0,50.97
66.4,55.07,30.46,57.31,76.33,52.09,56.46,48.48,111.0,6.0,57.3,68.62,27.52,296,0,0.0,0,1.0,1.0,52.77
73.11,61.74,72.64,47.89,70.22,56.27,37.5,43.37,120.0,9.0,52.26,25.94,58.38,249,0,0.0,0,0.0,1.0,46.92
68.82,21.22,72.85,84.9,57.7,50.17,72.67,54.54,152.0,6.0,61.73,80.63,66.6,123,1,0.0,0,0.0,0.0,47.08
80.07,32.23,71.95,71.68,88.6,53.27,49.91,47.9,137.0,11.0,53.28,55.84,39.94,198,0,1.0,0,1.0,1.0,58.01
89.65,57.85,66.47,100.0,64.32,71.27,56.84,67.44,104.0,3.0,57.65,69.19,71.87,274,1,1.0,0,0.0,1.0,68.37
52.99,26.78,49.07,50.59,49.22,42.42,55.49,58.34,118.0,17.0,47.61,60.27,56.55,172,0,0.0,0,0.0,0.0,33.51
49.98,26.16,37.42,59.77,46.18,38.19,69.11,58.02,140.0,10.0,62.31,40.45,47.79,268,0,0.0,0,0.0,0.0,35.43
48.89,22.18,50.18,51.38,22.78,41.14,76.72,54.76,141.0,7.0,62.23,49.8,36.1,232,0,0.0,0,0.0,0.0,24.67
66.72,38.66,34.73,65.84,73.29,45.39,49.7,49.85,131.0,13.0,62.18,49.78,47.4,208,0,0.0,0,1.0,1.0,49.27
64.1,32.79,41.35,100.0,65.42,47.01,73.18,49.26,154.0,15.0,52.11,62.48,66.12,171,0,1.0,0,0.0,0.0,50.55
42.46,32.36,20.12,42.27,17.21,20.08,52.48,45.97,144.0,10.0,60.41,39.15,31.36,104,0,0.0,0,0.0,0.0,18.82
61.35,68.41,61.95,87.2,79.98,70.67,61.64,63.63,128.0,6.0,61.46,60.17,,321,0,1.0,0,1.0,0.0,71.1
71.2,50.51,46.95,59.09,53.15,56.89,82.63,56.4,129.0,5.0,77.87,66.67,59.03,138,0,0.0,0,0.0,1.0,53.22
82.48,65.63,45.94,85.33,79.14,73.85,81.84,70.79,138.0,6.0,54.97,78.72,68.34,229,0,0.0,1,1.0,1.0,69.47
37.75,42.96,54.5,29.94,56.54,51.96,40.83,58.43,98.0,7.0,47.5,47.66,38.95,222,0,1.0,0,0.0,0.0,35.5
63.66,51.26,26.0,78.37,32.36,42.95,57.64,54.48,143.0,7.0,68.67,47.95,54.07,118,0,0.0,0,0.0,0.0,40.75
68.4,46.98,54.28,72.7,64.46,51.78,39.76,27.1,113.0,17.0,29.2,42.79,50.45,228,0,0.0,0,0.0,0.0,31.88
62.09,8.45,46.25,56.47,40.98,,71.86,53.13,162.0,7.0,58.02,59.17,65.44,265,0,0.0,0,0.0,0.0,32.07
88.42,62.85,68.07,85.88,55.13,60.79,78.69,42.92,110.0,9.0,65.86,72.25,67.54,244,0,0.0,1,1.0,0.0,62.89
97.2,47.53,83.72,79.77,74.99,69.85,63.05,47.19,145.0,5.0,72.02,53.95,49.54,178,0,1.0,1,0.0,1.0,65.46
86.47,57.66,70.89,56.3,76.03,54.8,56.44,51.17,102.0,5.0,67.12,55.7,62.63,269,0,0.0,0,0.0,1.0,61.29
72.45,61.12,58.94,34.02,79.65,54.3,68.15,67.46,128.0,5.0,73.49,66.36,58.16,228,1,1.0,1,0.0,1.0,65.92
49.39,56.19,2.24,86.23,60.02,42.78,71.72,79.82,147.0,10.0,73.67,78.17,54.75,139,0,0.0,1,0.0,0.0,44.39
25.73,43.77,29.88,44.61,33.11,37.4,52.8,89.55,154.0,6.0,69.47,82.99,50.06,322,0,0.0,0,0.0,0.0,27.03
88.07,62.9,90.91,67.73,72.76,68.93,66.63,52.22,155.0,12.0,48.43,58.43,66.79,166,1,1.0,1,0.0,0.0,65.96
73.53,57.27,35.85,51.15,49.75,52.85,68.08,46.01,152.0,12.0,48.62,51.83,51.46,161,1,0.0,0,0.0,0.0,45.53
56.1,65.2,15.18,82.02,62.16,60.96,68.86,75.49,154.0,5.0,68.66,42.53,68.74,275,1,0.0,0,1.0,0.0,58.05
75.53,73.61,56.57,66.38,82.27,56.26,63.7,68.85,155.0,8.0,66.62,69.03,63.13,254,1,0.0,1,1.0,1.0,61.39
61.0,71.6,56.8,73.6,60.12,66.43,74.01,47.19,130.0,4.0,55.96,41.13,69.93,244,0,0.0,0,1.0,0.0,62.73
64.46,82.12,31.29,61.49,66.6,60.59,80.21,65.96,134.0,4.0,40.39,54.48,69.57,219,0,0.0,1,0.0,0.0,61.59
72.79,73.14,44.78,43.37,40.7,63.02,,51.51,156.0,6.0,76.96,63.43,52.25,227,1,0.0,1,0.0,0.0,52.03
89.9,70.26,57.4,94.64,89.64,79.43,68.75,54.13,159.0,14.0,50.58,68.8,62.37,351,0,1.0,1,1.0,1.0,80.26
50.01,30.41,47.54,68.49,44.58,38.44,88.74,73.95,139.0,5.0,62.51,75.8,57.98,252,0,0.0,0,0.0,0.0,48.19
82.0,50.38,34.35,45.01,64.79,54.26,52.43,68.14,127.0,6.0,74.31,80.78,53.77,204,0,0.0,0,0.0,1.0,42.5
46.81,19.34,49.87,61.52,52.85,31.4,49.05,62.36,,12.0,27.94,56.68,28.55,206,0,0.0,0,1.0,0.0,19.11
70.24,11.24,57.93,65.42,68.05,45.53,75.54,56.0,125.0,6.0,71.68,40.9,53.28,265,0,1.0,0,0.0,0.0,51.85
53.4,52.33,34.87,68.09,59.42,48.55,57.69,73.2,146.0,15.0,61.98,88.55,58.52,189,0,0.0,0,0.0,1.0,44.06
40.01,27.62,48.77,71.66,37.14,40.28,58.76,65.51,158.0,4.0,49.0,68.02,52.52,276,0,0.0,0,0.0,0.0,27.07
63.8,60.35,52.78,55.98,47.89,58.51,88.92,65.65,,1.0,62.24,54.18,67.46,293,1,0.0,0,0.0,0.0,61.43
81.31,87.51,49.51,64.65,62.8,76.76,66.84,55.42,138.0,7.0,46.34,62.19,53.79,302,1,0.0,1,1.0,0.0,60.79
73.49,45.1,67.71,70.92,68.3,57.46,69.0,58.94,174.0,3.0,48.26,68.45,66.16,301,0,0.0,0,0.0,1.0,56.85
46.02,14.8,50.45,37.61,37.63,41.51,70.1,61.82,139.0,12.0,54.73,45.67,61.02,231,0,0.0,0,0.0,0.0,35.17
60.31,33.86,48.5,37.92,61.0,47.91,52.84,48.34,162.0,13.0,39.81,39.45,58.2,239,1,0.0,0,0.0,1.0,34.44
56.95,41.07,69.5,68.4,74.97,48.19,99.14,73.63,124.0,5.0,80.25,81.61,62.27,262,0,1.0,0,1.0,0.0,63.21
47.77,51.17,38.64,50.21,41.82,42.24,75.49,81.36,144.0,6.0,50.92,63.71,90.66,210,0,0.0,0,0.0,0.0,39.87
81.65,72.41,59.15,75.24,52.88,65.61,68.83,38.35,122.0,11.0,39.03,67.64,60.96,341,1,,0,0.0,1.0,65.36
57.04,58.7,56.16,51.92,47.36,46.86,62.53,59.88,122.0,11.0,39.22,71.19,42.09,248,0,0.0,0,1.0,0.0,46.49
81.5,86.15,72.23,64.1,61.11,64.97,55.89,70.54,123.0,6.0,63.01,64.38,82.97,194,1,1.0,1,0.0,0.0,73.8
62.99,38.77,57.85,67.37,73.02,,81.96,77.38,142.0,8.0,47.66,78.61,65.43,163,0,0.0,0,0.0,0.0,46.42
99.94,84.21,60.37,84.55,81.11,74.75,87.28,82.59,134.0,2.0,85.31,74.76,79.42,351,1,1.0,0,0.0,1.0,91.55
76.14,26.11,61.63,71.66,47.25,46.49,65.11,57.06,102.0,2.0,77.24,53.94,61.19,168,0,0.0,0,0.0,0.0,36.23
56.83,64.12,18.03,48.27,41.97,51.73,71.29,74.02,132.0,5.0,65.2,89.34,72.33,217,0,0.0,0,0.0,0.0,53.2
70.79,64.7,32.03,69.47,53.3,39.72,66.6,67.98,128.0,2.0,64.94,58.12,55.91,250,0,0.0,1,0.0,0.0,60.0
89.96,49.99,59.85,90.63,84.51,68.8,82.82,77.86,110.0,9.0,61.85,74.01,51.77,260,0,0.0,0,1.0,1.0,71.76
58.15,52.7,36.88,69.3,79.09,56.51,51.06,72.81,145.0,9.0,57.05,57.58,53.04,281,1,1.0,0,1.0,0.0,64.59
74.06,76.04,53.79,79.11,51.43,57.04,59.51,36.65,150.0,9.0,52.4,43.23,64.2,179,1,0.0,1,0.0,1.0,57.73
90.39,52.51,57.97,50.17,82.52,63.53,94.06,48.98,154.0,1.0,72.49,54.75,72.26,352,1,1.0,0,1.0,1.0,80.58
78.39,62.65,43.16,82.81,57.7,57.86,,52.87,171.0,7.0,75.76,64.39,55.08,150,0,0.0,0,0.0,0.0,62.9
66.29,40.26,56.81,62.17,81.09,55.74,54.24,30.89,117.0,7.0,48.18,65.45,51.81,263,0,0.0,0,1.0,1.0,60.09
50.06,63.27,25.09,58.75,45.21,49.13,79.93,89.31,121.0,15.0,59.46,78.94,68.78,94,1,0.0,0,0.0,0.0,46.51
63.63,56.34,61.38,45.58,65.95,59.98,65.84,47.16,139.0,3.0,60.34,65.65,72.69,242,1,1.0,0,1.0,0.0,68.2
68.65,54.98,54.12,100.0,64.21,56.54,,56.3,139.0,3.0,67.73,46.39,53.58,273,0,1.0,0,1.0,0.0,56.87
77.59,52.91,32.71,23.94,69.21,43.38,85.99,69.3,144.0,4.0,73.24,77.39,50.87,268,1,1.0,0,0.0,1.0,53.23
71.5,32.57,48.98,84.47,53.56,52.52,40.08,22.36,151.0,4.0,46.73,42.2,45.54,258,0,0.0,0,0.0,0.0,44.38
72.3,51.6,63.88,81.81,71.29,57.97,85.55,91.04,137.0,6.0,78.97,66.91,62.27,92,0,0.0,0,0.0,0.0,52.24
51.17,32.9,53.86,34.57,52.48,39.97,61.71,45.23,157.0,5.0,68.01,56.18,46.75,149,0,0.0,0,0.0,0.0,42.12
23.13,46.54,21.0,62.61,57.74,36.97,64.23,85.98,125.0,8.0,60.68,56.6,48.05,115,0,0.0,0,0.0,0.0,27.25
61.1,69.99,35.97,70.18,68.63,53.86,59.57,70.63,129.0,12.0,45.96,50.5,60.38,272,0,0.0,0,0.0,1.0,50.87
83.68,46.65,100.0,48.19,80.86,71.59,68.08,51.01,119.0,7.0,36.3,59.41,51.81,222,0,1.0,0,1.0,1.0,64.08
67.56,33.34,50.09,50.54,59.79,64.27,83.35,55.51,90.0,7.0,74.98,94.67,58.43,221,0,0.0,0,1.0,0.0,38.07
44.55,53.19,14.2,60.28,70.96,47.48,73.4,81.49,109.0,3.0,66.96,100.0,51.53,207,0,0.0,0,0.0,1.0,60.65
96.67,47.34,54.78,95.75,48.57,70.95,63.47,84.82,155.0,7.0,61.51,57.57,48.44,188,0,0.0,0,0.0,0.0,53.0
54.89,65.69,58.27,57.34,66.5,59.98,67.76,71.24,159.0,4.0,52.23,71.68,59.45,294,0,1.0,0,1.0,0.0,63.22
73.34,81.79,53.74,44.58,83.02,66.76,71.59,61.26,117.0,6.0,58.4,69.38,65.05,208,0,1.0,1,0.0,1.0,77.83
87.33,56.06,62.4,88.38,49.5,66.79,,76.96,158.0,6.0,77.65,88.89,81.78,105,0,0.0,1,0.0,0.0,67.25
74.6,21.86,68.35,68.51,48.41,54.4,56.25,46.17,94.0,6.0,41.38,38.42,40.36,150,0,0.0,0,0.0,0.0,30.09
72.96,55.67,67.41,40.02,96.13,69.57,62.22,71.11,120.0,5.0,59.88,80.42,63.55,178,1,1.0,0,1.0,0.0,69.86
75.69,58.6,50.26,74.4,57.7,59.34,43.58,56.58,128.0,8.0,49.53,46.5,53.75,222,0,0.0,0,0.0,0.0,46.99
100.0,45.72,87.06,96.52,81.57,67.31,66.62,45.92,158.0,3.0,50.95,21.64,45.61,245,0,0.0,0,1.0,1.0,66.28
74.7,38.61,68.1,66.51,67.58,49.63,57.54,69.87,170.0,7.0,59.24,61.43,55.31,230,0,1.0,0,0.0,0.0,52.16
44.81,75.05,23.97,44.41,55.26,49.62,92.77,89.94,135.0,4.0,73.34,79.96,69.77,228,0,0.0,1,0.0,0.0,54.32
59.27,62.75,55.54,69.71,81.41,53.42,67.01,36.88,138.0,3.0,52.28,75.18,54.92,291,1,0.0,1,1.0,1.0,70.89
65.0,44.61,72.08,66.84,55.66,60.4,70.85,61.32,159.0,8.0,59.94,65.9,48.8,143,0,0.0,0,0.0,1.0,50.1
96.76,53.29,59.14,80.23,71.91,75.73,81.94,70.36,182.0,0.0,92.46,87.17,76.73,271,0,0.0,1,1.0,0.0,66.17
83.96,39.48,49.79,74.28,61.95,55.79,62.38,61.83,160.0,5.0,83.12,66.83,42.22,210,0,1.0,0,1.0,0.0,54.64
71.04,40.49,84.08,41.5,84.55,69.12,,80.37,119.0,7.0,74.15,47.79,72.37,107,0,0.0,0,0.0,1.0,64.02
69.29,47.87,75.24,78.66,70.05,63.6,43.27,63.87,152.0,10.0,29.07,48.22,55.25,309,0,0.0,1,1.0,0.0,53.34
88.32,53.32,76.98,88.18,68.07,69.26,62.9,57.9,127.0,9.0,53.17,46.23,58.89,212,0,0.0,0,0.0,0.0,64.91
62.05,56.08,44.8,59.45,67.7,54.58,73.77,79.61,165.0,5.0,74.77,98.82,76.09,297,0,1.0,0,1.0,0.0,65.49
,56.95,38.67,55.12,42.6,45.38,76.76,46.52,152.0,7.0,55.01,53.81,49.84,156,1,0.0,0,0.0,0.0,53.29
39.23,53.35,41.61,82.63,80.95,45.14,65.56,62.27,121.0,,51.43,55.93,45.14,264,1,0.0,1,1.0,1.0,56.81
94.77,57.25,26.9,80.35,48.52,48.09,56.82,57.95,158.0,9.0,56.48,39.34,48.97,269,1,1.0,0,0.0,0.0,53.49
65.09,28.96,43.19,48.88,65.79,42.55,80.07,80.0,151.0,6.0,76.36,76.76,83.7,203,0,0.0,0,0.0,0.0,47.68
32.35,43.32,24.18,35.88,58.51,48.71,57.21,63.48,145.0,14.0,41.04,64.74,46.18,291,0,0.0,0,0.0,0.0,25.39
54.66,40.26,45.21,71.42,51.95,37.98,64.93,77.19,140.0,7.0,51.81,69.22,71.01,115,0,1.0,0,0.0,1.0,45.76
80.7,63.23,45.92,86.32,58.39,54.53,81.19,43.2,132.0,2.0,75.81,69.01,65.48,302,1,0.0,0,1.0,0.0,64.11
63.99,53.52,46.1,47.04,53.85,46.25,83.62,92.51,153.0,3.0,80.17,84.45,56.3,281,0,0.0,0,0.0,0.0,55.75
90.22,64.19,92.1,69.47,82.94,71.56,63.5,60.57,178.0,5.0,42.67,36.72,79.58,314,0,1.0,0,1.0,0.0,67.31
59.55,46.56,62.63,60.01,34.22,51.08,70.87,67.84,174.0,11.0,68.68,62.64,,271,0,0.0,0,0.0,0.0,42.45
74.72,37.26,68.01,57.64,61.64,52.78,59.67,55.71,135.0,7.0,60.1,46.82,52.23,197,0,1.0,0,0.0,1.0,51.08
72.1,40.96,79.63,38.96,57.13,55.57,58.12,54.22,100.0,6.0,73.88,72.87,67.1,234,0,0.0,0,1.0,0.0,54.41
77.36,35.22,94.74,56.99,45.36,54.23,75.37,68.22,131.0,8.0,81.71,56.05,77.54,268,0,0.0,0,0.0,0.0,48.53
84.76,55.13,49.53,81.81,64.95,59.26,56.53,78.84,140.0,7.0,61.8,74.33,51.15,206,1,0.0,0,0.0,1.0,67.15
84.71,33.46,66.41,99.61,71.41,62.37,87.49,69.18,147.0,0.0,82.86,68.12,81.29,125,0,0.0,1,0.0,1.0,61.85
82.97,61.42,60.72,56.68,64.98,62.58,57.95,76.3,154.0,8.0,64.68,55.23,56.99,403,0,1.0,0,0.0,0.0,62.57
53.19,27.95,47.13,65.58,51.32,55.31,43.93,62.72,220.0,6.0,59.17,57.28,41.1,242,0,0.0,0,0.0,0.0,35.95
63.01,38.36,66.6,70.66,64.73,54.75,61.77,66.33,152.0,8.0,69.05,63.53,51.31,289,0,1.0,0,0.0,0.0,49.81
56.15,33.2,49.17,47.35,41.87,41.63,71.86,91.78,129.0,3.0,76.61,84.01,46.42,204,0,0.0,0,0.0,0.0,41.62
63.05,44.15,61.37,57.88,78.36,41.45,78.8,74.15,132.0,5.0,66.72,55.02,59.18,269,0,0.0,0,1.0,0.0,57.35
76.71,48.95,69.09,82.45,63.35,63.68,49.21,45.87,117.0,7.0,46.95,35.52,54.24,208,0,0.0,0,1.0,1.0,53.98
75.37,48.31,38.73,44.56,71.01,42.01,100.0,65.88,149.0,1.0,75.99,99.71,78.59,221,0,0.0,1,0.0,0.0,56.68
52.66,5.96,33.27,45.4,21.79,32.21,54.41,53.27,153.0,12.0,44.51,61.63,51.24,212,0,0.0,0,0.0,0.0,29.95
54.49,47.3,85.75,68.23,63.2,59.09,68.84,78.81,159.0,4.0,82.45,80.17,60.94,226,0,0.0,0,0.0,0.0,66.0
85.04,80.78,77.71,87.56,88.19,82.94,87.84,54.22,97.0,5.0,57.62,86.61,73.22,219,1,0.0,0,0.0,0.0,70.79
73.62,46.21,59.91,48.28,67.39,53.05,63.27,58.01,147.0,1.0,88.78,55.02,55.67,219,0,0.0,0,1.0,0.0,57.4
51.54,73.03,25.07,48.14,52.95,48.43,80.61,71.85,122.0,1.0,59.89,67.45,61.27,267,1,0.0,1,0.0,0.0,59.35
87.74,62.38,30.71,58.87,74.93,64.68,52.67,62.03,148.0,6.0,57.55,40.27,54.73,292,1,0.0,1,1.0,0.0,57.83
53.19,52.03,13.99,38.64,63.7,36.82,60.88,87.35,120.0,7.0,56.91,64.96,49.35,281,0,0.0,0,1.0,1.0,56.88
78.25,67.56,67.6,87.45,51.86,69.03,78.91,86.96,154.0,6.0,75.64,68.69,85.23,199,1,1.0,0,0.0,0.0,80.04
50.0,38.41,40.89,60.49,62.22,48.58,82.65,72.12,130.0,13.0,54.44,65.82,74.93,240,0,0.0,0,0.0,1.0,50.86
81.21,64.97,44.27,100.0,81.31,65.76,90.83,53.12,131.0,2.0,75.03,72.63,66.82,180,0,0.0,1,1.0,0.0,69.32
51.95,53.41,28.3,56.23,54.01,54.59,64.76,80.37,153.0,3.0,64.08,69.64,66.05,291,0,0.0,0,0.0,1.0,48.81
60.95,88.49,32.21,74.02,66.53,63.19,64.46,55.08,129.0,8.0,58.53,40.55,66.88,244,0,1.0,1,0.0,0.0,54.45
74.4,37.93,55.64,76.88,60.9,45.43,76.07,68.05,158.0,3.0,67.21,72.55,53.55,210,0,0.0,0,0.0,0.0,53.52
83.85,71.63,62.14,74.23,97.83,78.94,67.73,68.66,153.0,8.0,65.29,65.8,82.85,291,0,1.0,1,1.0,1.0,82.16
69.23,57.16,70.09,41.48,61.78,54.99,87.02,69.13,140.0,9.0,68.7,99.78,51.7,284,1,0.0,1,1.0,1.0,71.55
73.43,52.04,61.0,71.24,62.52,64.27,51.24,29.45,129.0,8.0,65.33,40.96,68.64,271,0,0.0,0,0.0,0.0,54.63
100.0,87.19,73.89,83.57,82.12,83.3,69.88,57.11,163.0,5.0,66.02,57.86,70.05,357,1,0.0,0,1.0,1.0,90.87
75.77,17.86,84.07,59.71,44.05,36.77,51.38,49.64,152.0,7.0,58.49,61.59,35.4,139,0,1.0,0,0.0,0.0,42.87
76.11,41.72,46.26,74.57,41.0,55.21,52.69,51.05,167.0,10.0,48.91,43.83,49.78,199,0,0.0,0,0.0,0.0,36.53
75.1,17.79,37.64,47.45,43.81,40.8,89.1,91.35,111.0,6.0,72.22,90.63,81.24,208,0,0.0,0,1.0,0.0,42.31
67.66,21.54,60.15,60.35,61.17,46.65,65.6,49.5,134.0,3.0,57.37,43.14,79.3,189,0,0.0,0,1.0,1.0,59.3
48.71,76.42,58.97,52.65,81.75,57.56,59.15,37.84,130.0,9.0,38.34,36.59,44.68,201,1,1.0,0,1.0,1.0,63.77
38.17,61.25,27.16,41.79,60.17,47.76,63.32,79.33,148.0,8.0,51.39,80.59,52.3,194,0,0.0,0,0.0,0.0,42.01
73.09,66.03,35.7,52.98,47.3,48.27,34.31,48.52,118.0,3.0,51.96,48.31,41.85,158,1,0.0,0,0.0,0.0,41.76
80.4,41.9,53.44,65.62,61.73,63.46,,61.04,,3.0,49.79,42.16,51.75,278,0,0.0,0,0.0,0.0,45.73
42.95,12.79,24.25,48.83,28.88,18.5,93.86,84.69,144.0,3.0,69.35,58.27,71.18,147,0,0.0,0,0.0,0.0,38.59
65.7,73.62,34.5,63.83,40.92,55.08,58.17,42.47,104.0,6.0,50.94,75.14,49.82,233,0,0.0,1,0.0,1.0,54.08
38.0,55.16,61.36,57.16,52.77,53.04,69.26,77.07,103.0,10.0,70.79,56.79,52.66,141,0,0.0,0,0.0,0.0,44.13
100.0,49.36,69.36,66.05,84.72,75.05,42.32,64.51,134.0,4.0,60.16,38.45,53.65,235,1,1.0,0,0.0,1.0,67.42
77.31,53.25,82.6,63.61,68.47,66.55,,63.63,185.0,12.0,40.99,50.47,51.22,214,0,0.0,0,1.0,0.0,44.67
79.19,57.15,49.42,100.0,62.2,60.9,51.69,45.63,139.0,10.0,61.64,46.36,63.71,239,1,1.0,0,1.0,0.0,61.52
66.36,69.91,65.6,60.61,54.35,57.4,68.92,71.11,133.0,6.0,70.13,56.78,63.15,278,0,0.0,0,0.0,0.0,57.94
64.87,15.96,53.92,24.66,39.29,32.41,49.6,42.85,145.0,8.0,45.31,55.07,47.9,227,0,0.0,0,0.0,0.0,24.92
78.53,52.66,64.79,72.09,72.68,59.29,55.37,69.37,148.0,8.0,59.1,62.68,66.66,323,0,1.0,0,1.0,1.0,66.68
46.45,55.3,39.42,45.42,54.49,39.82,51.38,45.11,135.0,7.0,55.49,37.95,43.86,174,0,0.0,1,0.0,0.0,41.39
48.77,50.23,35.25,43.33,47.85,36.15,59.91,49.56,126.0,15.0,46.29,61.03,45.47,265,0,0.0,1,0.0,1.0,31.04
68.38,42.12,60.27,66.07,62.97,66.12,58.81,73.87,110.0,3.0,85.66,67.58,69.99,245,0,0.0,0,0.0,0.0,56.96
62.08,60.43,42.77,74.05,63.39,44.95,63.3,67.2,155.0,8.0,54.12,69.09,46.0,149,0,0.0,1,0.0,0.0,43.79
67.87,17.28,76.1,68.14,45.91,56.56,85.79,54.46,133.0,3.0,69.09,66.47,67.21,218,0,0.0,0,0.0,0.0,51.33
80.56,74.9,70.74,79.84,68.45,62.99,61.49,67.13,147.0,13.0,59.39,85.1,70.07,314,1,0.0,1,1.0,1.0,66.96
66.72,22.98,62.64,92.84,50.93,44.84,77.83,34.57,160.0,3.0,54.3,83.01,58.03,178,0,0.0,0,0.0,0.0,36.47
61.7,44.52,47.11,22.94,59.74,41.31,64.37,56.39,133.0,5.0,53.45,52.15,63.74,276,0,0.0,0,1.0,0.0,41.08
58.16,64.49,58.19,41.08,52.27,47.22,27.03,14.26,107.0,8.0,45.59,19.12,30.6,171,0,1.0,0,1.0,0.0,37.84
86.93,77.19,52.08,64.28,32.08,67.36,71.76,83.54,136.0,3.0,75.17,84.75,70.98,212,0,0.0,0,0.0,0.0,55.3
89.67,55.96,71.79,58.57,78.1,71.82,76.93,59.48,138.0,11.0,61.5,76.07,73.99,221,0,0.0,0,1.0,0.0,61.67
88.87,40.01,54.16,72.47,82.73,61.18,94.63,70.21,152.0,5.0,66.5,85.47,74.0,374,0,1.0,0,1.0,1.0,75.93
55.56,36.48,44.49,65.16,54.72,62.31,48.45,49.92,126.0,6.0,38.46,42.66,47.99,143,0,0.0,0,0.0,1.0,31.21
57.65,74.11,43.76,77.62,69.32,58.73,61.19,67.41,,6.0,63.53,57.14,44.02,233,1,0.0,0,0.0,1.0,54.45
72.85,76.09,49.77,62.66,65.84,63.06,61.24,56.62,132.0,5.0,60.11,30.27,70.77,361,0,1.0,1,1.0,1.0,81.13
67.24,71.26,54.99,72.73,46.54,54.73,89.7,80.37,149.0,1.0,72.83,72.9,53.96,250,1,0.0,1,0.0,0.0,60.06
64.07,62.01,54.59,53.24,84.81,55.46,41.61,42.2,152.0,4.0,48.97,39.13,34.82,213,0,1.0,0,1.0,1.0,64.32
54.97,56.61,46.14,51.34,63.22,48.13,54.32,60.36,180.0,8.0,54.72,43.15,56.43,284,0,1.0,0,0.0,0.0,48.55
56.75,41.3,47.78,69.66,51.63,53.17,83.19,61.76,176.0,8.0,48.71,79.01,56.87,357,0,1.0,0,0.0,1.0,47.14
94.14,42.29,68.79,92.35,55.94,,69.83,50.24,137.0,3.0,63.83,53.52,66.44,230,0,0.0,0,0.0,0.0,55.03
69.85,46.56,58.88,43.94,54.43,61.08,65.86,34.08,126.0,5.0,62.27,60.81,47.91,340,1,0.0,0,0.0,1.0,60.52
18.06,24.32,8.66,61.83,43.37,19.85,80.68,91.99,,8.0,59.92,72.02,52.26,216,0,0.0,0,0.0,0.0,27.54
73.76,47.98,56.65,55.07,43.01,56.85,83.96,63.13,118.0,3.0,72.08,79.72,75.25,399,1,1.0,0,0.0,0.0,54.39
65.29,30.47,36.08,38.81,61.91,46.35,73.73,86.8,142.0,2.0,61.68,56.61,41.93,244,0,0.0,0,0.0,0.0,47.9
86.45,25.3,45.49,65.42,60.47,55.16,69.23,78.75,122.0,9.0,68.57,61.67,63.35,358,0,0.0,0,0.0,0.0,36.09
69.32,62.03,50.98,70.98,65.28,54.05,61.43,61.74,119.0,10.0,54.5,64.88,64.12,185,0,0.0,1,0.0,0.0,57.29
50.24,53.43,46.78,61.34,57.92,43.18,61.81,63.92,120.0,7.0,56.9,78.82,38.23,245,0,1.0,0,0.0,1.0,57.52
74.49,43.51,74.51,63.61,50.38,61.1,74.05,42.71,156.0,6.0,52.09,60.15,62.78,151,0,0.0,0,0.0,0.0,52.54
67.58,63.19,31.75,67.94,65.98,60.32,65.52,82.12,138.0,8.0,46.22,64.73,57.65,260,0,0.0,0,0.0,1.0,54.54
,53.41,51.66,49.54,62.39,48.2,61.21,51.93,114.0,7.0,60.58,72.95,57.59,243,1,0.0,0,0.0,1.0,61.79
92.34,70.32,62.59,76.01,70.38,74.4,54.12,68.22,153.0,9.0,67.5,55.13,60.36,329,0,1.0,0,1.0,1.0,70.36
51.27,46.95,60.59,82.46,43.84,57.52,83.28,63.8,163.0,7.0,66.06,60.86,51.16,260,1,0.0,0,0.0,0.0,51.51
58.77,85.06,27.27,35.22,39.61,48.13,66.84,61.22,131.0,8.0,61.84,76.53,52.07,261,1,0.0,1,0.0,0.0,47.6
50.78,45.53,56.72,65.94,67.76,42.96,70.14,89.12,126.0,3.0,56.38,71.36,48.49,255,0,0.0,0,0.0,0.0,54.08
59.98,40.75,75.13,82.8,53.19,47.65,100.0,77.83,128.0,4.0,81.09,69.66,69.65,354,1,1.0,0,1.0,0.0,65.33
66.08,49.2,47.31,71.72,74.98,52.13,67.75,58.8,144.0,16.0,54.13,55.77,68.36,297,0,1.0,0,1.0,0.0,57.51
34.49,39.59,32.33,53.49,51.7,34.81,32.29,6.49,151.0,8.0,29.15,22.13,18.53,233,0,0.0,0,1.0,0.0,13.88
60.94,,88.86,52.62,65.41,63.62,65.73,70.41,142.0,4.0,77.98,67.66,74.41,155,0,0.0,1,0.0,1.0,65.23
39.65,37.28,18.49,50.7,44.79,34.08,51.19,59.55,113.0,19.0,39.28,51.85,58.87,262,0,0.0,0,0.0,0.0,18.44
,64.06,74.05,65.97,53.06,62.18,58.86,60.6,157.0,8.0,33.64,59.04,70.27,196,0,1.0,0,0.0,0.0,53.99
47.84,35.82,34.31,82.1,57.8,47.79,30.14,39.55,133.0,13.0,40.08,20.36,57.73,221,0,1.0,0,0.0,0.0,38.71
55.73,43.99,52.75,65.96,54.54,45.03,45.85,49.02,133.0,5.0,50.71,53.18,47.85,242,0,1.0,0,0.0,0.0,41.26
73.82,74.61,54.2,63.72,71.45,72.06,,53.5,141.0,10.0,48.62,54.64,48.73,130,0,0.0,1,0.0,1.0,55.2
68.08,72.76,56.52,72.09,82.7,71.11,70.43,42.83,159.0,7.0,60.59,73.01,47.59,191,0,1.0,0,1.0,0.0,75.91
68.81,35.54,41.55,56.19,44.69,51.58,68.82,54.94,119.0,17.0,52.52,73.97,53.95,164,0,0.0,0,0.0,0.0,36.15
63.67,64.97,56.28,80.48,55.42,54.75,83.51,79.29,117.0,4.0,70.18,63.93,76.89,265,1,0.0,1,0.0,1.0,60.15
83.08,44.09,37.25,50.04,90.44,57.41,82.2,61.34,141.0,6.0,64.34,100.0,50.78,276,0,1.0,0,0.0,1.0,67.75
99.28,72.85,64.42,100.0,87.97,82.59,72.47,69.55,139.0,5.0,74.93,62.16,64.96,253,0,1.0,0,1.0,1.0,79.91
56.51,25.53,53.11,41.77,47.28,41.15,60.21,30.31,155.0,15.0,37.16,35.61,47.43,325,0,1.0,0,0.0,0.0,32.21
50.76,47.7,44.96,57.08,64.77,44.37,64.06,73.19,162.0,11.0,71.88,69.91,39.2,236,0,1.0,0,1.0,0.0,43.16
73.1,72.24,23.56,55.23,69.42,52.15,51.93,64.14,128.0,8.0,56.27,73.01,69.92,337,1,0.0,1,0.0,0.0,61.7
53.99,,30.67,49.3,53.82,42.2,59.07,50.81,144.0,9.0,57.46,68.53,56.27,209,1,0.0,0,0.0,0.0,50.72
68.32,32.06,70.59,72.17,40.32,44.83,71.39,62.39,148.0,7.0,61.74,36.28,59.66,167,0,0.0,0,0.0,0.0,47.08
46.11,38.8,58.43,35.04,54.51,61.73,59.64,65.64,148.0,9.0,59.59,54.39,66.55,367,0,0.0,0,0.0,0.0,48.78
27.67,34.56,21.31,27.1,20.88,13.55,41.43,47.19,107.0,14.0,38.23,62.94,26.66,80,0,0.0,0,0.0,0.0,5.87
42.08,45.92,75.51,41.34,51.76,42.77,58.86,55.57,148.0,10.0,56.44,50.69,53.17,215,0,0.0,1,0.0,0.0,36.15
61.51,45.94,33.11,57.1,66.5,52.42,80.79,69.83,126.0,6.0,71.19,75.04,54.24,193,0,1.0,0,0.0,0.0,48.22
92.15,48.95,71.0,54.88,55.37,59.07,62.41,28.66,149.0,8.0,63.25,58.31,35.9,181,0,1.0,1,0.0,0.0,56.11
31.9,19.08,12.27,49.46,54.8,25.94,,59.93,120.0,4.0,56.74,55.87,49.42,185,0,0.0,0,0.0,0.0,24.77
42.37,82.35,28.21,50.66,57.79,52.09,60.2,74.78,139.0,11.0,55.42,71.35,69.97,321,1,0.0,0,0.0,0.0,47.14
69.18,28.13,87.47,77.03,32.45,59.78,65.33,29.24,133.0,8.0,41.59,63.35,72.69,247,0,0.0,0,0.0,0.0,33.85
86.38,15.8,64.82,88.19,65.67,55.14,37.7,54.5,174.0,6.0,66.64,49.4,48.46,119,0,0.0,0,0.0,0.0,38.03
61.08,36.9,23.72,57.36,63.17,49.71,66.51,62.58,123.0,5.0,64.96,45.07,54.4,190,1,1.0,0,0.0,1.0,46.89
36.39,21.31,53.98,68.12,78.69,,75.73,68.09,123.0,7.0,73.33,86.0,39.97,216,0,1.0,0,1.0,1.0,50.81
54.89,51.95,64.31,88.73,63.04,53.15,68.02,59.62,166.0,5.0,55.96,74.05,67.78,166,0,0.0,0,1.0,0.0,49.79
35.05,17.81,31.58,24.56,39.63,30.98,78.32,56.84,156.0,9.0,61.58,69.68,57.38,314,0,1.0,0,0.0,1.0,38.12
37.3,60.51,24.07,69.28,58.64,55.8,34.22,46.36,139.0,17.0,14.79,51.86,37.22,277,1,0.0,1,1.0,0.0,37.45
64.63,45.73,35.97,61.35,71.12,45.47,57.43,57.7,129.0,7.0,78.43,70.34,35.62,238,0,1.0,0,1.0,,52.94
89.29,53.49,69.5,68.5,86.99,62.5,60.87,86.9,117.0,0.0,75.19,62.3,44.24,278,0,1.0,0,1.0,1.0,77.24
59.12,60.41,52.71,66.39,64.84,,59.85,66.97,130.0,4.0,51.01,45.5,56.75,170,1,0.0,0,0.0,0.0,61.0
87.87,61.86,52.12,66.16,63.77,63.93,70.08,51.14,,3.0,75.45,87.08,50.38,223,0,1.0,0,0.0,1.0,69.55
75.2,44.92,70.98,48.62,65.97,54.67,72.72,82.52,127.0,5.0,70.05,53.09,67.43,172,0,1.0,0,0.0,0.0,54.13
100.0,50.79,69.56,69.55,76.04,62.53,48.1,57.4,127.0,7.0,49.54,50.15,58.93,260,1,0.0,0,0.0,0.0,56.13
68.1,46.48,49.33,81.16,40.14,48.56,88.72,64.82,131.0,3.0,65.94,62.56,50.88,209,1,0.0,1,,0.0,51.74
64.42,41.52,51.43,68.11,42.25,52.33,94.16,84.56,160.0,4.0,75.13,61.93,69.53,208,0,0.0,0,0.0,0.0,47.65
91.67,68.15,66.75,100.0,77.87,72.0,71.06,69.77,114.0,74.0,63.41,69.7,57.39,327,0,1.0,0,0.0,1.0,64.22
43.3,32.04,33.69,41.77,48.23,43.77,37.4,43.39,141.0,12.0,44.89,57.94,50.99,185,0,0.0,0,0.0,0.0,36.09
94.12,65.36,60.32,70.22,100.0,73.02,83.71,69.4,146.0,7.0,73.8,63.21,100.0,120,1,0.0,0,1.0,1.0,74.64
59.88,66.73,45.93,39.57,66.95,58.26,84.12,68.15,140.0,7.0,68.96,65.7,65.66,342,1,0.0,1,0.0,0.0,50.36
90.72,65.57,63.48,83.49,69.46,71.48,54.74,56.27,149.0,7.0,71.7,54.45,77.8,323,1,1.0,0,1.0,0.0,66.17
50.52,,54.56,63.78,47.07,43.32,84.13,68.02,149.0,4.0,56.6,66.5,68.98,145,0,0.0,0,1.0,0.0,43.66
44.33,26.86,19.68,39.68,44.8,37.25,51.44,42.98,138.0,8.0,52.62,59.96,44.36,185,0,0.0,1,0.0,0.0,11.98
61.97,65.34,27.4,50.52,68.8,45.02,56.64,72.31,157.0,6.0,53.71,81.23,55.3,290,0,0.0,0,1.0,1.0,59.66
66.41,46.09,47.61,84.08,56.7,50.33,62.96,51.29,94.0,6.0,61.42,29.12,42.9,187,0,0.0,0,0.0,0.0,42.21
94.36,43.31,54.99,68.1,48.98,56.73,48.04,57.13,175.0,11.0,51.97,66.99,52.7,221,0,0.0,0,0.0,1.0,48.5
69.51,56.95,43.49,67.59,66.36,58.75,71.59,85.63,160.0,7.0,78.7,100.0,61.97,199,0,0.0,0,0.0,0.0,49.8
59.04,46.21,63.69,53.09,44.64,54.35,57.08,61.23,168.0,3.0,56.07,65.04,67.73,309,0,0.0,0,0.0,0.0,51.58
63.72,42.1,67.44,62.6,58.66,49.66,76.03,63.58,124.0,1.0,65.22,76.78,53.98,363,0,0.0,0,0.0,0.0,49.96
61.0,61.3,34.04,66.63,62.42,46.96,68.55,74.37,140.0,9.0,67.14,96.31,46.67,291,1,0.0,1,0.0,0.0,58.78
66.41,38.49,68.34,46.55,50.44,52.44,72.22,88.94,145.0,,75.82,61.27,52.04,377,1,1.0,0,0.0,1.0,48.02
63.93,69.16,66.21,73.3,83.04,56.39,41.39,46.06,128.0,5.0,50.61,49.67,57.35,147,0,1.0,1,0.0,0.0,55.32
90.29,71.35,75.61,100.0,96.0,85.13,53.67,40.64,140.0,14.0,53.4,45.96,62.36,259,0,1.0,1,1.0,1.0,70.43
70.82,55.32,60.6,61.62,58.7,56.79,51.39,57.14,141.0,8.0,45.87,48.67,34.36,217,0,1.0,0,1.0,1.0,53.34
81.21,60.69,37.83,82.04,58.36,52.13,76.87,60.56,119.0,6.0,51.31,75.32,68.81,286,0,0.0,0,1.0,0.0,59.94
83.34,77.02,62.25,96.74,75.68,65.32,69.87,62.23,153.0,2.0,87.23,63.07,53.52,346,1,0.0,1,1.0,1.0,82.88
76.52,48.35,49.65,85.41,65.0,60.54,52.98,75.07,149.0,7.0,45.8,27.32,47.63,201,0,0.0,1,0.0,0.0,53.51
42.01,0.37,32.73,40.99,37.76,28.59,51.65,40.8,125.0,8.0,37.57,57.21,36.8,176,0,0.0,0,0.0,0.0,14.83
50.4,33.61,30.14,55.43,45.14,34.25,39.44,36.6,112.0,2.0,51.94,52.8,29.06,205,0,0.0,1,0.0,0.0,32.8
68.97,64.5,46.84,78.86,58.93,57.83,65.36,73.66,141.0,4.0,,68.11,40.01,212,1,0.0,0,1.0,0.0,60.59
32.35,19.89,41.98,43.21,44.04,25.31,90.37,82.64,127.0,4.0,76.1,81.31,65.89,81,0,0.0,0,0.0,0.0,21.99
53.65,45.48,42.75,52.74,52.39,44.47,57.62,54.43,143.0,10.0,60.88,32.73,58.03,263,0,0.0,0,0.0,0.0,40.98
79.54,55.37,49.6,59.84,62.1,67.47,63.29,57.4,124.0,10.0,44.99,40.45,59.43,184,0,0.0,0,,0.0,50.22
83.54,71.44,60.96,100.0,81.38,84.86,64.86,29.21,166.0,4.0,51.28,39.27,70.91,237,0,1.0,1,0.0,1.0,65.71
53.47,58.22,65.14,52.96,52.5,52.27,93.63,82.76,131.0,8.0,67.61,58.73,50.34,244,0,0.0,0,0.0,0.0,62.15
39.76,26.71,14.23,60.01,46.46,34.42,49.27,55.72,121.0,11.0,,55.93,46.66,159,0,1.0,0,0.0,0.0,28.98
59.13,75.15,11.99,35.17,45.5,48.25,53.44,72.26,138.0,9.0,42.19,60.11,52.01,323,0,0.0,1,0.0,1.0,42.67
47.08,56.01,25.26,79.23,61.87,36.65,62.34,49.18,110.0,6.0,51.57,43.16,52.61,228,0,,1,0.0,0.0,39.02
55.11,56.28,33.85,47.07,44.26,38.55,50.88,69.89,121.0,11.0,68.08,63.05,52.93,157,0,0.0,0,0.0,0.0,43.32
72.1,67.75,55.86,69.81,56.92,46.98,63.04,85.25,109.0,6.0,57.27,52.09,63.42,310,1,0.0,1,0.0,1.0,61.47
49.92,19.55,43.74,24.6,37.34,37.06,89.59,81.62,146.0,6.0,73.44,81.81,60.28,303,0,0.0,0,0.0,0.0,34.63
63.1,40.49,53.94,74.99,50.66,62.69,74.47,67.08,157.0,0.0,87.55,68.65,69.79,118,0,0.0,0,1.0,0.0,62.72
62.7,,40.38,79.0,45.72,56.75,52.74,57.8,130.0,,66.11,58.22,42.32,80,0,0.0,0,0.0,0.0,37.62
67.79,57.79,41.23,42.52,35.48,49.09,40.13,70.94,158.0,14.0,39.44,61.66,50.24,196,0,0.0,0,0.0,0.0,42.66
86.63,46.66,88.37,98.02,82.74,71.9,51.26,47.85,122.0,7.0,50.59,45.69,51.16,247,0,0.0,0,1.0,0.0,65.33
92.68,43.3,26.82,53.31,82.2,55.16,69.86,77.28,131.0,5.0,79.35,69.46,57.22,241,0,0.0,0,0.0,1.0,62.28
73.25,64.53,52.64,78.17,75.4,69.74,80.05,69.18,157.0,4.0,81.92,44.41,68.41,310,0,0.0,0,0.0,1.0,65.24
46.67,59.88,50.88,57.91,55.02,51.41,50.96,61.86,150.0,4.0,64.06,61.55,41.93,215,0,0.0,0,0.0,0.0,39.29
71.63,62.08,68.57,81.83,41.95,60.87,76.64,83.23,149.0,4.0,78.68,97.46,66.33,257,1,1.0,0,0.0,0.0,55.99
70.29,30.79,35.99,68.51,60.53,41.41,50.8,56.09,157.0,9.0,68.32,57.44,57.9,302,0,1.0,0,0.0,0.0,43.7
69.41,23.45,54.19,80.42,40.44,51.02,61.28,91.43,138.0,14.0,57.2,78.93,43.32,305,0,0.0,0,0.0,0.0,37.03
63.45,75.14,23.66,80.37,66.09,55.37,59.37,63.8,144.0,6.0,56.64,57.0,55.2,121,0,0.0,0,1.0,1.0,52.8
50.83,77.6,30.57,64.66,57.91,54.77,62.33,71.55,126.0,11.0,43.62,71.37,60.15,304,0,0.0,0,1.0,0.0,49.99
19.36,32.97,22.98,40.99,13.85,29.03,41.91,36.78,170.0,12.0,49.55,57.14,13.55,159,0,0.0,1,0.0,0.0,15.54
87.18,40.28,64.41,52.5,82.35,52.79,67.14,68.13,131.0,9.0,67.72,56.86,77.63,327,0,1.0,0,0.0,1.0,57.59
53.18,12.99,76.0,56.03,30.63,39.75,61.05,84.47,135.0,12.0,66.6,67.69,47.34,147,0,0.0,0,0.0,0.0,27.24
70.02,48.15,41.68,86.72,50.95,50.54,58.14,59.07,142.0,3.0,70.62,63.75,46.59,179,0,0.0,0,1.0,1.0,48.57
76.93,62.18,83.15,97.3,79.06,68.81,74.91,79.64,152.0,4.0,72.33,68.2,69.4,325,0,1.0,1,1.0,0.0,73.18
46.63,66.61,37.92,41.86,49.98,40.34,37.77,41.3,147.0,8.0,55.84,36.39,35.83,271,0,0.0,0,0.0,0.0,40.01
77.12,64.24,61.17,90.63,69.65,61.73,78.01,77.19,92.0,1.0,77.61,54.92,67.24,369,1,1.0,1,0.0,1.0,67.84
45.21,11.34,65.07,55.11,26.64,29.57,48.22,49.52,168.0,4.0,66.34,72.73,36.44,99,0,0.0,0,0.0,0.0,20.58
68.88,22.52,48.05,73.93,62.41,53.77,46.5,49.25,165.0,7.0,40.41,40.14,58.66,270,0,1.0,0,0.0,0.0,36.34
68.21,47.92,63.13,72.72,67.88,60.81,71.75,50.92,163.0,8.0,67.79,60.37,90.46,290,0,0.0,0,1.0,0.0,65.58
69.47,51.44,38.51,74.4,49.91,53.9,54.78,73.1,140.0,7.0,74.67,79.97,64.17,136,1,0.0,1,0.0,0.0,56.7
75.96,56.03,70.51,49.87,77.85,52.18,62.35,62.09,161.0,13.0,47.26,34.64,55.23,146,0,1.0,0,0.0,1.0,53.77
68.38,50.82,81.88,92.29,55.3,74.28,47.63,68.34,141.0,12.0,57.09,38.91,53.36,228,0,0.0,0,0.0,0.0,51.84
80.11,51.69,62.81,32.78,46.37,53.39,59.98,47.44,143.0,5.0,74.93,79.64,69.08,229,0,0.0,0,0.0,0.0,55.19
82.39,12.69,47.99,80.19,58.49,,100.0,100.0,156.0,4.0,82.89,81.46,67.81,296,0,1.0,0,1.0,0.0,66.92
48.06,58.26,40.14,59.12,51.08,51.9,50.96,69.52,147.0,8.0,,65.94,51.84,169,0,0.0,0,0.0,0.0,46.19
55.64,33.96,65.2,77.57,59.8,50.04,90.47,72.06,161.0,8.0,56.58,95.97,58.08,167,0,0.0,1,0.0,0.0,53.64
43.09,29.83,47.15,51.11,46.01,51.5,64.07,80.54,100.0,8.0,45.08,68.27,40.52,314,0,0.0,0,0.0,0.0,28.51
74.72,45.18,67.16,84.36,41.59,60.51,62.76,50.58,137.0,13.0,55.56,46.22,56.06,189,0,0.0,0,0.0,0.0,45.89
95.58,63.46,93.15,90.31,94.6,79.7,82.56,58.73,120.0,3.0,74.6,65.88,65.77,299,0,1.0,0,1.0,1.0,86.43
69.1,62.79,34.55,66.65,62.18,52.88,66.87,51.29,156.0,4.0,72.69,55.28,74.79,166,0,0.0,1,1.0,0.0,57.29
45.14,52.87,20.47,51.85,43.99,45.9,57.61,65.85,122.0,5.0,44.95,59.15,41.32,286,0,0.0,0,1.0,0.0,46.05
56.8,62.42,24.35,83.88,52.57,46.52,42.39,40.9,131.0,9.0,45.72,51.05,43.08,228,1,0.0,1,0.0,0.0,42.92
92.11,15.61,75.05,75.89,62.68,56.53,54.64,54.23,154.0,12.0,66.88,71.46,49.85,261,0,0.0,0,0.0,0.0,43.87
74.22,81.88,65.48,56.56,69.25,64.07,63.02,66.11,162.0,9.0,71.17,51.07,50.39,393,1,1.0,1,1.0,1.0,67.58
71.41,10.13,95.08,48.64,69.85,50.55,81.15,63.12,157.0,4.0,48.72,76.36,65.77,209,0,0.0,0,0.0,0.0,40.64
88.55,74.28,77.03,80.04,80.73,71.41,98.5,66.47,157.0,1.0,67.42,78.37,75.19,384,0,0.0,1,0.0,1.0,74.52
77.01,39.29,61.92,87.01,65.53,69.92,75.69,76.89,119.0,0.0,85.19,63.08,95.26,310,0,0.0,0,0.0,1.0,68.65
62.39,67.4,70.47,67.43,68.09,68.83,51.99,74.81,119.0,9.0,68.29,69.98,70.92,238,0,1.0,0,0.0,1.0,71.64
72.27,36.93,59.76,100.0,58.62,58.4,54.95,65.39,113.0,71.0,58.66,43.7,56.21,196,1,0.0,0,0.0,1.0,49.43
65.56,34.26,72.91,72.36,47.51,49.95,57.83,88.44,119.0,10.0,60.02,45.87,57.16,143,0,0.0,0,0.0,0.0,40.01
65.74,39.75,59.63,70.34,58.46,50.23,46.3,48.83,139.0,3.0,53.15,57.04,47.63,168,0,0.0,0,0.0,0.0,46.17
61.03,27.87,39.8,52.18,68.81,43.5,57.68,77.76,156.0,3.0,52.85,60.21,39.28,111,0,0.0,0,0.0,0.0,37.59
66.28,7.06,50.07,74.1,37.15,51.55,72.48,66.22,158.0,9.0,58.44,81.55,44.1,271,0,0.0,0,0.0,0.0,39.62
77.39,95.19,45.12,58.33,74.42,,85.8,80.44,109.0,4.0,74.3,75.12,62.48,345,1,1.0,1,1.0,0.0,78.44
88.63,35.32,94.78,64.31,72.38,71.69,93.37,70.21,142.0,4.0,72.66,71.99,89.03,288,0,1.0,0,1.0,0.0,72.44
67.76,20.38,52.89,64.26,72.52,51.03,54.07,53.59,133.0,7.0,42.4,56.74,51.75,288,0,0.0,1,1.0,0.0,43.63
66.21,57.33,52.89,92.75,66.26,54.26,55.56,43.34,96.0,,40.9,50.22,55.95,204,0,0.0,0,0.0,0.0,43.86
78.63,73.24,56.5,77.7,77.18,68.5,72.2,47.95,155.0,10.0,66.24,67.01,74.25,215,0,0.0,0,1.0,1.0,82.65
77.71,41.03,44.99,46.7,72.85,47.99,83.83,61.61,156.0,9.0,68.07,77.15,60.67,299,0,1.0,0,0.0,0.0,57.35
73.46,54.09,50.25,61.86,68.0,65.13,51.94,72.15,126.0,13.0,44.56,60.23,48.23,182,0,0.0,0,0.0,0.0,54.12
85.72,48.82,54.89,97.25,68.9,59.29,,78.24,136.0,0.0,67.16,47.58,86.06,353,0,1.0,0,1.0,1.0,79.96
73.71,72.01,56.98,69.18,94.35,65.04,67.85,79.74,142.0,9.0,65.66,69.99,68.87,309,1,1.0,1,1.0,1.0,77.71
33.89,31.58,22.62,49.76,42.61,36.59,72.17,66.9,147.0,5.0,60.86,44.88,36.53,331,0,0.0,0,0.0,0.0,19.35
53.51,32.0,46.3,61.2,25.67,35.67,49.33,37.41,125.0,8.0,27.1,30.34,21.21,223,0,0.0,0,0.0,0.0,24.11
87.55,70.36,83.49,35.6,85.84,71.61,100.0,69.49,128.0,4.0,90.5,73.62,88.81,212,1,0.0,1,1.0,1.0,85.16
71.97,54.79,40.82,83.11,69.11,41.91,45.06,60.33,117.0,15.0,49.17,59.52,35.35,251,1,0.0,0,0.0,0.0,46.61
56.59,39.31,25.76,39.14,47.64,38.12,60.2,62.35,165.0,6.0,69.05,69.44,50.26,226,0,0.0,1,0.0,0.0,43.48
86.96,41.39,82.49,74.79,54.9,67.38,61.25,58.71,160.0,3.0,72.46,80.04,41.82,239,1,0.0,0,0.0,0.0,61.08
90.2,78.71,57.26,100.0,81.48,71.07,64.58,64.42,119.0,2.0,64.22,45.99,59.89,311,0,1.0,1,0.0,1.0,63.97
54.83,45.74,82.09,82.5,56.7,60.68,66.76,42.24,123.0,9.0,38.46,47.68,65.23,308,0,0.0,0,1.0,0.0,51.27
57.06,65.0,49.87,70.81,48.36,,63.7,74.09,120.0,7.0,76.75,40.84,54.79,217,0,0.0,0,0.0,0.0,49.26
82.29,70.19,50.76,88.33,72.13,73.53,84.96,79.14,115.0,9.0,49.07,55.34,57.24,338,0,1.0,0,1.0,0.0,61.88
73.1,81.98,34.61,82.58,71.7,59.27,76.38,78.46,176.0,3.0,69.51,68.02,62.42,282,1,1.0,1,0.0,1.0,71.48
71.95,43.72,55.24,94.16,64.95,56.72,84.4,78.76,129.0,3.0,87.25,95.19,70.36,170,0,0.0,0,0.0,1.0,64.96
70.9,48.55,48.78,88.69,65.19,48.55,58.58,66.13,152.0,8.0,58.73,77.99,,152,1,1.0,0,0.0,1.0,55.6
68.65,57.27,61.29,61.4,29.13,52.87,100.0,98.88,138.0,,71.99,85.27,54.7,317,0,0.0,0,0.0,0.0,59.18
91.27,55.4,40.28,64.04,62.71,57.71,67.61,64.13,135.0,9.0,65.65,60.26,64.63,380,1,0.0,1,1.0,0.0,53.75
82.4,63.24,45.44,62.15,58.59,65.8,94.11,75.43,138.0,4.0,73.29,83.62,68.04,185,0,0.0,1,1.0,0.0,62.02
68.21,79.83,78.9,78.86,87.67,69.26,68.25,60.12,146.0,5.0,57.54,81.62,65.41,188,1,1.0,0,1.0,0.0,78.83
59.41,63.9,34.26,66.03,100.0,56.38,66.37,24.85,136.0,10.0,48.06,49.06,46.51,272,1,1.0,1,1.0,1.0,68.72
49.47,68.06,38.78,37.78,55.29,44.77,58.01,76.69,151.0,6.0,68.09,58.7,65.65,192,0,0.0,0,0.0,0.0,51.34
,46.81,39.42,70.39,54.65,50.72,92.14,68.56,164.0,1.0,60.6,63.74,72.0,134,0,0.0,0,0.0,0.0,53.84
70.17,31.01,55.39,48.06,34.44,58.05,79.43,52.37,130.0,2.0,65.85,43.14,61.05,186,0,0.0,0,0.0,0.0,45.25
60.11,46.34,47.25,65.89,67.01,31.21,81.06,90.69,145.0,8.0,54.97,80.75,55.84,293,0,0.0,0,0.0,0.0,42.43
65.79,42.67,60.55,69.04,66.13,55.27,69.99,77.88,110.0,1.0,81.36,66.31,80.03,215,0,0.0,1,0.0,1.0,60.03
65.94,45.1,35.12,61.84,59.87,56.57,84.47,59.85,132.0,8.0,68.84,59.14,78.05,160,0,0.0,1,0.0,0.0,60.23
58.23,39.34,86.69,81.39,46.33,52.75,57.64,37.39,138.0,9.0,29.71,44.17,63.52,235,0,0.0,0,0.0,0.0,52.17
80.66,47.67,31.42,67.82,73.26,59.01,80.83,87.09,138.0,2.0,86.04,76.3,75.55,221,1,0.0,0,0.0,1.0,64.47
73.21,72.49,59.02,99.87,90.99,77.85,63.55,62.57,137.0,5.0,73.21,73.04,63.14,212,1,1.0,0,0.0,1.0,84.7
76.51,50.12,58.19,56.6,66.11,57.01,66.06,45.58,148.0,4.0,46.24,33.74,61.93,137,0,0.0,0,1.0,1.0,71.58
79.74,42.96,79.72,85.25,82.64,63.11,40.54,56.23,149.0,6.0,43.64,55.62,66.68,342,1,1.0,0,1.0,1.0,62.14
59.88,58.03,29.92,56.1,58.93,55.01,69.16,68.6,101.0,11.0,59.31,53.76,64.95,152,0,1.0,0,0.0,0.0,47.32
76.73,,80.4,74.52,78.61,68.37,72.33,48.84,143.0,5.0,46.18,38.64,54.09,270,0,1.0,0,0.0,0.0,55.1
60.0,49.69,59.64,33.47,38.79,47.96,47.91,32.49,131.0,14.0,38.15,41.49,,338,0,0.0,0,0.0,0.0,45.01
68.8,62.51,47.79,51.09,39.81,56.57,37.02,64.46,126.0,10.0,40.33,56.16,53.01,264,0,0.0,0,0.0,0.0,38.97
79.1,58.21,47.97,61.98,45.22,62.09,74.37,75.83,165.0,4.0,70.21,58.24,67.15,227,0,0.0,1,0.0,1.0,60.8
34.93,75.34,18.11,27.37,45.86,39.99,70.52,96.26,108.0,4.0,54.06,90.21,60.21,281,0,0.0,1,0.0,0.0,42.75
85.99,64.95,42.67,67.89,62.83,63.8,60.81,73.0,137.0,10.0,69.68,64.0,55.44,299,0,0.0,1,0.0,0.0,55.52
65.53,48.07,52.33,53.47,66.39,57.08,81.31,86.8,167.0,10.0,40.43,57.92,57.64,349,0,0.0,0,1.0,0.0,46.07
33.42,36.25,27.55,40.65,44.67,30.53,69.32,50.58,141.0,5.0,53.14,68.85,51.82,151,0,0.0,0,0.0,0.0,26.0
100.0,76.5,43.2,96.47,79.53,80.57,68.15,61.63,122.0,9.0,74.35,67.06,75.18,193,1,0.0,0,0.0,1.0,69.21
97.58,43.36,75.69,60.87,51.75,57.88,,56.13,138.0,1.0,70.4,47.76,61.74,133,0,0.0,1,0.0,0.0,52.93
64.88,55.96,74.33,93.03,58.54,61.19,70.72,67.02,172.0,2.0,64.68,62.07,38.32,301,0,1.0,0,0.0,0.0,61.8
75.62,60.44,49.1,62.58,67.94,64.47,49.41,56.65,158.0,4.0,66.02,58.96,28.7,322,0,1.0,0,0.0,0.0,59.21
70.61,49.15,44.28,56.3,50.29,45.22,70.47,75.46,130.0,1.0,62.83,67.85,55.83,80,1,0.0,1,0.0,0.0,46.67
80.13,43.37,73.93,79.84,62.55,67.65,93.27,80.58,171.0,6.0,66.6,71.05,74.71,290,0,0.0,0,0.0,0.0,56.41
97.71,44.47,92.72,75.02,75.0,73.76,66.89,60.6,151.0,2.0,76.85,78.13,66.74,280,0,0.0,0,1.0,1.0,70.87
88.9,34.95,71.11,60.63,83.77,71.93,65.39,56.75,93.0,5.0,60.82,52.13,64.77,201,0,0.0,0,1.0,0.0,46.28
49.99,23.65,48.88,44.02,43.51,42.61,56.47,77.0,136.0,8.0,51.54,74.42,64.58,266,0,0.0,0,0.0,0.0,34.04
87.68,52.51,44.3,38.89,79.09,59.05,58.9,55.45,171.0,14.0,36.17,50.97,47.56,243,0,0.0,0,0.0,1.0,51.61
83.06,50.13,52.39,75.91,71.52,63.01,73.09,44.37,137.0,4.0,73.82,66.06,,293,0,1.0,0,0.0,1.0,60.31
53.31,53.1,35.6,11.54,70.55,47.54,61.38,66.75,166.0,5.0,60.65,57.26,70.68,163,0,0.0,0,1.0,1.0,51.25
70.46,73.18,41.44,84.74,81.94,76.2,72.08,60.78,114.0,3.0,58.59,61.17,57.38,175,0,0.0,1,1.0,1.0,76.83
81.73,3.67,78.49,77.99,58.86,53.99,53.41,79.04,114.0,10.0,41.18,76.66,67.55,241,0,0.0,0,1.0,0.0,44.6
70.44,60.91,65.87,96.73,61.42,62.84,62.24,61.49,159.0,5.0,70.5,68.37,71.61,230,0,1.0,1,0.0,1.0,69.26
74.85,49.54,70.25,100.0,78.49,64.79,69.29,54.11,155.0,4.0,64.68,86.91,60.62,199,0,0.0,1,0.0,0.0,61.03
69.87,57.88,57.88,82.26,62.28,61.31,65.95,56.81,139.0,6.0,45.17,59.76,32.09,300,0,0.0,0,0.0,0.0,49.66
69.93,,51.43,55.67,64.87,41.67,49.22,59.07,152.0,5.0,51.62,46.46,59.81,237,0,0.0,0,0.0,0.0,43.29
68.01,53.46,49.14,98.15,63.93,56.12,71.89,60.58,129.0,4.0,66.05,62.06,79.24,192,1,0.0,0,0.0,0.0,55.95
44.77,65.96,27.0,40.48,69.93,41.23,84.37,78.96,121.0,2.0,74.91,88.48,54.7,262,0,1.0,0,1.0,1.0,59.61
68.55,60.6,38.14,29.6,60.75,46.8,,43.53,146.0,8.0,55.2,42.62,71.39,334,0,0.0,0,0.0,0.0,46.32
85.74,44.87,83.69,100.0,64.1,72.88,75.48,71.05,135.0,8.0,,67.76,54.08,212,0,1.0,0,0.0,0.0,65.03
100.0,76.73,81.7,86.12,94.66,82.95,74.12,69.86,148.0,5.0,66.86,62.62,75.53,229,1,1.0,1,,1.0,96.54
67.26,50.81,34.73,35.31,75.47,47.08,59.02,65.84,142.0,13.0,53.18,60.75,49.64,258,1,1.0,0,0.0,1.0,45.91
96.54,51.74,59.79,59.85,68.91,64.39,91.75,74.27,137.0,57.0,85.17,65.87,61.49,235,1,0.0,0,1.0,0.0,69.45
77.19,70.23,45.28,75.48,53.41,59.09,72.47,77.58,174.0,9.0,71.23,88.25,61.39,259,1,0.0,1,0.0,0.0,52.12
71.75,31.83,50.8,47.14,59.72,50.1,60.99,74.37,120.0,5.0,90.72,73.15,60.39,233,1,0.0,0,0.0,0.0,54.13
,68.12,61.08,64.89,61.88,56.83,77.66,65.24,144.0,8.0,72.2,75.27,52.99,275,0,0.0,0,1.0,0.0,56.05
76.94,38.22,77.22,99.55,73.2,57.75,100.0,74.57,142.0,3.0,71.95,69.57,79.09,217,0,0.0,0,1.0,1.0,75.97
83.94,77.5,79.9,99.64,81.29,68.73,49.74,66.19,142.0,7.0,44.92,52.05,48.2,234,1,0.0,0,1.0,1.0,73.11
100.0,37.35,59.94,75.3,53.75,56.18,100.0,86.54,145.0,1.0,95.06,71.92,72.77,225,0,0.0,1,0.0,0.0,70.01
59.7,16.05,63.49,59.96,44.48,39.65,81.09,49.97,,6.0,61.04,84.72,71.69,122,0,0.0,0,0.0,0.0,36.66
94.69,92.79,66.25,93.08,76.09,73.55,71.46,61.45,146.0,2.0,88.64,69.76,66.0,366,1,1.0,1,1.0,1.0,85.57
51.86,40.68,36.96,44.86,36.85,44.71,53.6,69.88,126.0,10.0,49.31,57.9,25.39,409,1,0.0,0,0.0,0.0,36.95
99.98,80.95,63.69,57.03,85.34,87.42,74.04,72.31,122.0,4.0,79.08,76.35,74.21,272,1,1.0,0,0.0,0.0,78.64
73.42,60.01,61.05,31.45,70.01,64.37,85.18,79.73,128.0,4.0,73.1,71.08,71.43,308,0,0.0,0,0.0,0.0,60.61
50.3,74.28,86.33,68.6,71.02,61.63,55.27,49.0,123.0,7.0,48.73,36.67,52.44,279,0,0.0,0,0.0,0.0,59.58
47.98,47.13,34.13,62.56,42.12,43.62,71.01,65.75,152.0,2.0,61.31,62.73,64.16,222,0,0.0,0,0.0,0.0,39.09
59.66,33.41,31.6,51.31,55.88,42.5,49.49,52.9,135.0,4.0,38.74,16.29,47.74,144,0,1.0,0,0.0,0.0,41.88
72.54,59.92,65.79,87.83,56.98,58.89,53.05,65.1,144.0,14.0,66.45,75.27,50.65,124,0,0.0,0,0.0,0.0,53.82
72.07,32.63,41.7,75.11,64.18,59.14,44.52,55.74,111.0,16.0,38.97,51.55,55.48,194,0,1.0,0,1.0,0.0,42.09
46.2,55.56,27.18,65.04,29.48,52.75,64.57,53.44,133.0,7.0,57.54,43.84,60.85,101,0,0.0,0,0.0,0.0,45.63
82.6,29.1,73.3,82.0,94.61,56.0,86.26,70.03,151.0,2.0,84.03,83.09,74.02,209,0,1.0,0,1.0,1.0,64.33
72.31,54.18,36.34,65.35,54.59,61.68,81.78,88.75,160.0,3.0,76.29,89.05,67.27,123,0,0.0,0,0.0,0.0,53.27
78.79,29.43,30.85,70.17,64.34,46.08,60.88,50.8,112.0,11.0,28.37,36.77,49.52,230,0,1.0,0,0.0,1.0,39.95
76.34,61.76,53.87,65.07,76.79,61.36,80.96,81.33,169.0,15.0,53.44,47.74,65.0,403,1,1.0,0,1.0,0.0,53.92
79.51,40.86,48.31,45.04,47.69,53.07,63.56,91.06,165.0,7.0,73.6,70.59,56.22,138,0,0.0,0,0.0,0.0,50.74
77.99,54.74,57.9,89.7,73.95,73.29,44.38,45.49,154.0,6.0,63.46,67.02,63.54,220,0,1.0,0,0.0,0.0,68.04
46.44,55.91,30.97,55.35,56.45,46.84,64.69,57.84,162.0,3.0,61.34,67.25,60.33,236,1,1.0,0,0.0,0.0,55.58
51.85,51.54,43.66,49.07,50.94,49.13,58.03,73.15,131.0,5.0,59.83,70.26,58.78,220,0,1.0,0,1.0,0.0,58.22
39.15,34.67,44.25,49.94,42.55,43.27,52.16,45.85,123.0,15.0,30.48,57.37,49.4,167,0,0.0,0,0.0,0.0,26.24
95.17,83.43,73.53,63.34,100.0,86.61,57.15,65.59,139.0,7.0,48.49,67.95,42.4,354,1,1.0,1,1.0,1.0,74.93
62.06,68.41,45.91,51.7,39.92,55.33,54.67,62.39,143.0,13.0,42.37,34.99,60.04,212,1,0.0,1,1.0,0.0,48.55
58.52,52.68,26.88,56.71,56.62,52.93,83.48,85.63,130.0,7.0,60.92,49.19,53.37,153,0,0.0,0,0.0,0.0,47.42
78.04,55.89,56.07,60.85,55.58,55.09,61.68,54.3,149.0,4.0,73.88,56.16,70.65,296,1,1.0,0,0.0,0.0,60.5
78.63,69.79,45.42,80.14,81.6,55.34,50.48,70.53,162.0,12.0,55.22,56.35,38.62,311,1,1.0,1,0.0,1.0,67.27
43.75,38.04,44.87,53.8,82.85,57.99,65.48,34.82,155.0,8.0,47.6,44.51,72.33,271,0,1.0,0,1.0,0.0,39.22
36.03,28.09,6.66,18.91,30.15,17.55,75.83,78.65,141.0,4.0,62.18,64.36,25.53,148,0,0.0,0,0.0,0.0,35.17
41.29,38.55,65.88,74.78,53.69,44.53,57.41,61.72,94.0,10.0,52.75,80.65,53.08,97,0,0.0,0,0.0,0.0,24.38
72.65,76.93,60.15,74.6,68.6,64.34,100.0,59.33,116.0,4.0,62.19,77.69,69.23,115,0,0.0,0,0.0,0.0,65.5
98.9,64.44,58.14,90.02,86.82,70.88,46.75,53.67,135.0,5.0,64.14,56.77,63.36,190,0,0.0,0,1.0,1.0,70.22
68.3,38.37,18.72,69.25,52.15,40.24,51.84,51.16,149.0,13.0,,84.56,65.55,241,0,0.0,1,0.0,0.0,34.5
100.0,68.1,70.93,74.09,94.11,80.3,51.89,52.33,112.0,2.0,63.86,59.49,66.26,317,1,0.0,1,1.0,1.0,78.26
63.32,43.67,35.78,55.38,59.53,50.9,70.93,72.99,142.0,0.0,83.54,78.14,72.14,253,0,1.0,0,0.0,0.0,58.04
48.28,45.52,42.13,72.07,82.47,54.58,60.84,51.43,151.0,12.0,,59.74,69.15,236,0,1.0,0,1.0,0.0,63.97
84.18,49.17,45.58,100.0,42.95,61.02,88.86,90.03,141.0,1.0,99.91,81.46,69.41,169,0,0.0,0,0.0,0.0,57.86
82.83,77.8,48.75,69.69,70.39,64.29,53.73,43.33,126.0,13.0,,38.5,57.45,202,1,0.0,0,1.0,0.0,58.02
59.83,55.98,39.61,47.16,51.3,46.38,88.04,100.0,116.0,6.0,62.04,95.67,75.89,243,1,0.0,0,1.0,1.0,59.42
49.78,39.13,47.37,87.35,60.38,55.17,63.53,66.36,153.0,10.0,,63.56,58.89,228,1,0.0,0,0.0,0.0,47.03
84.66,58.23,66.33,70.4,75.71,63.87,81.02,70.43,129.0,7.0,80.98,57.97,64.53,286,0,1.0,0,1.0,1.0,69.74
52.02,30.43,71.25,74.76,56.4,46.84,83.57,83.44,171.0,3.0,63.27,90.12,66.35,167,0,0.0,0,0.0,0.0,47.92
65.38,46.06,59.38,50.76,58.07,58.86,69.31,72.66,143.0,10.0,55.89,41.23,60.87,214,1,0.0,0,0.0,1.0,50.23
57.79,45.22,44.95,67.05,63.83,50.34,53.64,36.0,144.0,4.0,54.72,71.42,56.33,213,0,0.0,0,0.0,1.0,50.52
62.99,61.67,41.91,57.97,92.19,55.92,75.73,77.39,156.0,5.0,62.23,67.57,56.64,295,1,1.0,1,1.0,1.0,68.22
52.41,48.06,18.21,41.6,6.98,30.27,95.97,99.57,137.0,2.0,80.48,84.54,64.73,174,0,0.0,0,0.0,0.0,43.82
69.64,41.13,44.83,53.98,80.35,60.86,44.84,68.59,145.0,8.0,46.95,53.13,49.47,209,0,0.0,0,0.0,0.0,39.78
66.32,48.81,34.93,72.09,88.39,59.37,83.45,94.58,130.0,1.0,71.61,100.0,62.64,357,0,1.0,0,0.0,1.0,77.83
100.0,34.61,77.93,82.79,55.67,66.84,75.92,64.19,,2.0,87.44,69.03,84.28,161,1,0.0,0,0.0,0.0,63.96
86.02,,66.13,88.39,68.98,61.28,83.22,59.96,125.0,52.0,53.79,57.28,59.54,300,0,0.0,1,1.0,0.0,54.36
69.61,90.91,58.7,59.67,91.87,,60.3,71.06,130.0,6.0,45.41,41.67,52.4,304,1,1.0,1,1.0,1.0,83.75
74.71,48.15,66.5,63.66,77.31,60.47,55.45,57.19,175.0,7.0,64.74,52.14,45.8,255,0,1.0,0,1.0,1.0,58.3
68.57,39.58,49.88,77.98,82.21,51.22,38.32,25.22,119.0,16.0,17.41,46.79,38.56,265,0,1.0,0,1.0,0.0,50.7
75.38,60.26,39.95,73.06,64.95,54.68,70.22,81.6,151.0,4.0,65.5,60.19,58.82,124,0,0.0,0,0.0,0.0,49.9
73.83,46.74,75.27,48.58,37.75,59.57,62.47,47.97,135.0,9.0,76.09,78.08,69.07,165,0,1.0,0,0.0,0.0,48.03
75.99,69.14,52.81,73.17,84.37,73.72,42.46,31.89,115.0,8.0,60.51,41.07,45.39,258,1,0.0,1,1.0,0.0,59.86
33.49,29.33,45.41,38.2,52.31,29.91,81.89,75.11,156.0,1.0,50.65,58.66,34.85,309,0,0.0,0,0.0,0.0,32.38
52.13,62.27,51.71,65.0,66.75,49.14,64.43,64.21,130.0,11.0,48.7,63.34,34.48,168,1,0.0,0,0.0,1.0,43.99
85.05,49.84,81.13,100.0,55.69,71.38,52.26,59.62,129.0,8.0,59.69,54.22,64.34,210,0,0.0,0,0.0,0.0,56.75
63.73,100.0,54.58,33.38,56.89,60.81,49.24,68.06,156.0,6.0,60.26,45.61,65.26,289,1,0.0,0,0.0,1.0,62.84
67.25,35.47,89.63,59.98,52.45,60.43,53.82,64.99,133.0,7.0,78.88,61.05,69.49,162,1,0.0,0,0.0,0.0,47.54
75.59,80.76,44.22,71.1,86.7,64.91,59.64,61.68,142.0,7.0,77.76,71.21,58.28,262,1,1.0,0,1.0,0.0,62.92
69.31,37.03,61.68,67.11,81.61,61.13,63.01,47.47,138.0,14.0,52.77,39.88,59.25,263,0,1.0,1,1.0,1.0,59.09
60.07,35.95,73.88,86.14,47.69,45.3,83.36,65.45,140.0,3.0,55.64,51.56,36.55,245,1,1.0,0,0.0,0.0,58.27
32.83,16.58,50.27,41.47,24.88,33.16,67.11,67.74,116.0,15.0,45.16,54.0,63.29,238,0,0.0,0,0.0,0.0,18.46
32.1,4.57,18.75,32.65,72.08,14.74,35.48,58.36,150.0,12.0,47.36,41.48,42.0,285,0,0.0,0,0.0,0.0,14.27
82.6,34.35,48.11,62.63,62.43,59.89,64.62,48.98,143.0,1.0,71.57,67.95,70.79,188,0,1.0,0,0.0,1.0,60.07
58.93,54.85,48.86,40.64,64.56,51.63,84.66,55.82,156.0,4.0,65.12,63.27,54.76,185,0,0.0,0,0.0,0.0,52.81
67.24,58.77,39.17,57.8,61.73,56.57,67.63,79.17,141.0,7.0,66.42,87.24,56.79,271,0,0.0,1,0.0,1.0,64.42
52.8,37.57,30.68,49.14,59.36,43.73,70.05,53.75,159.0,0.0,74.28,48.44,55.99,339,0,0.0,0,0.0,1.0,48.24
63.16,48.87,70.32,67.45,43.38,44.32,81.22,59.89,144.0,0.0,72.58,74.53,78.35,270,0,0.0,0,0.0,0.0,57.27
64.03,35.07,50.99,52.2,42.68,54.47,60.75,30.0,163.0,11.0,32.28,50.69,60.59,209,0,0.0,0,0.0,0.0,28.59
68.36,46.49,45.25,54.61,56.6,53.41,60.15,66.21,122.0,8.0,51.79,51.53,52.03,290,1,0.0,0,0.0,0.0,42.55
87.79,46.96,20.95,56.36,59.85,56.91,72.87,62.34,126.0,6.0,65.27,32.58,67.84,235,0,0.0,0,1.0,1.0,51.19
62.55,46.52,45.05,42.13,45.5,42.29,64.91,86.82,171.0,,71.76,68.05,46.08,275,0,0.0,0,0.0,0.0,46.44
80.99,43.5,50.58,55.42,71.85,58.99,81.41,69.22,156.0,6.0,77.16,62.67,54.05,211,0,0.0,0,0.0,0.0,49.86
73.01,36.78,53.39,48.41,77.11,46.84,44.54,61.35,170.0,7.0,56.71,37.71,46.71,248,0,1.0,1,1.0,1.0,58.75
61.86,18.6,38.87,57.12,38.94,40.02,82.06,81.14,152.0,4.0,65.61,48.51,47.21,234,0,0.0,0,0.0,0.0,31.7
47.54,40.11,44.04,77.74,42.81,38.23,61.76,58.1,134.0,8.0,47.06,45.66,30.79,165,0,0.0,0,0.0,0.0,30.42
82.32,75.25,48.29,55.24,71.89,95.08,82.35,76.25,175.0,,89.83,89.71,84.78,354,1,1.0,1,0.0,0.0,80.86
74.3,58.51,33.24,76.53,48.13,57.46,50.14,36.69,104.0,6.0,45.53,61.87,48.34,296,0,0.0,0,0.0,0.0,43.5
73.62,33.0,39.81,68.91,34.61,54.06,60.38,74.66,153.0,6.0,48.32,37.3,43.44,257,1,0.0,0,0.0,0.0,39.74
65.66,70.88,55.28,72.2,82.46,62.61,72.8,60.77,94.0,1.0,66.59,58.44,60.4,271,0,0.0,0,1.0,1.0,63.63
79.82,75.78,47.26,90.07,75.3,70.04,60.91,54.52,166.0,8.0,49.32,64.35,63.76,261,0,0.0,0,1.0,1.0,68.66
76.71,70.76,70.09,70.22,69.75,73.15,57.14,43.65,119.0,,46.12,67.73,57.05,131,0,0.0,0,0.0,0.0,49.71
100.0,67.24,53.36,90.23,57.63,62.81,100.0,98.55,138.0,6.0,72.74,100.0,75.82,317,0,1.0,0,0.0,0.0,67.37
55.56,30.35,25.77,67.89,61.05,38.05,64.44,67.91,122.0,7.0,53.13,76.35,48.01,117,0,0.0,0,1.0,0.0,40.46
60.52,53.71,53.39,67.29,42.38,57.3,72.72,58.61,151.0,5.0,59.08,62.1,78.16,282,0,0.0,0,0.0,0.0,46.33
46.79,46.34,36.34,69.56,60.4,44.48,58.88,53.38,135.0,4.0,49.46,56.65,62.93,183,0,0.0,0,0.0,0.0,48.22
63.77,30.18,58.63,62.74,54.44,44.79,86.23,58.72,167.0,9.0,46.31,56.63,59.04,142,0,0.0,0,0.0,1.0,44.31
100.0,52.63,56.19,85.07,70.68,64.2,74.11,70.76,128.0,3.0,75.21,72.22,58.96,266,0,1.0,0,0.0,1.0,71.41
67.87,25.59,72.41,57.34,51.33,43.74,58.41,50.75,117.0,6.0,53.82,27.85,44.47,269,0,0.0,0,0.0,0.0,42.65
46.8,46.72,18.9,37.95,37.83,24.5,31.88,71.71,126.0,15.0,48.07,65.08,20.21,271,0,0.0,0,0.0,0.0,23.74
72.4,47.37,76.66,56.15,55.63,48.74,55.78,54.72,167.0,,79.01,64.47,48.2,308,0,0.0,0,1.0,0.0,45.61
77.11,51.82,73.9,69.96,70.73,64.45,81.91,75.88,160.0,3.0,70.22,87.98,75.43,191,0,0.0,0,1.0,1.0,69.8
72.21,51.77,36.15,80.03,58.17,58.17,60.61,48.66,159.0,7.0,54.49,65.48,50.46,149,0,0.0,1,0.0,0.0,50.43
80.84,61.71,89.68,67.27,55.27,83.1,71.44,65.83,130.0,3.0,69.58,62.7,70.61,198,0,0.0,0,0.0,0.0,69.31
38.76,13.33,45.95,58.6,30.97,31.86,63.83,41.18,115.0,12.0,49.74,46.43,58.3,184,0,0.0,0,0.0,0.0,15.54
45.54,33.5,34.48,51.52,38.87,29.44,69.2,90.44,165.0,5.0,67.93,86.02,56.45,194,0,0.0,0,0.0,0.0,31.33
65.75,28.52,52.72,52.66,44.06,45.58,62.83,28.23,114.0,11.0,28.11,51.61,47.73,178,0,,0,1.0,0.0,34.02
59.68,58.45,34.58,68.63,40.58,52.66,59.21,62.58,138.0,4.0,62.85,74.4,54.39,204,0,0.0,0,0.0,0.0,47.06
81.14,54.65,54.89,75.84,59.42,66.95,71.2,60.88,128.0,5.0,70.26,83.95,64.3,258,0,0.0,0,0.0,1.0,61.42
85.91,69.82,57.93,78.33,86.29,76.35,87.34,88.93,144.0,0.0,91.43,67.19,88.56,215,0,0.0,0,1.0,0.0,72.53
45.28,43.97,24.44,42.56,40.42,40.52,42.47,42.93,105.0,6.0,60.84,49.55,48.14,233,0,1.0,0,0.0,0.0,35.55
62.94,55.85,36.54,56.01,41.67,48.8,,60.65,,15.0,61.27,65.16,51.21,302,1,0.0,0,0.0,0.0,33.77
47.2,48.0,45.34,31.94,24.67,43.78,62.35,64.37,163.0,9.0,59.47,55.93,39.75,112,0,0.0,0,0.0,0.0,30.68
52.43,44.29,58.06,47.33,73.64,44.33,72.37,42.68,159.0,4.0,50.73,48.29,58.98,224,0,0.0,0,0.0,1.0,54.05
67.21,64.79,48.93,72.06,79.77,49.29,48.0,45.33,117.0,12.0,43.65,58.98,50.24,142,1,0.0,0,1.0,0.0,55.31
74.83,41.25,63.15,60.01,80.37,72.21,100.0,37.77,152.0,6.0,48.56,48.69,57.33,169,0,1.0,0,0.0,1.0,70.07
87.86,77.88,56.79,68.28,89.47,72.39,78.64,58.19,138.0,11.0,69.37,57.75,69.0,414,1,1.0,1,1.0,1.0,84.26
78.79,44.37,43.78,61.18,65.74,58.51,63.42,66.62,139.0,9.0,55.45,60.1,60.97,228,0,1.0,0,1.0,0.0,57.33
69.74,76.26,60.67,100.0,71.92,51.27,72.36,67.31,170.0,6.0,65.92,44.22,57.21,258,0,1.0,0,0.0,0.0,54.71
72.36,39.68,49.37,75.75,44.93,60.73,30.29,34.32,126.0,17.0,22.64,39.64,59.44,117,0,0.0,0,0.0,0.0,29.73
56.33,38.73,38.24,75.94,85.37,58.26,71.72,46.7,152.0,,53.2,56.79,75.0,218,0,1.0,0,0.0,1.0,53.26
62.61,16.96,65.61,59.22,57.1,37.95,67.09,72.65,108.0,3.0,80.54,81.47,43.38,256,0,0.0,0,1.0,1.0,52.68
74.54,37.0,37.36,58.93,48.85,46.36,79.55,54.97,142.0,3.0,74.65,79.69,59.52,258,0,0.0,0,0.0,0.0,51.82
49.46,23.69,62.41,36.02,46.16,42.89,62.33,59.17,155.0,8.0,46.99,59.82,59.33,233,0,0.0,0,0.0,0.0,29.17
64.88,62.82,56.15,69.94,66.7,51.86,64.91,60.89,136.0,11.0,50.93,64.51,53.83,195,0,0.0,0,0.0,1.0,65.05
72.23,56.38,57.63,74.67,70.7,64.06,76.07,47.3,152.0,9.0,53.77,52.52,70.81,314,1,0.0,1,1.0,0.0,61.81
65.26,33.1,45.65,41.67,62.75,53.69,82.65,80.83,127.0,2.0,83.12,78.22,60.99,247,0,0.0,0,,0.0,50.42
90.14,66.73,55.82,83.23,72.36,70.8,74.15,92.9,132.0,1.0,90.28,100.0,56.99,142,1,0.0,1,0.0,0.0,67.84
49.14,51.49,28.6,39.74,35.53,30.32,69.41,53.0,137.0,6.0,59.22,70.05,56.51,217,0,1.0,0,0.0,0.0,36.0
58.8,27.84,61.65,56.7,65.19,43.05,76.96,97.53,131.0,7.0,83.89,99.93,58.44,138,0,0.0,0,0.0,0.0,41.54
54.07,64.0,43.37,47.91,45.38,48.44,72.55,66.41,156.0,6.0,53.56,45.0,82.12,132,0,0.0,0,0.0,0.0,56.68
78.94,66.08,49.24,51.88,74.0,60.72,52.81,71.21,157.0,13.0,57.13,61.73,64.8,264,1,0.0,0,1.0,0.0,63.3
91.13,91.58,80.0,72.03,74.55,77.99,48.4,56.93,148.0,4.0,68.3,55.61,52.18,186,1,0.0,1,0.0,1.0,75.39
84.56,76.8,47.03,67.53,93.32,68.57,72.25,75.9,94.0,6.0,58.98,67.56,71.71,313,0,1.0,1,1.0,1.0,77.4
44.53,37.54,37.43,58.34,32.45,27.11,89.96,97.74,137.0,4.0,66.71,65.0,55.73,236,0,0.0,0,0.0,0.0,36.3
72.06,45.61,57.82,52.78,62.59,60.32,41.94,61.04,151.0,6.0,65.96,77.2,58.79,80,0,0.0,0,0.0,0.0,46.3
68.07,46.14,55.14,82.42,41.51,56.8,56.93,38.44,135.0,7.0,48.29,57.39,46.22,298,1,0.0,1,0.0,0.0,51.31
79.28,62.01,48.69,95.17,66.14,66.56,60.28,61.2,134.0,9.0,37.68,72.59,59.24,213,0,0.0,0,0.0,1.0,65.71
70.77,54.0,44.85,75.64,83.28,62.28,81.85,79.06,158.0,3.0,85.57,88.17,81.57,300,0,1.0,0,1.0,1.0,79.17
,46.58,64.99,69.38,64.15,58.71,78.74,94.33,159.0,2.0,75.51,51.75,74.83,277,0,0.0,0,0.0,0.0,52.65
62.73,22.61,45.54,40.73,74.63,42.4,65.52,64.57,150.0,4.0,57.08,73.66,63.44,129,0,0.0,0,0.0,0.0,46.05
49.21,48.03,69.8,64.66,57.74,46.59,52.61,50.94,110.0,14.0,36.94,42.71,77.08,224,0,0.0,0,1.0,0.0,42.36
74.0,46.48,50.76,84.79,62.38,66.57,58.71,42.16,118.0,5.0,59.26,56.46,55.27,278,0,0.0,0,1.0,0.0,51.54
46.44,60.34,50.42,49.23,62.76,50.5,77.56,86.26,148.0,8.0,60.92,88.7,78.25,228,0,0.0,0,1.0,1.0,46.08
50.89,34.27,50.54,50.93,42.14,32.42,76.11,49.71,103.0,4.0,63.66,69.57,56.36,302,0,0.0,0,0.0,0.0,27.46
58.71,62.33,55.21,63.15,65.63,56.64,59.52,69.3,168.0,5.0,62.06,58.92,53.11,175,1,0.0,0,0.0,0.0,55.62
83.99,76.7,38.04,70.92,70.09,52.24,75.46,98.78,143.0,1.0,87.86,92.23,65.5,245,1,0.0,0,0.0,1.0,67.47
60.83,53.04,20.66,47.79,59.57,47.52,73.78,100.0,128.0,4.0,62.82,76.36,67.26,263,1,1.0,1,0.0,0.0,53.17
76.25,60.19,33.73,72.73,76.07,59.87,64.73,58.05,129.0,9.0,68.1,62.49,57.4,383,0,1.0,0,1.0,1.0,66.72
93.86,72.87,71.5,76.9,78.99,71.73,63.51,42.23,161.0,9.0,63.39,77.81,44.66,278,1,0.0,0,0.0,1.0,67.54
52.74,51.42,41.63,37.6,57.62,40.97,54.9,49.33,115.0,13.0,46.01,42.38,54.73,201,0,0.0,0,0.0,0.0,36.28
,24.93,36.94,52.92,30.87,35.3,73.29,58.04,106.0,6.0,36.68,57.08,50.48,327,0,0.0,0,0.0,0.0,13.74
63.35,70.83,31.86,44.55,54.33,51.6,44.53,48.62,118.0,7.0,65.83,58.06,45.83,261,0,0.0,1,0.0,0.0,44.62
70.67,29.7,87.41,66.0,55.14,45.44,57.21,21.74,143.0,4.0,46.3,36.16,36.22,212,0,1.0,0,0.0,0.0,39.78
51.3,45.0,45.73,70.71,34.56,51.69,44.33,40.06,165.0,16.0,42.78,21.46,50.46,219,1,0.0,0,0.0,0.0,36.74
80.68,73.57,54.71,67.07,64.62,59.64,91.34,64.32,165.0,3.0,65.11,53.49,81.82,272,0,0.0,0,0.0,0.0,59.9
55.56,37.03,83.81,82.38,43.59,45.75,65.12,59.11,131.0,12.0,29.38,39.16,39.13,150,0,0.0,0,0.0,0.0,33.82
69.53,64.14,39.38,70.74,62.83,65.21,80.11,60.7,146.0,3.0,87.54,100.0,74.75,291,1,0.0,1,0.0,0.0,74.64
63.19,33.44,40.29,49.35,60.72,52.54,65.31,64.56,145.0,4.0,,45.66,75.16,313,0,0.0,0,1.0,0.0,43.22
84.01,57.41,81.77,98.59,78.97,69.97,100.0,82.01,148.0,2.0,,79.76,90.75,342,1,1.0,1,1.0,0.0,87.74
100.0,55.94,78.47,70.78,69.79,64.43,55.35,35.39,102.0,1.0,81.5,58.91,62.54,193,0,0.0,0,0.0,1.0,55.4
61.24,27.36,44.27,81.98,70.71,43.76,56.92,61.59,132.0,5.0,37.48,56.44,45.38,210,0,0.0,0,1.0,1.0,47.11
80.97,47.03,61.93,77.17,65.99,58.83,65.08,93.04,153.0,2.0,72.41,87.05,56.99,285,0,0.0,0,1.0,0.0,63.57
51.4,7.24,58.72,54.85,15.96,41.08,79.53,93.39,175.0,15.0,47.71,77.31,55.43,227,0,0.0,0,0.0,0.0,18.7
44.47,51.36,45.02,51.54,51.2,52.98,50.02,52.28,144.0,9.0,31.09,58.59,42.31,377,0,0.0,0,1.0,0.0,39.73
82.85,22.64,63.45,65.84,46.93,53.44,49.11,50.93,156.0,13.0,67.19,70.39,50.88,169,0,0.0,0,0.0,0.0,38.22
67.04,39.76,58.95,71.5,27.27,52.75,71.3,51.97,156.0,8.0,63.48,33.9,58.5,276,1,0.0,0,0.0,0.0,48.12
85.24,75.18,70.35,66.15,89.71,72.66,70.02,66.92,133.0,4.0,57.06,57.05,49.5,290,1,,1,1.0,1.0,83.2
63.68,58.79,37.82,68.78,63.27,48.62,57.09,57.76,114.0,11.0,55.44,50.65,50.56,117,1,1.0,0,0.0,0.0,51.45
53.36,29.78,60.15,71.47,35.79,35.49,65.62,48.64,159.0,7.0,40.0,50.5,73.82,284,0,0.0,0,0.0,0.0,37.44
62.6,35.26,66.46,49.52,44.51,51.05,58.33,45.45,171.0,21.0,32.19,48.47,35.0,192,0,0.0,0,0.0,0.0,25.58
58.94,58.55,88.78,86.89,67.25,70.25,43.88,57.4,128.0,5.0,65.33,42.6,73.56,290,0,0.0,0,0.0,0.0,51.62
76.25,37.64,64.27,70.94,71.74,55.8,41.55,81.24,157.0,6.0,72.64,96.23,64.01,269,0,0.0,0,0.0,1.0,65.44
24.23,42.83,17.82,33.98,27.1,34.32,59.01,76.58,141.0,13.0,32.45,67.41,49.39,237,0,0.0,0,,0.0,22.68
78.19,62.82,46.93,59.81,46.08,54.64,55.77,67.79,113.0,12.0,65.52,52.34,50.96,195,0,0.0,0,0.0,0.0,41.83
87.23,55.59,42.65,100.0,72.3,64.62,73.27,38.28,141.0,1.0,78.14,50.26,77.46,188,0,0.0,0,0.0,0.0,70.44
48.87,61.7,10.55,65.92,56.21,42.57,52.68,54.75,127.0,4.0,47.13,41.29,65.51,337,0,0.0,0,0.0,0.0,35.76
82.89,54.99,61.3,89.67,76.81,73.89,86.91,83.99,150.0,1.0,72.22,62.86,85.95,280,0,1.0,0,0.0,1.0,76.81
70.69,58.05,41.65,65.86,58.89,58.29,53.48,57.28,145.0,4.0,56.06,45.02,57.83,347,0,0.0,0,0.0,1.0,53.73
60.43,37.38,81.07,77.13,59.99,56.32,61.26,80.71,127.0,7.0,75.28,85.43,61.14,210,0,0.0,0,0.0,0.0,54.28
52.28,35.89,76.84,68.34,50.35,51.56,70.12,62.34,116.0,7.0,65.19,47.67,53.59,232,0,0.0,0,0.0,0.0,43.56
67.39,44.87,39.45,57.05,70.54,44.9,53.9,60.02,129.0,12.0,60.47,79.03,52.4,312,0,1.0,0,1.0,1.0,53.18
49.71,37.48,26.85,47.08,60.17,27.28,40.03,64.49,163.0,2.0,45.92,51.99,42.77,277,0,0.0,0,0.0,1.0,42.19
60.08,51.51,62.61,72.93,72.93,54.82,50.23,62.23,116.0,13.0,40.32,61.11,50.37,99,0,1.0,0,0.0,0.0,40.93
75.97,70.79,83.74,98.17,86.71,74.05,57.45,65.43,151.0,6.0,51.91,63.34,61.13,217,1,0.0,0,0.0,0.0,62.14
69.32,61.53,33.49,63.85,92.67,62.61,57.25,48.24,149.0,4.0,59.68,65.03,58.42,311,0,1.0,0,1.0,1.0,65.32
56.41,,29.98,40.25,69.62,48.44,64.18,89.57,129.0,9.0,56.71,78.55,73.65,340,0,1.0,0,0.0,0.0,52.43
34.36,47.48,24.54,74.28,48.99,36.2,68.85,70.77,124.0,1.0,59.66,65.59,54.51,253,0,0.0,1,0.0,0.0,29.56
76.45,5.4,79.5,97.2,77.85,39.62,77.86,86.04,152.0,6.0,80.2,91.61,63.18,253,0,1.0,0,1.0,1.0,59.3
82.85,45.95,56.18,79.62,52.18,61.69,69.65,68.56,139.0,4.0,67.91,80.16,40.37,252,0,0.0,0,0.0,0.0,50.18
75.62,60.65,67.05,97.06,94.11,71.72,43.53,37.43,127.0,6.0,44.77,49.18,64.83,478,1,1.0,1,1.0,0.0,79.09
100.0,68.59,87.59,84.87,66.31,82.26,84.18,62.53,150.0,4.0,86.68,71.66,86.44,309,1,1.0,1,0.0,1.0,78.13
59.58,37.47,42.26,55.04,71.12,48.88,68.7,63.18,169.0,4.0,64.78,58.07,,221,0,0.0,0,1.0,0.0,45.58
56.4,48.75,43.18,43.37,75.63,57.45,89.06,71.03,165.0,1.0,77.38,75.15,76.92,283,0,0.0,0,1.0,0.0,52.5
74.09,66.61,32.92,50.53,75.51,54.66,72.12,81.63,142.0,2.0,,99.81,54.36,243,0,1.0,1,0.0,0.0,64.58
64.54,57.65,36.12,60.87,33.93,47.9,60.12,38.66,90.0,9.0,55.12,60.06,50.59,231,0,0.0,0,0.0,0.0,39.79
60.48,16.57,72.46,70.36,51.72,49.54,75.06,47.58,136.0,9.0,59.19,55.61,77.34,269,0,0.0,0,1.0,0.0,50.29
92.05,76.77,50.14,71.72,85.61,75.78,75.07,61.84,122.0,3.0,70.97,46.41,58.03,218,0,0.0,1,1.0,1.0,80.0
57.46,37.83,51.93,54.01,57.43,50.41,66.35,50.29,136.0,4.0,53.56,60.94,42.73,173,0,0.0,0,0.0,0.0,39.82
50.51,34.19,59.51,81.16,61.79,52.48,76.16,75.49,134.0,2.0,61.97,85.27,47.05,328,0,0.0,0,0.0,0.0,46.86
57.79,39.8,42.21,50.01,59.84,48.21,62.76,77.95,133.0,10.0,70.94,73.52,55.78,140,0,0.0,1,0.0,0.0,38.75
76.84,50.86,67.44,70.34,55.18,58.97,75.01,75.03,160.0,1.0,74.63,79.72,82.32,157,0,0.0,0,0.0,0.0,67.2
54.44,48.92,40.56,51.44,77.63,55.95,68.01,56.42,135.0,5.0,,55.62,63.04,215,0,0.0,0,0.0,0.0,48.69
57.88,49.03,53.95,81.76,58.56,43.47,88.99,85.56,137.0,3.0,76.66,93.09,76.23,186,0,1.0,0,0.0,0.0,66.86
81.03,41.51,62.47,72.82,75.4,57.64,65.06,50.69,148.0,0.0,75.55,72.64,42.87,296,0,1.0,0,0.0,1.0,63.27
81.28,28.64,61.68,67.03,71.23,66.65,32.92,53.02,115.0,11.0,49.56,52.48,42.39,241,0,0.0,0,0.0,0.0,43.45
83.81,73.26,29.82,97.33,64.81,59.45,43.51,39.69,130.0,11.0,49.07,19.02,44.54,298,1,0.0,0,0.0,0.0,47.44
44.26,51.97,55.27,100.0,61.5,52.41,79.84,77.8,116.0,6.0,85.75,78.17,83.66,276,0,0.0,0,0.0,0.0,55.04
73.58,74.8,40.53,76.66,69.97,70.84,77.66,69.65,152.0,4.0,54.72,50.07,69.18,270,1,0.0,1,0.0,1.0,71.99
56.93,20.14,40.16,65.8,52.48,40.57,47.68,57.52,141.0,11.0,76.14,71.84,50.44,283,0,0.0,0,0.0,0.0,31.29
49.07,53.98,27.13,42.7,67.27,40.31,48.96,36.02,174.0,14.0,33.41,57.03,44.65,89,0,0.0,0,0.0,1.0,28.25
83.26,43.75,66.49,81.65,58.41,68.51,47.3,45.16,107.0,15.0,56.82,76.13,55.19,248,1,0.0,0,0.0,0.0,46.65
64.29,36.03,53.61,57.26,48.44,46.68,61.06,64.33,156.0,16.0,37.65,49.74,69.73,97,0,0.0,0,0.0,0.0,30.63
51.17,63.45,47.01,69.67,51.42,50.41,81.19,69.1,110.0,9.0,49.35,68.91,79.53,251,1,0.0,1,0.0,0.0,54.22
42.58,36.7,30.77,52.92,83.21,,67.61,64.42,121.0,6.0,58.16,60.11,61.55,336,1,0.0,1,1.0,1.0,59.22
66.73,79.26,70.8,84.02,70.33,67.74,80.48,71.0,103.0,2.0,67.56,75.6,80.12,216,1,1.0,1,1.0,0.0,65.85
59.52,19.63,74.09,73.84,64.3,55.3,62.05,86.25,,7.0,56.87,55.88,52.17,120,0,1.0,0,0.0,0.0,37.64
67.64,44.91,53.0,94.01,81.61,56.96,67.45,34.33,144.0,4.0,71.65,46.62,67.28,169,0,0.0,0,0.0,1.0,58.44
53.22,35.96,48.36,80.2,41.53,37.51,42.37,43.05,130.0,17.0,53.78,39.34,23.57,293,0,1.0,0,0.0,0.0,34.58
76.32,72.29,34.27,95.46,78.72,61.39,52.3,43.72,98.0,8.0,47.81,50.95,50.37,317,1,1.0,1,1.0,1.0,57.25
60.19,27.41,32.6,65.09,38.73,36.46,91.29,86.78,133.0,19.0,62.17,97.43,45.01,173,0,0.0,0,0.0,0.0,36.98
72.98,64.62,51.57,59.61,41.0,54.6,78.89,89.38,143.0,6.0,85.13,78.87,73.07,231,0,0.0,1,0.0,0.0,62.92
86.09,84.14,75.68,89.16,66.37,72.36,92.28,87.96,126.0,4.0,73.98,84.79,75.85,179,1,0.0,0,1.0,1.0,88.33
83.62,37.77,55.78,61.68,58.75,66.28,60.39,51.72,138.0,11.0,61.02,60.29,69.43,234,0,0.0,0,0.0,0.0,49.99
40.91,34.43,71.03,46.36,38.1,44.72,66.47,43.93,159.0,12.0,61.89,62.08,62.23,152,0,0.0,0,0.0,0.0,41.02
37.95,42.6,44.39,75.37,41.47,31.19,74.13,79.96,130.0,2.0,42.47,52.17,60.36,248,0,0.0,1,0.0,0.0,43.3
69.04,59.99,37.8,78.06,69.93,57.77,57.78,46.19,118.0,4.0,60.28,55.64,49.88,183,1,1.0,0,0.0,0.0,66.03
70.9,50.11,89.43,77.87,46.52,61.78,58.07,56.12,137.0,11.0,52.75,76.78,39.68,245,1,0.0,0,0.0,0.0,48.95
29.22,51.83,11.9,54.57,58.33,43.28,70.3,92.6,172.0,6.0,69.39,88.98,77.28,230,0,1.0,1,1.0,1.0,56.12
65.5,51.69,59.22,67.02,78.96,58.34,85.3,68.42,151.0,0.0,75.39,85.67,64.15,339,0,1.0,0,1.0,0.0,66.31
66.36,44.86,22.75,24.29,73.07,45.1,62.38,64.68,111.0,5.0,59.63,73.68,53.61,187,0,0.0,0,1.0,0.0,46.41
71.79,59.62,27.2,44.05,59.09,62.57,60.93,55.16,163.0,7.0,74.7,51.24,73.98,112,0,0.0,0,1.0,0.0,38.62
62.26,38.41,58.52,65.79,62.35,45.94,58.34,91.73,131.0,17.0,59.54,79.08,50.15,249,0,0.0,0,0.0,0.0,38.67
57.45,45.41,43.13,43.54,42.77,49.57,49.68,60.39,133.0,9.0,42.91,71.94,36.93,125,0,0.0,0,0.0,0.0,36.68
80.99,53.88,65.49,62.4,60.77,62.19,67.67,55.95,116.0,10.0,62.11,73.86,83.92,271,1,1.0,0,0.0,0.0,63.72
52.41,34.46,39.56,44.91,61.19,40.19,76.81,91.33,143.0,2.0,88.63,60.71,57.13,252,0,0.0,0,1.0,0.0,51.32
33.14,18.42,26.05,36.36,30.93,22.22,79.27,73.83,106.0,7.0,68.66,58.41,71.08,80,0,0.0,0,0.0,0.0,20.5
67.51,77.35,27.03,54.98,43.79,61.08,44.59,58.83,116.0,13.0,58.49,83.54,57.94,164,1,0.0,1,0.0,0.0,46.42
68.65,44.48,96.44,80.07,67.35,67.79,70.68,38.88,151.0,16.0,51.87,59.52,,281,0,0.0,0,0.0,0.0,59.21
71.66,80.21,71.41,90.21,60.24,72.63,77.26,63.3,143.0,8.0,56.57,59.51,78.6,300,1,0.0,1,0.0,0.0,58.01
91.17,77.7,69.22,69.68,72.47,78.7,33.04,63.68,121.0,4.0,58.26,49.55,53.13,278,1,1.0,1,0.0,0.0,71.14
46.73,57.95,38.82,55.43,65.74,50.82,45.01,47.45,133.0,9.0,46.8,60.94,54.2,164,0,1.0,0,0.0,0.0,32.78
68.83,73.61,49.72,53.01,78.58,55.95,73.89,64.62,153.0,6.0,66.36,71.97,83.05,416,0,1.0,1,0.0,0.0,72.18
66.76,71.5,93.17,72.97,69.15,60.62,63.41,89.58,146.0,3.0,79.43,70.1,77.55,257,1,0.0,0,0.0,0.0,64.43
70.44,88.62,43.85,77.08,51.92,72.07,43.58,52.0,148.0,8.0,66.48,56.48,71.34,293,1,0.0,1,0.0,0.0,67.92
62.13,23.55,56.17,58.99,38.72,45.2,75.22,58.52,119.0,4.0,61.13,67.75,65.51,167,0,0.0,0,0.0,0.0,31.7
81.13,60.97,62.0,82.51,65.82,65.73,69.53,65.29,127.0,12.0,69.88,81.37,65.36,176,0,0.0,0,1.0,0.0,69.42
88.36,64.12,60.2,97.22,85.82,82.74,48.8,45.92,172.0,12.0,45.1,56.03,52.69,340,1,0.0,0,1.0,1.0,64.71
82.71,46.48,65.45,84.9,74.07,58.01,71.69,64.6,133.0,6.0,59.56,73.03,78.01,233,0,0.0,0,1.0,1.0,63.08
71.98,46.38,27.23,52.23,56.45,33.36,67.63,94.62,131.0,11.0,81.2,62.88,50.04,253,0,0.0,0,1.0,1.0,49.44
93.98,26.93,87.9,72.82,62.87,53.49,67.69,73.24,142.0,6.0,78.37,74.71,57.96,215,0,0.0,0,0.0,1.0,63.61
71.96,73.63,24.28,45.91,75.42,53.79,48.32,46.87,141.0,3.0,59.65,56.97,53.19,356,1,0.0,1,1.0,0.0,51.03
74.89,60.42,63.54,65.59,68.77,63.63,86.24,74.33,124.0,5.0,62.71,62.4,54.86,202,0,0.0,0,0.0,0.0,62.08
71.28,51.32,61.71,89.46,70.95,70.05,65.52,63.81,94.0,14.0,57.96,75.73,60.64,307,0,1.0,1,1.0,0.0,60.79
49.98,67.81,19.92,80.04,44.15,51.78,84.67,79.11,136.0,2.0,55.87,77.52,55.58,210,0,0.0,1,0.0,0.0,50.4
80.95,61.24,51.95,60.6,62.32,45.58,64.89,51.07,139.0,8.0,61.25,65.07,41.16,185,1,1.0,1,0.0,0.0,56.55
52.9,35.81,56.8,59.18,53.06,63.74,84.21,59.68,110.0,4.0,81.04,72.51,60.0,148,0,0.0,0,0.0,0.0,47.11
80.14,20.22,41.04,41.63,60.67,44.47,63.19,59.35,144.0,1.0,57.64,41.52,53.48,271,0,1.0,0,0.0,0.0,43.01
62.55,72.71,71.6,59.97,78.09,72.69,69.91,63.67,146.0,6.0,81.91,73.59,81.71,241,1,1.0,1,0.0,1.0,71.75
70.11,61.42,72.75,81.2,57.71,66.53,68.21,69.88,157.0,1.0,,61.39,61.02,220,1,0.0,0,0.0,0.0,64.09
68.93,31.22,56.81,57.49,37.83,47.46,58.18,61.98,118.0,5.0,55.06,55.06,41.81,305,0,0.0,0,0.0,0.0,42.79
70.76,42.61,49.61,36.89,60.83,49.81,45.67,32.28,143.0,3.0,47.41,66.7,41.52,192,0,0.0,0,0.0,0.0,42.0
36.6,2.77,52.73,87.3,24.73,24.99,66.29,55.43,149.0,7.0,59.87,47.5,51.19,331,0,0.0,0,0.0,0.0,19.27
54.7,54.92,51.38,68.88,74.84,47.44,64.75,61.93,166.0,3.0,58.22,57.91,66.94,247,0,1.0,0,1.0,0.0,62.46
67.17,42.88,65.48,52.66,46.55,51.51,72.13,50.46,155.0,9.0,52.28,59.67,67.79,172,0,0.0,1,0.0,0.0,48.17
80.08,63.77,35.27,65.52,92.7,54.92,93.54,66.64,162.0,7.0,48.82,85.32,68.06,375,0,1.0,1,1.0,1.0,67.86
81.91,63.91,40.44,59.49,52.81,67.82,58.26,67.4,141.0,8.0,53.95,54.62,75.45,272,0,1.0,0,0.0,0.0,48.61
61.06,63.45,33.56,68.8,69.06,54.95,62.44,55.95,131.0,4.0,78.06,56.66,56.27,320,1,0.0,1,0.0,0.0,55.73
61.7,61.15,49.08,56.74,52.79,66.07,51.53,73.55,160.0,9.0,54.28,69.76,45.79,131,0,0.0,1,0.0,0.0,45.69
56.92,24.51,68.15,69.27,51.39,45.46,62.65,71.0,116.0,9.0,58.4,70.75,51.24,97,0,0.0,0,1.0,0.0,32.03
87.9,52.15,44.76,90.35,74.75,59.97,74.12,64.16,168.0,5.0,82.59,72.45,80.73,80,1,0.0,0,0.0,0.0,62.09
85.2,59.61,50.48,48.49,76.66,66.24,58.6,63.14,152.0,3.0,62.02,59.32,68.42,127,0,0.0,0,0.0,1.0,54.97
100.0,66.69,51.91,74.91,93.06,71.71,76.49,92.89,135.0,6.0,71.08,76.82,81.95,201,1,1.0,1,0.0,1.0,77.42
94.29,100.0,47.03,99.03,94.76,86.84,74.3,61.74,112.0,3.0,72.62,61.59,75.51,345,1,1.0,1,1.0,1.0,93.64
49.84,23.11,47.7,51.18,61.03,50.53,80.62,69.48,140.0,9.0,69.16,64.93,65.4,185,0,0.0,0,0.0,0.0,43.47
56.0,49.5,74.62,54.55,46.3,59.73,61.21,70.15,127.0,5.0,56.74,55.78,56.64,181,0,0.0,1,0.0,0.0,42.22
92.58,46.65,81.34,69.34,72.28,76.83,99.23,78.66,115.0,1.0,82.6,78.23,74.0,140,0,0.0,0,0.0,1.0,71.97
63.77,70.71,67.6,59.8,58.85,66.17,77.7,71.54,131.0,5.0,74.78,71.93,70.48,288,1,0.0,0,0.0,,59.3
50.51,41.93,60.61,59.52,74.48,48.7,71.13,56.37,156.0,6.0,62.39,48.51,56.69,278,0,1.0,0,0.0,1.0,64.14
58.46,64.27,49.76,43.28,59.2,60.35,54.28,37.27,137.0,7.0,56.0,59.6,51.85,150,1,0.0,0,,0.0,63.0
62.1,64.14,50.93,68.64,72.98,63.08,68.84,66.77,135.0,7.0,74.61,76.37,72.16,231,1,0.0,0,1.0,0.0,59.96
26.01,66.03,25.03,61.04,47.29,36.36,58.47,41.23,110.0,20.0,44.17,55.8,47.83,132,0,0.0,0,0.0,0.0,20.45
69.11,41.21,65.5,63.29,65.59,53.57,71.89,53.6,137.0,10.0,42.44,56.41,70.55,357,0,1.0,0,0.0,0.0,52.23
57.04,22.35,55.68,66.14,38.73,42.27,,43.94,165.0,12.0,36.09,49.96,35.09,216,0,0.0,1,0.0,,34.34
100.0,44.06,84.39,73.79,50.7,74.14,64.21,47.82,140.0,6.0,64.84,45.48,62.8,227,0,0.0,0,0.0,0.0,60.46
34.07,50.27,52.56,41.34,56.78,44.53,79.47,77.1,135.0,2.0,63.99,97.04,42.63,202,0,0.0,1,0.0,0.0,39.57
60.96,51.78,37.63,59.16,70.25,51.74,67.66,57.79,153.0,10.0,32.95,30.97,43.17,252,0,1.0,0,0.0,0.0,52.37
81.15,48.44,78.58,75.03,61.93,63.4,76.0,83.46,163.0,4.0,86.69,78.47,77.22,234,0,0.0,1,0.0,0.0,62.35
83.18,49.07,68.94,73.7,73.58,62.74,69.94,60.87,165.0,3.0,64.64,56.58,72.47,82,0,0.0,0,0.0,0.0,48.19
63.83,59.61,77.93,79.67,50.17,53.9,69.11,84.49,146.0,12.0,79.87,78.92,70.69,206,0,0.0,0,0.0,0.0,62.44
62.22,48.12,65.96,52.14,57.13,59.0,40.66,34.06,106.0,15.0,47.72,53.38,63.14,393,0,0.0,0,0.0,0.0,46.11
56.05,55.06,23.25,49.38,61.31,40.09,51.82,67.9,155.0,9.0,69.43,50.74,56.34,140,0,0.0,0,0.0,1.0,41.24
59.67,69.49,28.78,71.5,35.38,49.73,75.78,100.0,133.0,6.0,72.87,75.38,63.57,263,0,0.0,0,0.0,0.0,54.25
50.16,36.47,28.11,68.69,37.03,36.39,83.96,85.77,132.0,17.0,77.14,67.12,68.03,237,0,0.0,0,0.0,0.0,41.65
56.33,45.61,15.68,56.67,47.88,45.52,62.21,59.01,121.0,2.0,64.3,70.79,47.72,195,0,0.0,0,0.0,0.0,47.0
64.42,57.14,52.13,80.53,55.15,54.1,64.23,42.21,149.0,6.0,61.65,52.67,42.27,147,0,0.0,0,0.0,0.0,45.93
29.54,61.32,7.42,42.98,50.83,29.41,68.25,35.26,157.0,5.0,44.42,48.13,43.24,245,1,0.0,0,0.0,0.0,28.54
48.25,30.66,50.11,27.12,45.73,45.35,56.09,52.94,126.0,5.0,43.48,44.36,46.4,208,0,1.0,0,0.0,0.0,35.67
69.93,46.77,46.07,59.26,47.77,46.05,73.69,79.55,152.0,2.0,83.2,78.58,64.11,203,0,0.0,0,,0.0,49.16
56.34,46.34,41.78,62.38,47.36,47.62,85.4,79.71,162.0,1.0,67.56,100.0,56.24,255,1,0.0,0,0.0,1.0,43.74
,52.78,42.82,83.86,70.48,67.65,61.01,80.47,145.0,13.0,58.51,62.04,56.2,215,0,1.0,0,1.0,1.0,65.81
81.43,18.47,46.4,57.71,51.56,43.37,63.67,58.26,139.0,13.0,61.04,73.01,62.24,193,0,0.0,0,0.0,0.0,30.02
71.34,68.08,36.58,64.15,68.31,57.64,100.0,64.4,141.0,1.0,73.85,78.79,61.79,281,1,0.0,1,0.0,0.0,62.51
71.35,41.87,80.81,60.26,64.23,57.27,56.34,67.04,126.0,3.0,52.68,63.17,54.67,208,0,0.0,0,0.0,0.0,55.57
100.0,80.41,49.41,75.73,91.37,76.65,,50.4,154.0,4.0,63.29,71.2,64.5,196,1,1.0,1,1.0,1.0,87.98
39.65,32.86,35.55,32.81,50.68,35.63,70.02,74.12,160.0,7.0,68.84,69.01,38.16,217,0,0.0,0,0.0,0.0,35.45
59.8,27.76,72.56,53.17,27.68,50.93,54.15,59.25,140.0,5.0,60.82,60.89,50.11,241,0,0.0,0,0.0,0.0,43.63
80.71,43.46,62.94,67.46,45.11,52.89,66.15,54.16,131.0,14.0,65.54,69.69,50.75,260,0,0.0,0,0.0,0.0,49.2
71.4,18.38,54.96,58.15,61.84,56.16,46.66,64.35,145.0,5.0,61.67,56.34,49.76,257,0,1.0,0,1.0,0.0,52.84
60.2,22.16,50.63,49.96,39.33,51.01,79.06,81.13,125.0,12.0,56.22,78.53,62.08,143,0,0.0,0,0.0,0.0,35.22
74.84,57.09,58.83,55.63,64.19,61.19,72.72,82.46,163.0,8.0,82.19,93.66,46.56,159,1,0.0,1,0.0,0.0,58.8
48.18,37.69,42.32,49.65,80.14,42.09,80.82,41.35,162.0,4.0,65.19,83.23,70.57,207,0,1.0,1,0.0,0.0,43.24
82.13,53.31,38.6,58.88,67.67,57.16,74.91,40.52,149.0,1.0,74.0,45.51,95.91,299,0,1.0,0,0.0,0.0,62.88
51.6,42.36,59.26,72.26,32.13,45.61,52.19,85.78,130.0,9.0,49.59,42.99,39.87,154,0,0.0,0,0.0,0.0,29.59
44.76,25.7,48.18,56.09,70.15,53.79,46.07,70.98,133.0,9.0,67.29,79.53,48.11,336,0,0.0,0,1.0,1.0,39.17
75.43,67.94,57.18,100.0,74.03,66.58,63.57,69.93,107.0,6.0,60.39,51.55,54.87,225,1,0.0,0,1.0,1.0,73.99
44.52,42.37,21.05,45.73,52.88,46.37,61.45,89.36,125.0,16.0,31.31,76.5,38.07,284,0,0.0,0,0.0,0.0,24.44
70.58,27.56,55.57,73.65,59.68,52.19,96.54,64.02,157.0,18.0,64.81,61.37,88.96,271,0,1.0,0,0.0,0.0,50.37
77.82,67.45,57.4,65.59,80.09,66.24,76.52,56.39,127.0,3.0,52.02,54.05,62.3,241,0,1.0,0,1.0,0.0,59.62
74.45,55.34,29.2,51.51,53.99,49.11,68.3,42.45,182.0,3.0,55.34,73.17,63.89,188,1,0.0,0,1.0,0.0,58.23
93.02,100.0,33.89,100.0,65.01,71.8,61.83,57.47,130.0,8.0,74.81,69.85,79.15,316,1,1.0,1,0.0,1.0,84.18
51.55,57.9,46.81,71.37,57.9,56.97,58.88,55.55,121.0,8.0,56.8,47.75,67.66,190,0,0.0,0,0.0,0.0,40.37
64.97,43.72,44.25,31.99,44.4,41.51,60.59,53.21,144.0,12.0,51.49,65.34,62.03,159,0,0.0,0,0.0,0.0,44.37
77.09,62.35,63.33,65.71,98.85,74.5,81.55,83.88,148.0,8.0,64.53,65.51,59.5,243,0,0.0,0,1.0,1.0,67.48
67.14,40.96,51.32,55.73,49.85,58.63,38.8,49.03,160.0,13.0,47.86,48.02,58.75,283,1,1.0,0,0.0,0.0,41.1
58.49,47.95,51.24,50.46,52.4,45.83,68.75,92.43,135.0,7.0,72.29,83.04,55.36,146,0,0.0,0,0.0,1.0,49.93
76.75,50.69,52.34,48.2,60.33,63.34,,51.19,126.0,7.0,70.79,63.65,88.02,246,1,0.0,1,0.0,0.0,60.42
65.41,53.18,68.07,80.21,77.44,68.48,77.06,70.76,130.0,11.0,58.92,64.3,58.99,102,0,1.0,1,0.0,1.0,68.63
35.3,16.74,68.13,31.98,55.18,43.42,78.77,75.63,163.0,4.0,56.81,54.05,46.47,102,0,0.0,0,0.0,0.0,27.27
31.87,28.41,24.62,50.28,36.97,26.15,46.75,74.77,166.0,10.0,35.58,48.73,36.83,246,0,0.0,0,0.0,0.0,20.94
73.08,9.09,67.98,67.63,48.47,47.23,72.09,52.97,129.0,4.0,48.58,60.9,61.97,212,0,0.0,0,1.0,0.0,43.17
54.72,56.08,31.24,75.97,64.95,49.68,64.41,48.44,136.0,4.0,67.62,56.89,39.88,292,1,0.0,0,1.0,0.0,50.09
92.61,33.57,66.46,79.14,69.27,75.39,70.34,71.85,165.0,8.0,58.03,51.9,63.46,258,0,0.0,0,0.0,0.0,48.72
59.7,60.99,66.02,85.52,51.37,58.36,76.29,68.69,154.0,7.0,61.58,84.31,52.7,300,0,1.0,1,0.0,0.0,64.03
29.71,33.4,8.29,40.8,62.04,29.49,56.35,60.93,127.0,13.0,38.91,61.18,51.01,229,0,0.0,0,0.0,0.0,33.0
63.05,18.68,53.4,74.79,68.57,41.62,75.28,75.26,119.0,4.0,64.12,77.95,51.83,261,0,0.0,0,0.0,0.0,40.16
100.0,45.08,100.0,69.76,77.29,68.94,52.41,28.09,125.0,3.0,45.42,24.95,68.06,182,1,0.0,0,1.0,1.0,65.45
85.1,23.26,84.35,97.58,78.62,60.86,71.06,50.59,155.0,5.0,72.49,79.43,57.95,383,0,1.0,0,1.0,0.0,60.37
91.19,69.24,66.49,82.56,77.0,74.72,83.09,76.41,114.0,2.0,74.24,83.06,77.62,345,1,1.0,1,1.0,1.0,91.28
73.45,79.04,31.71,80.85,56.75,51.41,49.99,55.54,140.0,8.0,61.81,79.05,38.84,421,1,0.0,1,1.0,0.0,54.28
83.44,77.33,61.42,100.0,51.68,64.81,60.22,35.72,131.0,12.0,40.0,47.53,55.56,232,1,0.0,1,0.0,0.0,51.87
70.18,40.97,58.1,62.08,42.83,40.35,64.84,62.26,125.0,11.0,47.55,36.37,39.39,155,0,0.0,0,0.0,0.0,37.06
,59.17,42.56,78.56,98.71,75.63,41.35,31.43,126.0,10.0,46.2,18.37,71.24,352,0,1.0,0,1.0,1.0,66.96
57.05,34.38,22.49,46.81,61.19,41.76,64.94,41.78,154.0,8.0,41.08,63.81,60.35,256,0,0.0,0,0.0,0.0,35.51
47.44,26.68,51.91,39.37,46.03,41.5,90.27,66.17,152.0,3.0,73.24,64.14,66.21,86,0,0.0,0,0.0,0.0,40.96
53.33,62.98,22.77,65.55,35.92,37.99,65.29,60.61,157.0,8.0,43.68,73.8,59.05,195,0,0.0,1,0.0,0.0,46.12
57.08,40.52,52.36,73.01,60.81,57.57,66.25,75.96,124.0,15.0,52.48,50.81,53.32,197,0,1.0,0,0.0,0.0,46.69
67.71,63.34,61.0,49.96,63.22,68.14,47.34,44.95,106.0,4.0,54.1,41.2,62.72,235,1,1.0,1,0.0,1.0,55.64
55.65,42.57,54.85,62.65,65.03,51.47,44.13,55.55,139.0,13.0,49.21,47.71,47.47,231,0,0.0,1,1.0,0.0,33.24
43.31,,17.86,55.11,23.77,22.62,83.35,73.69,141.0,11.0,49.05,74.73,54.98,135,0,0.0,0,0.0,0.0,18.12
73.55,66.61,51.9,91.61,69.12,67.19,85.59,74.56,133.0,3.0,97.37,68.09,78.37,281,0,0.0,0,0.0,0.0,65.38
60.01,44.66,48.69,65.8,63.46,55.89,60.76,44.99,102.0,3.0,37.4,38.19,52.35,212,0,1.0,0,1.0,0.0,53.54
70.08,14.07,54.97,43.69,75.81,53.44,68.05,46.66,154.0,1.0,72.36,78.38,43.2,218,0,1.0,0,1.0,1.0,63.62
75.2,67.74,86.83,65.78,68.47,73.38,67.52,64.19,90.0,7.0,58.55,69.56,59.49,192,1,1.0,1,0.0,0.0,61.08
62.49,50.91,69.4,66.38,49.62,61.38,53.39,38.14,150.0,5.0,37.26,32.34,70.76,225,0,0.0,1,0.0,0.0,47.65
64.45,73.33,29.86,83.34,79.13,55.5,41.09,29.55,147.0,11.0,36.97,25.83,45.23,216,1,1.0,1,1.0,1.0,54.35
25.6,47.25,35.73,27.86,24.51,36.76,49.24,55.55,147.0,7.0,43.54,68.18,36.05,244,1,0.0,0,0.0,0.0,33.46
36.11,21.49,22.57,61.07,32.66,26.45,70.16,65.72,138.0,6.0,54.03,70.77,48.56,260,0,0.0,0,0.0,0.0,21.83
100.0,72.32,72.19,71.26,76.19,60.63,49.42,69.36,95.0,4.0,75.02,51.14,43.39,255,1,1.0,1,0.0,0.0,63.61
51.73,41.0,40.65,71.96,89.63,48.74,69.48,50.44,110.0,2.0,69.92,100.0,54.78,317,0,0.0,0,1.0,0.0,54.87
,60.44,49.47,49.02,53.92,55.68,48.25,33.04,121.0,9.0,63.03,15.34,55.85,201,0,0.0,0,0.0,0.0,42.45
86.83,57.64,67.12,77.11,66.08,68.02,97.31,80.39,176.0,7.0,,59.77,80.34,329,0,1.0,0,0.0,0.0,60.76
94.05,63.2,62.98,63.64,75.02,74.34,67.66,59.0,156.0,7.0,65.49,61.24,71.25,277,0,0.0,0,0.0,0.0,59.83
81.28,46.61,50.08,89.39,62.71,60.68,,67.5,135.0,6.0,56.97,55.66,75.55,176,0,0.0,0,0.0,1.0,52.8
71.69,41.12,41.87,53.79,40.64,59.74,55.12,64.37,126.0,3.0,57.45,71.08,49.89,218,0,0.0,0,0.0,0.0,37.88
81.49,52.92,62.84,41.61,69.43,57.74,76.3,53.09,142.0,5.0,53.48,62.09,46.82,291,1,1.0,0,0.0,1.0,66.12
48.92,37.32,39.52,37.23,52.86,29.09,26.61,15.57,148.0,13.0,15.21,30.43,23.81,141,0,0.0,0,0.0,0.0,22.39
86.64,46.61,71.91,81.71,80.63,69.2,100.0,70.64,149.0,1.0,99.71,76.98,77.37,184,0,1.0,0,0.0,1.0,80.45
63.45,56.78,58.21,62.88,62.91,53.59,64.1,88.0,113.0,10.0,65.38,73.95,60.59,194,0,0.0,0,1.0,1.0,64.06
55.1,27.49,59.56,78.86,80.58,45.52,62.25,38.28,164.0,9.0,46.07,44.51,48.33,180,0,0.0,0,1.0,1.0,52.37
81.69,76.91,78.41,79.08,73.54,71.69,74.76,87.16,149.0,3.0,79.91,53.09,73.36,119,0,1.0,0,1.0,1.0,77.71
63.87,20.83,18.52,63.59,29.78,30.46,52.61,52.33,128.0,19.0,32.6,69.59,40.73,344,0,0.0,0,0.0,0.0,21.03
84.71,75.53,68.25,75.02,100.0,71.69,74.52,53.74,146.0,4.0,81.26,78.53,80.96,273,1,1.0,1,1.0,0.0,85.87
83.82,50.12,32.93,76.75,33.52,61.05,70.72,53.79,161.0,14.0,49.81,56.12,60.42,326,1,0.0,1,0.0,0.0,49.2
63.75,69.87,13.07,30.37,48.15,46.84,62.88,67.07,145.0,6.0,57.3,71.62,56.19,244,0,0.0,0,0.0,0.0,50.17
72.06,48.84,8.01,22.63,45.18,39.51,51.25,42.24,145.0,8.0,49.53,54.43,63.89,188,0,0.0,0,1.0,0.0,37.28
64.16,20.89,34.54,35.92,40.14,47.48,47.55,48.75,164.0,12.0,58.53,36.85,33.35,259,0,0.0,0,0.0,0.0,28.27
95.47,53.83,51.6,53.57,45.05,57.78,82.73,60.13,130.0,2.0,97.88,71.45,74.59,170,0,0.0,0,0.0,0.0,70.24
,81.89,72.81,50.56,51.13,58.3,54.11,64.21,120.0,4.0,75.59,70.85,58.19,361,1,0.0,1,0.0,0.0,58.39
76.09,69.86,56.96,76.09,80.2,58.9,38.68,63.06,127.0,6.0,57.31,65.26,51.45,257,1,1.0,1,1.0,0.0,62.57
88.67,47.99,81.28,77.78,87.59,70.59,61.18,78.93,154.0,5.0,56.54,91.18,68.26,257,1,1.0,0,1.0,1.0,76.28
38.87,10.69,21.99,44.48,30.51,15.66,53.34,48.72,155.0,18.0,43.99,64.61,28.23,268,0,0.0,0,0.0,0.0,11.93
57.9,22.44,60.21,64.56,37.15,36.56,50.8,64.76,140.0,9.0,48.45,54.26,38.88,199,0,0.0,0,0.0,0.0,20.57
90.89,86.16,75.27,53.91,58.46,70.74,69.7,70.9,124.0,11.0,54.75,75.21,72.23,350,1,0.0,1,0.0,0.0,58.61
47.35,25.51,52.61,60.91,59.39,50.12,42.62,44.84,168.0,8.0,46.61,44.03,45.2,200,1,1.0,0,0.0,0.0,47.26
63.52,71.55,36.3,55.78,86.29,66.97,62.05,86.87,118.0,12.0,62.21,48.72,52.9,390,1,0.0,0,1.0,1.0,70.83
47.62,55.62,25.44,37.73,10.75,39.51,47.09,58.28,128.0,9.0,53.48,66.91,53.39,122,0,0.0,1,0.0,0.0,36.34
73.92,50.72,71.2,50.73,39.29,55.95,89.87,67.82,130.0,0.0,77.34,79.84,76.56,246,0,0.0,1,0.0,0.0,65.02
58.44,47.31,35.95,71.26,64.9,46.4,72.81,86.02,159.0,,70.24,100.0,61.29,208,1,0.0,0,1.0,0.0,52.52
80.04,66.1,100.0,54.7,68.79,74.39,92.53,73.11,140.0,2.0,67.41,63.21,80.18,213,0,0.0,1,0.0,0.0,70.7
74.07,94.98,45.47,56.13,69.64,77.47,50.22,62.2,167.0,,61.91,53.53,68.24,345,1,0.0,0,1.0,1.0,70.43
89.69,58.56,64.44,59.23,68.0,66.73,49.57,40.72,151.0,10.0,60.92,54.91,57.18,171,0,0.0,1,0.0,1.0,55.92
68.16,73.26,43.79,65.23,62.51,56.51,43.32,44.61,119.0,5.0,44.11,40.95,51.93,357,0,1.0,1,0.0,0.0,49.84
76.69,44.52,54.06,61.34,59.63,54.94,67.3,58.67,134.0,15.0,60.77,89.48,47.32,262,0,0.0,0,0.0,1.0,50.92
67.65,,60.72,74.53,53.3,59.29,42.27,13.15,126.0,13.0,43.65,14.49,,149,0,1.0,1,1.0,0.0,48.63
78.41,68.56,54.6,72.79,75.98,69.03,44.5,45.27,161.0,6.0,54.97,45.8,65.78,228,0,1.0,1,0.0,,60.05
71.28,33.37,53.16,80.98,54.41,47.78,72.5,72.94,155.0,4.0,70.26,97.28,82.05,219,0,0.0,0,0.0,0.0,50.88
57.89,100.0,28.66,72.03,63.12,63.08,62.15,44.95,110.0,5.0,59.36,51.53,61.63,265,1,0.0,1,1.0,1.0,59.16
65.12,26.01,64.57,47.73,33.39,48.66,60.99,49.62,148.0,13.0,68.77,54.45,47.39,144,0,0.0,0,0.0,0.0,41.88
74.53,65.78,42.07,54.11,62.77,60.01,54.47,66.47,,4.0,42.19,63.53,49.79,233,0,1.0,1,1.0,0.0,57.62
100.0,61.78,73.76,100.0,86.54,70.91,49.71,59.06,114.0,2.0,83.11,38.26,49.63,173,1,0.0,1,0.0,1.0,74.1
45.46,42.67,22.45,76.17,48.14,39.45,70.99,57.03,125.0,9.0,54.93,70.14,60.07,329,0,1.0,0,0.0,0.0,43.32
69.8,53.41,70.12,92.0,68.34,60.12,70.03,50.02,136.0,9.0,56.41,51.45,61.66,123,0,0.0,0,1.0,0.0,61.53
59.86,50.63,44.34,76.82,75.8,54.41,81.65,90.89,102.0,4.0,77.34,96.99,57.38,128,0,1.0,0,0.0,1.0,64.97
77.98,41.16,33.12,69.79,68.23,49.28,58.53,38.51,142.0,2.0,66.53,76.34,53.52,210,1,0.0,0,1.0,0.0,58.98
57.97,62.26,46.48,59.57,78.07,64.03,69.95,69.65,141.0,4.0,53.38,59.58,69.11,190,0,0.0,1,1.0,0.0,56.43
55.78,53.51,39.48,62.53,87.56,55.38,63.51,25.17,134.0,8.0,47.9,16.33,56.12,195,0,1.0,0,0.0,0.0,48.39
54.43,49.64,77.15,90.55,63.1,49.13,58.91,76.03,139.0,6.0,46.0,65.62,44.5,220,0,1.0,0,0.0,0.0,47.44
76.65,34.66,89.14,72.91,56.49,52.97,67.12,71.82,135.0,1.0,59.5,77.49,68.4,322,0,1.0,0,0.0,0.0,61.28
61.45,74.38,45.91,70.15,56.05,64.82,67.95,37.53,119.0,9.0,41.53,65.57,62.78,175,1,0.0,1,0.0,1.0,56.13
88.67,52.75,85.99,52.13,73.5,67.76,53.92,52.24,206.0,9.0,62.68,62.86,52.56,183,0,0.0,0,0.0,,49.96
85.08,55.95,79.28,51.76,83.99,66.65,,69.91,124.0,8.0,66.77,70.9,62.6,323,0,1.0,0,1.0,1.0,64.67
69.49,34.95,66.0,100.0,53.06,62.91,81.49,59.18,153.0,2.0,57.9,78.12,45.09,312,0,0.0,0,0.0,0.0,56.87
87.07,65.96,38.53,82.81,80.84,64.82,71.12,63.7,121.0,6.0,60.96,57.43,66.85,331,0,1.0,1,,0.0,56.63
83.95,42.01,50.14,72.4,50.99,48.72,75.95,81.77,131.0,9.0,,77.92,90.57,113,0,1.0,0,0.0,0.0,64.98
46.33,41.35,49.97,58.89,52.18,38.26,71.68,47.29,140.0,2.0,69.62,68.73,66.98,225,1,0.0,0,0.0,0.0,51.11
54.86,51.83,30.1,36.6,51.06,47.59,55.91,83.94,110.0,4.0,56.84,84.24,50.3,344,1,1.0,1,0.0,0.0,47.38
70.81,61.77,40.97,57.62,75.7,70.33,62.52,53.53,130.0,18.0,,47.44,64.5,80,0,0.0,0,0.0,1.0,46.25
79.68,51.51,69.19,55.41,85.66,70.09,84.57,69.94,142.0,0.0,52.04,56.76,74.18,242,0,0.0,0,1.0,1.0,72.11
61.68,68.28,52.91,70.73,75.92,58.52,57.86,57.33,141.0,9.0,64.18,62.41,64.31,270,1,1.0,0,1.0,1.0,68.69
66.73,53.99,40.63,72.91,56.86,52.0,75.96,57.49,147.0,9.0,60.04,61.86,59.53,343,0,0.0,0,0.0,0.0,47.26
89.05,61.78,52.22,84.69,64.76,65.85,76.94,59.44,127.0,3.0,78.45,57.75,48.15,244,0,0.0,0,0.0,0.0,59.4
98.74,77.73,53.82,99.99,74.17,62.84,71.16,60.51,120.0,5.0,66.47,72.31,61.06,350,1,1.0,0,1.0,0.0,80.61
88.71,52.51,67.16,92.73,72.72,68.29,79.41,71.11,132.0,3.0,59.17,59.64,61.83,380,1,1.0,0,1.0,0.0,78.22
42.39,65.28,31.51,14.02,50.63,45.72,52.78,67.18,141.0,15.0,48.94,59.21,47.66,80,0,0.0,0,0.0,0.0,34.34
63.68,60.0,49.5,91.05,33.01,64.06,67.06,70.22,134.0,11.0,57.92,79.96,54.49,242,0,0.0,0,0.0,0.0,53.26
52.53,16.86,32.85,39.79,40.49,40.48,65.27,57.73,119.0,2.0,77.23,91.25,62.38,151,0,0.0,0,0.0,0.0,31.32
48.09,39.71,39.39,49.85,49.66,53.42,78.91,65.7,181.0,3.0,79.21,97.02,86.27,125,0,0.0,0,0.0,0.0,37.94
79.03,52.18,63.46,72.36,47.14,69.18,54.54,47.28,123.0,5.0,70.79,79.79,72.25,189,0,0.0,0,0.0,0.0,55.31
51.86,51.4,66.22,65.15,54.04,61.29,73.33,75.02,116.0,8.0,58.33,64.29,62.32,209,0,0.0,0,1.0,0.0,53.22
67.48,33.61,64.13,64.17,64.95,54.12,58.61,57.78,125.0,9.0,52.61,49.98,69.58,230,0,0.0,0,0.0,0.0,41.83
82.43,57.48,76.83,85.44,90.48,73.97,74.07,73.09,156.0,4.0,69.1,69.35,79.65,273,0,0.0,1,0.0,1.0,76.21
50.48,15.63,41.22,34.9,38.7,24.08,75.45,62.77,151.0,8.0,,66.54,59.08,296,0,0.0,0,0.0,0.0,32.63
80.9,59.67,53.62,98.3,66.93,65.43,47.29,38.35,169.0,11.0,49.76,49.84,48.8,166,0,0.0,0,0.0,0.0,43.37
46.12,31.89,53.62,69.23,33.91,44.73,78.66,62.62,123.0,9.0,64.1,82.96,58.11,194,0,0.0,0,0.0,0.0,42.12
69.04,,74.74,70.71,56.61,55.34,76.03,46.03,135.0,12.0,34.27,50.5,62.64,80,0,1.0,0,0.0,0.0,44.19
56.42,96.22,63.61,91.6,71.27,59.97,58.76,51.54,156.0,7.0,56.41,68.73,79.01,170,0,0.0,1,1.0,1.0,71.71
66.14,70.16,34.81,47.36,81.56,67.33,44.82,80.59,117.0,8.0,53.31,51.7,69.54,269,0,1.0,0,0.0,0.0,63.39
96.73,78.74,72.7,92.85,92.15,83.19,60.56,49.39,159.0,5.0,61.38,60.41,73.77,325,1,0.0,1,1.0,1.0,85.57
83.6,100.0,63.59,68.76,79.97,87.07,66.28,62.29,140.0,9.0,56.31,46.2,71.74,417,1,0.0,0,0.0,1.0,76.15
39.24,45.24,30.76,48.17,32.37,40.7,65.12,54.95,125.0,0.0,58.56,76.72,60.22,178,0,0.0,0,0.0,0.0,43.31
77.86,73.96,30.65,67.45,83.97,71.17,34.09,44.29,104.0,15.0,61.36,51.98,60.14,223,1,1.0,1,0.0,1.0,58.58
76.34,22.75,66.12,38.88,53.73,57.22,80.61,55.38,151.0,6.0,66.48,55.07,80.73,206,0,0.0,0,0.0,0.0,51.72
84.78,56.52,49.87,52.61,75.95,57.86,55.4,41.69,164.0,10.0,50.02,51.6,43.35,230,0,0.0,1,1.0,0.0,49.61
62.98,19.99,34.59,77.93,51.66,39.54,93.94,100.0,149.0,,84.28,92.22,66.86,139,0,0.0,0,0.0,0.0,41.56
30.32,47.9,39.4,55.42,76.68,41.39,59.75,67.04,145.0,7.0,65.04,48.68,60.03,302,1,1.0,0,1.0,0.0,40.68
70.82,44.9,50.6,96.44,59.87,50.8,62.71,44.27,143.0,2.0,67.85,40.22,71.78,124,0,0.0,0,0.0,0.0,56.43
70.68,75.58,52.09,95.06,85.21,78.76,43.15,43.07,153.0,5.0,55.88,47.72,79.03,265,0,0.0,0,1.0,0.0,63.5
50.89,63.81,39.36,54.26,60.82,50.74,75.06,90.1,163.0,3.0,70.53,86.18,47.42,233,1,0.0,0,0.0,0.0,50.95
74.59,56.03,41.5,54.24,65.62,58.74,49.93,48.18,90.0,8.0,46.94,36.66,45.11,268,0,1.0,0,0.0,0.0,45.12
67.27,52.82,57.24,91.45,83.96,54.38,47.87,26.89,131.0,11.0,59.68,52.68,51.83,302,1,0.0,0,1.0,0.0,55.27
88.72,75.51,47.11,96.38,41.72,,100.0,78.13,133.0,9.0,53.38,70.78,61.45,317,0,0.0,0,0.0,0.0,49.22
61.27,70.26,59.9,67.97,66.95,58.46,54.41,47.09,141.0,4.0,66.24,70.52,74.14,233,1,0.0,1,0.0,1.0,66.52
47.15,58.73,32.83,78.18,48.64,54.52,66.21,56.32,132.0,7.0,62.63,75.65,60.28,200,0,0.0,0,0.0,1.0,57.03
80.02,43.56,65.65,83.93,70.98,58.35,66.4,61.89,147.0,6.0,51.1,89.49,69.99,298,0,1.0,0,1.0,0.0,63.59
81.1,,60.47,96.3,83.69,,69.87,70.34,146.0,2.0,69.93,71.32,69.64,255,0,1.0,1,,1.0,79.81
64.31,16.94,62.48,62.88,44.91,51.14,,85.85,108.0,0.0,78.03,73.66,71.97,281,0,0.0,0,0.0,0.0,44.34
66.69,30.98,37.8,56.4,55.21,42.88,41.09,30.36,96.0,13.0,40.21,48.13,28.47,148,0,0.0,0,1.0,0.0,27.93
,38.03,58.99,42.58,51.74,55.5,73.28,57.5,154.0,7.0,47.8,59.43,48.13,254,0,0.0,0,1.0,0.0,48.84
57.29,69.99,34.18,40.67,44.09,55.73,72.87,50.15,125.0,5.0,55.92,52.9,49.9,209,1,0.0,0,0.0,0.0,51.35
79.51,69.67,39.8,99.57,79.57,68.99,78.55,69.01,172.0,2.0,82.88,80.95,55.42,278,0,0.0,0,1.0,0.0,58.8
83.69,49.68,54.29,74.53,55.17,53.37,98.08,70.13,159.0,4.0,68.87,58.06,80.32,202,0,1.0,0,0.0,1.0,67.15
83.0,48.28,35.53,48.72,71.02,60.33,75.39,78.49,108.0,7.0,80.72,86.63,67.67,418,1,1.0,1,0.0,1.0,70.42
61.01,70.76,34.41,74.88,47.38,53.69,43.05,44.01,122.0,11.0,48.4,52.59,59.05,674,0,0.0,1,1.0,1.0,54.52
43.97,35.59,63.3,43.56,34.28,41.9,50.64,55.22,141.0,7.0,63.13,49.19,48.21,176,0,0.0,0,0.0,0.0,26.76
60.56,41.0,46.56,55.3,49.44,47.67,45.75,64.45,128.0,8.0,59.12,42.61,60.46,219,0,0.0,0,0.0,0.0,39.6
80.49,44.27,20.34,92.56,59.21,52.32,66.45,45.83,136.0,8.0,65.35,48.72,68.36,260,0,1.0,1,0.0,0.0,49.38
59.44,0.0,62.34,36.42,56.09,34.62,75.48,100.0,121.0,1.0,90.15,85.62,58.73,236,0,0.0,0,0.0,0.0,38.25
47.08,48.87,45.06,68.37,66.53,40.01,78.49,62.44,147.0,2.0,60.38,62.46,58.99,224,0,0.0,0,1.0,0.0,51.84
64.71,53.3,72.94,70.64,70.69,50.84,69.56,59.09,140.0,5.0,57.94,58.34,61.3,342,0,1.0,0,1.0,1.0,65.84
80.8,70.03,65.02,72.82,72.93,70.11,75.32,57.24,154.0,5.0,48.6,58.89,76.23,80,0,0.0,0,0.0,1.0,58.6
82.6,66.06,61.26,55.73,81.41,52.52,46.7,38.1,136.0,70.0,50.82,40.05,49.35,201,1,0.0,1,0.0,1.0,67.98
63.09,57.85,53.98,61.9,50.05,58.4,81.88,60.31,130.0,0.0,76.02,54.69,71.78,235,1,0.0,0,0.0,1.0,62.05
64.34,52.51,47.42,45.76,58.7,54.9,52.13,57.27,140.0,14.0,57.76,47.97,38.95,142,1,0.0,1,0.0,0.0,45.17
68.49,71.27,35.74,75.58,58.89,55.71,58.19,52.23,,6.0,53.84,66.58,46.35,238,0,0.0,0,0.0,0.0,41.27
74.3,37.35,32.66,58.81,54.4,54.38,67.46,59.94,139.0,6.0,57.54,50.38,51.03,296,0,0.0,0,1.0,0.0,51.59
63.76,42.19,15.57,50.96,65.93,42.88,62.12,55.02,161.0,13.0,48.97,74.08,55.74,329,0,0.0,0,0.0,0.0,35.68
59.03,39.79,77.21,45.8,45.75,53.84,57.84,75.9,118.0,5.0,63.89,59.49,49.31,265,0,0.0,0,0.0,0.0,42.14
82.33,84.55,35.2,87.24,81.66,57.04,67.63,76.71,156.0,6.0,62.09,46.84,61.47,335,1,1.0,1,1.0,0.0,64.52
54.08,92.17,57.04,77.0,97.46,55.89,44.12,63.37,,10.0,68.62,58.08,52.04,327,1,1.0,1,1.0,1.0,70.84
72.5,69.67,41.21,59.72,79.15,59.84,69.34,75.37,151.0,5.0,66.84,60.78,62.93,271,1,1.0,0,1.0,0.0,74.61
78.24,37.2,53.95,54.93,64.08,57.25,64.01,64.08,102.0,11.0,57.56,90.46,67.03,205,0,0.0,0,1.0,1.0,54.91
68.84,50.86,54.51,35.79,68.6,60.55,,76.69,136.0,1.0,60.41,65.96,66.64,214,0,0.0,0,0.0,0.0,55.44
78.66,49.38,72.08,100.0,70.41,64.92,60.18,62.92,156.0,3.0,57.94,43.84,57.61,255,0,0.0,0,0.0,0.0,54.26
70.15,62.09,63.51,82.23,85.74,67.62,54.55,60.95,130.0,6.0,46.59,57.39,61.1,190,0,1.0,0,0.0,1.0,72.71
70.43,55.57,57.7,78.85,53.93,62.84,59.64,70.35,136.0,9.0,66.83,51.51,77.08,296,0,0.0,0,1.0,0.0,53.45
67.72,58.11,44.65,60.36,82.37,,76.55,60.67,145.0,7.0,54.12,46.95,62.37,268,0,1.0,0,0.0,1.0,63.55
84.72,74.2,37.71,80.98,58.35,66.72,88.55,93.43,100.0,6.0,84.53,88.44,62.35,269,1,0.0,0,0.0,0.0,59.85
72.02,24.93,42.94,78.11,62.88,42.83,61.71,54.18,144.0,14.0,47.54,68.09,36.38,199,0,1.0,0,0.0,0.0,45.81
90.81,62.39,48.61,84.7,59.44,54.66,69.74,64.83,122.0,8.0,44.52,50.1,53.19,264,1,0.0,1,0.0,0.0,56.25
74.51,63.99,37.46,59.38,66.27,54.37,75.27,78.65,157.0,7.0,69.25,70.42,51.19,387,1,1.0,0,1.0,0.0,75.38
85.44,70.86,62.64,67.64,67.9,72.67,65.96,52.8,137.0,9.0,57.97,53.03,40.39,310,1,0.0,0,0.0,0.0,60.14
75.74,68.84,40.65,76.64,51.82,54.5,78.32,65.12,145.0,7.0,67.91,59.06,60.43,263,1,0.0,0,0.0,0.0,50.39
49.18,28.06,16.22,51.64,55.24,39.64,54.33,52.55,116.0,9.0,68.89,41.42,54.03,190,0,1.0,0,0.0,1.0,45.01
76.26,56.58,61.44,67.58,53.23,53.46,73.5,78.21,154.0,2.0,57.24,93.92,73.12,192,0,0.0,0,0.0,0.0,65.15
97.14,89.49,60.47,82.31,76.63,74.18,62.59,57.44,137.0,5.0,71.25,82.5,66.29,252,1,0.0,1,0.0,1.0,76.83
61.88,57.47,38.05,49.91,39.12,49.19,90.24,77.43,115.0,0.0,77.55,67.66,70.18,186,0,0.0,0,0.0,0.0,58.72
73.86,,47.16,75.9,74.91,55.68,74.21,32.03,130.0,7.0,46.89,43.69,63.44,271,0,0.0,0,0.0,1.0,66.45
71.06,72.74,32.37,37.24,76.25,54.6,46.01,78.32,148.0,6.0,55.14,47.27,51.33,185,1,1.0,0,1.0,0.0,64.21
81.48,46.86,28.63,41.28,75.1,37.82,94.28,82.55,145.0,1.0,87.88,88.78,59.44,193,0,0.0,1,1.0,1.0,57.18
98.24,97.03,59.36,69.14,74.74,83.22,67.99,67.45,151.0,4.0,69.43,53.4,92.98,289,1,0.0,1,1.0,0.0,74.96
52.7,47.14,23.07,55.15,68.97,44.36,87.02,86.47,135.0,3.0,73.75,93.68,53.57,170,0,1.0,0,0.0,0.0,53.01
53.9,39.22,36.75,54.45,37.3,35.43,77.34,69.08,162.0,3.0,45.71,64.16,55.52,135,0,0.0,0,0.0,0.0,37.14
82.72,69.69,55.71,58.51,64.65,75.39,66.02,66.09,164.0,12.0,59.6,63.92,57.9,290,0,0.0,0,1.0,1.0,60.1
59.69,39.02,42.8,67.1,40.06,40.49,82.87,82.41,109.0,7.0,66.47,99.85,60.33,199,1,0.0,0,0.0,0.0,50.83
75.88,57.98,68.54,80.36,49.43,58.6,42.42,41.06,145.0,13.0,56.44,41.04,55.22,142,0,0.0,0,0.0,0.0,45.48
57.74,61.3,63.19,77.45,64.42,53.1,51.59,56.02,163.0,8.0,35.88,43.46,45.84,166,0,0.0,1,0.0,0.0,58.76
77.22,85.35,34.79,75.48,53.97,68.82,57.61,54.84,146.0,8.0,44.95,39.91,45.44,207,0,1.0,0,0.0,0.0,54.8
80.4,63.02,45.97,47.17,64.65,67.94,65.78,72.02,137.0,7.0,73.48,45.26,62.09,357,0,1.0,0,0.0,1.0,68.63
77.67,78.95,79.03,56.44,35.33,73.12,64.23,37.81,114.0,9.0,40.64,55.43,71.71,163,1,0.0,0,0.0,0.0,65.8
80.63,58.52,67.24,79.28,66.66,73.41,68.58,66.22,133.0,2.0,83.8,62.78,55.58,280,0,0.0,0,1.0,0.0,70.12
86.18,67.82,41.0,82.15,66.38,60.49,81.1,80.77,131.0,3.0,70.91,81.48,83.43,319,1,0.0,0,0.0,0.0,67.98
73.21,57.99,48.27,56.11,66.24,67.73,86.47,76.92,157.0,4.0,83.42,82.12,75.04,201,0,0.0,1,0.0,1.0,72.39
88.83,62.21,53.24,97.24,65.45,65.75,93.24,82.63,160.0,8.0,78.03,73.63,81.57,138,0,0.0,0,0.0,0.0,68.56
65.99,71.58,18.48,62.69,69.45,44.9,60.13,74.65,134.0,8.0,69.27,69.13,43.62,315,1,0.0,0,0.0,0.0,52.61
84.82,23.95,95.65,85.25,67.2,61.94,92.63,81.49,,3.0,84.6,72.57,72.61,221,0,0.0,0,0.0,0.0,61.37
57.2,43.52,54.81,42.14,47.75,49.24,93.2,66.94,104.0,2.0,63.96,51.14,58.67,238,1,0.0,1,0.0,0.0,55.09
88.76,50.46,57.98,99.84,59.05,60.35,51.32,40.44,147.0,14.0,52.54,47.63,56.82,181,1,0.0,0,0.0,0.0,50.37
64.53,55.28,32.41,54.3,62.78,51.8,43.26,55.63,144.0,16.0,47.92,38.76,36.19,207,0,0.0,1,0.0,0.0,36.08
76.73,46.6,77.92,96.67,94.08,72.72,87.09,37.85,104.0,2.0,58.28,55.57,64.95,241,1,1.0,0,1.0,1.0,84.32
93.96,66.01,48.7,71.43,80.24,71.03,66.67,63.74,148.0,8.0,52.28,74.42,83.46,108,0,0.0,0,1.0,0.0,61.83
83.65,75.83,36.93,64.52,47.52,64.03,66.56,65.13,154.0,5.0,47.61,56.67,65.62,129,0,0.0,0,0.0,0.0,49.04
60.38,40.33,36.37,67.42,48.97,44.8,38.66,44.59,90.0,8.0,27.88,36.52,42.77,113,0,0.0,0,1.0,0.0,30.12
82.2,12.49,56.97,94.22,62.59,48.95,83.2,49.85,122.0,7.0,44.86,62.66,61.84,289,0,1.0,0,1.0,0.0,41.2
78.31,92.34,48.43,75.45,74.13,61.28,54.03,52.35,181.0,7.0,59.49,54.2,71.06,233,1,1.0,0,0.0,0.0,64.48
65.86,61.92,60.69,67.14,50.66,57.07,84.71,75.02,142.0,5.0,58.91,73.24,63.31,334,0,1.0,0,0.0,0.0,59.02
49.49,49.84,66.7,65.19,36.31,45.97,69.57,80.53,180.0,6.0,73.09,93.74,67.72,259,1,0.0,0,0.0,0.0,37.38
93.9,71.97,60.28,55.94,73.44,69.26,55.3,42.5,141.0,3.0,75.5,69.1,39.51,267,1,0.0,1,0.0,0.0,64.64
92.05,74.05,52.95,41.14,53.02,51.64,46.35,51.14,156.0,7.0,60.76,51.41,49.41,358,0,0.0,0,1.0,1.0,55.24
36.02,21.85,42.52,27.16,32.95,21.45,41.77,59.92,130.0,7.0,39.9,32.08,30.41,96,0,0.0,0,0.0,0.0,14.73
64.74,37.67,41.2,67.12,51.04,50.71,64.43,76.89,,9.0,75.45,69.33,53.73,344,0,0.0,0,0.0,0.0,41.98
85.47,56.07,75.47,90.83,56.81,57.32,50.24,38.67,108.0,7.0,54.03,44.15,60.06,160,0,0.0,0,0.0,0.0,47.74
84.75,55.15,51.59,67.14,62.66,59.84,70.45,78.23,149.0,12.0,50.0,66.29,57.94,325,1,0.0,0,0.0,0.0,56.81
82.04,31.41,82.89,60.4,78.91,57.92,77.57,90.4,125.0,4.0,62.21,77.61,61.67,125,0,0.0,0,0.0,1.0,50.56
77.1,35.81,60.38,89.65,43.12,49.42,43.02,24.43,118.0,12.0,52.97,42.24,39.3,229,0,,0,0.0,0.0,33.41
66.82,77.19,41.94,63.59,71.82,61.37,75.85,66.05,112.0,12.0,67.92,80.44,61.24,382,1,1.0,1,1.0,1.0,70.66
73.03,30.12,88.32,64.51,70.81,60.54,76.53,92.59,141.0,3.0,80.99,71.26,47.63,274,1,0.0,0,0.0,0.0,56.65
85.35,44.49,71.69,82.24,64.54,67.39,48.95,58.17,150.0,0.0,100.0,78.8,62.12,225,0,0.0,0,0.0,1.0,62.79
53.02,42.97,47.21,76.32,66.09,43.61,43.16,33.54,131.0,4.0,39.37,32.96,28.1,360,0,1.0,0,0.0,0.0,38.21
57.84,27.51,46.37,63.9,31.73,35.8,62.39,49.53,133.0,6.0,49.63,42.59,62.94,126,0,0.0,0,0.0,0.0,28.5
64.48,67.91,29.89,33.58,51.62,56.73,46.2,42.08,164.0,2.0,51.1,54.29,57.9,236,1,0.0,0,0.0,1.0,57.88
70.85,66.9,52.27,51.92,60.37,57.4,60.71,83.97,109.0,8.0,56.12,73.33,65.59,168,0,1.0,1,0.0,0.0,58.51
77.72,69.97,40.49,87.24,100.0,70.27,79.12,80.93,173.0,3.0,74.22,60.83,57.66,292,1,1.0,1,1.0,1.0,83.32
88.37,36.42,45.2,73.28,67.27,54.4,25.88,25.89,109.0,11.0,38.57,0.0,49.05,161,0,0.0,0,0.0,0.0,29.75
73.09,55.71,80.87,55.32,66.43,66.33,61.85,47.51,136.0,5.0,74.6,71.41,57.25,228,1,0.0,1,0.0,0.0,65.22
86.2,79.49,54.35,69.46,82.8,56.23,75.81,86.25,147.0,6.0,58.77,80.52,64.15,255,1,1.0,1,1.0,0.0,73.94
78.7,30.42,59.48,78.19,52.8,61.27,80.73,72.74,159.0,14.0,65.15,77.03,64.28,195,1,0.0,0,0.0,0.0,46.96
72.46,68.79,41.4,92.5,84.96,61.89,73.87,64.01,111.0,8.0,57.95,77.6,48.96,221,0,0.0,0,1.0,1.0,63.58
70.15,74.51,59.29,75.56,53.15,55.04,66.35,65.11,142.0,15.0,48.54,58.49,45.48,272,1,0.0,1,0.0,0.0,53.28
83.15,59.81,24.25,53.25,68.36,49.65,62.29,56.5,128.0,3.0,60.19,45.63,61.43,805,0,0.0,0,1.0,0.0,55.71
67.8,22.25,47.17,61.27,63.13,45.82,56.01,52.57,156.0,8.0,58.05,42.69,57.22,214,0,1.0,0,0.0,0.0,36.44
77.64,49.02,45.92,86.02,70.83,58.69,85.05,56.51,130.0,7.0,75.91,64.7,54.97,230,1,1.0,0,0.0,0.0,58.31
51.12,56.82,58.54,76.52,42.25,52.37,,70.03,101.0,6.0,58.2,64.86,59.89,208,1,0.0,0,0.0,0.0,46.46
62.81,5.68,32.53,61.87,37.93,28.06,88.6,49.7,149.0,7.0,63.03,62.14,51.8,80,0,0.0,0,0.0,0.0,23.68
43.12,44.11,29.47,47.22,37.66,42.72,57.25,59.69,137.0,4.0,74.1,48.66,40.55,158,0,0.0,0,0.0,0.0,32.21
66.74,81.61,20.31,78.77,70.6,55.45,80.66,67.15,173.0,3.0,59.17,64.08,57.22,323,1,1.0,0,1.0,0.0,68.25
53.35,47.07,26.47,80.87,67.35,44.26,73.63,59.67,158.0,8.0,46.95,43.41,40.22,96,0,0.0,0,0.0,1.0,41.2
64.63,35.86,62.52,51.18,48.65,48.43,60.53,32.25,123.0,11.0,18.64,56.63,38.25,223,0,0.0,0,0.0,0.0,36.86
80.07,58.79,77.18,75.14,96.77,75.83,78.78,72.99,158.0,4.0,64.57,80.45,66.16,366,0,1.0,0,1.0,0.0,81.76
53.08,77.78,55.96,88.61,72.27,62.11,78.31,66.4,143.0,11.0,64.97,55.91,70.81,234,1,0.0,0,0.0,1.0,64.46
85.81,86.13,71.07,91.12,87.22,75.19,62.97,67.39,152.0,8.0,73.85,81.89,75.62,245,0,1.0,1,0.0,0.0,72.06
76.96,48.93,52.83,59.49,63.13,55.24,39.11,52.01,122.0,10.0,52.43,48.94,58.62,342,0,1.0,0,1.0,0.0,45.57
97.8,70.45,70.69,90.41,92.99,,94.45,90.94,136.0,2.0,77.58,99.7,90.24,321,1,1.0,0,1.0,1.0,87.09
57.36,85.81,77.66,70.71,69.28,74.11,71.64,68.52,152.0,16.0,63.67,77.47,48.79,328,1,0.0,1,1.0,0.0,57.06
82.11,57.74,47.89,56.71,94.42,66.62,61.18,59.25,152.0,4.0,58.16,66.18,46.08,245,0,1.0,0,1.0,1.0,62.38
45.46,33.28,51.51,56.33,33.81,40.92,67.7,43.43,101.0,,46.68,54.35,61.53,299,0,0.0,0,0.0,0.0,31.93
77.55,55.93,66.41,73.15,44.35,73.7,90.93,68.06,153.0,2.0,75.32,67.26,71.51,212,0,0.0,0,0.0,0.0,51.36
74.62,43.61,55.04,65.8,57.41,58.11,48.09,66.23,121.0,4.0,48.98,35.19,49.88,258,0,0.0,0,0.0,0.0,46.16
61.12,69.22,52.19,52.01,65.68,58.69,92.32,84.78,147.0,9.0,78.88,88.25,77.95,264,1,0.0,0,1.0,0.0,64.48
88.09,52.04,68.63,76.22,70.77,65.33,49.81,54.73,107.0,11.0,59.18,54.38,69.5,292,0,0.0,0,0.0,1.0,58.14
99.7,43.72,58.06,57.0,83.92,68.15,70.07,82.71,156.0,4.0,79.17,100.0,72.85,401,0,1.0,0,1.0,1.0,77.44
,50.69,56.39,81.57,62.03,38.57,56.55,64.22,150.0,12.0,59.39,68.67,40.03,216,1,0.0,1,0.0,0.0,49.2
58.71,56.83,38.25,42.19,68.0,56.98,80.4,75.86,126.0,11.0,62.57,71.81,51.69,185,0,1.0,0,0.0,0.0,56.17
74.43,31.57,43.22,67.98,47.89,41.04,53.45,48.44,145.0,10.0,57.24,53.07,37.45,91,0,0.0,0,0.0,0.0,26.91
63.71,70.51,72.31,64.26,84.7,62.33,70.95,72.94,139.0,9.0,50.27,58.77,72.69,295,1,1.0,0,1.0,0.0,66.14
47.28,63.14,50.86,51.49,77.74,45.77,73.32,55.94,151.0,7.0,63.64,71.58,66.19,258,0,1.0,1,1.0,0.0,73.79
46.08,22.67,22.58,72.14,41.73,29.97,82.56,72.6,117.0,5.0,66.4,55.92,55.55,290,0,0.0,0,0.0,0.0,36.52
93.35,42.0,70.96,79.67,76.88,65.17,89.74,66.91,121.0,6.0,69.44,85.46,57.12,312,0,1.0,0,1.0,1.0,76.92
49.12,31.19,29.44,44.62,48.43,42.8,50.18,34.3,124.0,5.0,61.2,52.55,57.48,80,0,0.0,0,0.0,0.0,20.69
49.81,60.41,42.0,41.29,59.88,56.47,72.1,62.55,139.0,2.0,73.66,70.79,65.16,188,0,0.0,0,1.0,0.0,61.41
67.63,42.23,42.4,62.54,71.46,64.28,69.37,65.06,169.0,10.0,67.17,70.57,56.39,187,0,0.0,0,0.0,1.0,42.53
54.7,45.24,51.06,73.4,68.22,52.69,62.98,39.06,142.0,10.0,49.86,49.98,53.61,197,0,0.0,0,0.0,1.0,39.62
82.95,70.32,48.63,96.0,84.82,68.11,69.57,98.0,157.0,5.0,81.11,75.82,73.44,289,0,1.0,0,0.0,1.0,78.55
50.04,43.98,55.06,62.12,62.97,54.3,79.21,65.67,125.0,9.0,38.52,37.25,53.23,165,0,0.0,0,0.0,0.0,50.4
82.41,67.63,69.87,71.78,56.58,61.3,78.25,71.17,131.0,7.0,66.86,75.87,55.34,296,1,0.0,1,0.0,0.0,56.88
75.66,73.52,56.02,70.63,73.9,60.2,58.65,62.85,126.0,10.0,61.05,79.76,59.74,356,1,0.0,1,1.0,0.0,57.45
86.15,72.35,66.24,76.09,59.86,66.47,55.31,39.57,134.0,7.0,66.01,69.33,62.68,212,1,0.0,1,1.0,0.0,63.26
46.34,46.09,21.74,46.19,56.25,39.95,93.84,57.37,155.0,7.0,51.21,51.84,40.51,356,0,0.0,0,0.0,0.0,25.86
51.03,41.05,41.44,74.27,61.82,34.84,53.7,60.28,131.0,7.0,62.51,67.61,46.2,250,0,0.0,0,0.0,0.0,39.96
35.47,38.01,42.86,50.22,44.64,44.48,55.52,39.97,132.0,9.0,,56.49,39.23,163,0,0.0,0,0.0,0.0,31.62
49.44,74.15,27.51,59.7,21.31,45.78,73.28,100.0,151.0,3.0,80.33,64.65,65.68,150,0,0.0,0,0.0,0.0,45.22
88.58,37.8,45.52,77.45,49.45,60.1,69.21,73.84,130.0,3.0,65.66,75.39,45.08,276,0,0.0,0,0.0,0.0,38.67
66.37,39.68,45.14,73.55,66.54,42.91,61.34,56.81,,8.0,71.35,49.97,41.47,299,0,0.0,1,0.0,0.0,40.76
61.64,39.13,82.3,58.46,58.16,51.87,60.3,54.37,132.0,8.0,52.95,60.27,30.16,267,1,0.0,0,1.0,1.0,60.2
60.16,37.65,37.89,64.96,70.55,44.44,62.63,37.1,172.0,19.0,30.14,61.97,51.11,312,0,0.0,0,1.0,0.0,38.71
62.64,52.81,62.29,100.0,56.0,57.16,74.4,76.36,156.0,3.0,79.35,99.9,,343,0,0.0,1,1.0,0.0,61.21
27.25,42.08,27.05,65.01,45.51,34.88,45.33,66.88,170.0,11.0,47.11,56.42,27.92,277,0,0.0,0,0.0,0.0,21.71
78.38,50.75,60.99,71.88,66.08,66.3,62.47,58.08,115.0,10.0,53.64,59.38,59.0,392,1,1.0,0,1.0,0.0,60.98
53.55,52.79,50.13,60.89,70.92,53.43,59.38,66.64,145.0,15.0,53.49,64.74,52.41,193,0,0.0,0,0.0,1.0,52.4
,45.19,69.25,38.92,55.87,51.97,75.15,59.71,,15.0,60.76,60.31,66.32,224,0,1.0,0,0.0,0.0,55.05
84.06,71.34,57.02,70.98,89.22,83.46,49.33,48.16,131.0,10.0,50.75,66.97,69.03,254,1,1.0,0,0.0,0.0,60.33
53.11,43.74,31.42,56.21,76.18,45.68,41.44,46.82,108.0,5.0,52.98,69.62,56.52,199,0,0.0,1,1.0,1.0,47.89
42.69,22.14,32.94,38.87,11.93,22.58,64.96,80.64,162.0,6.0,47.92,55.28,59.09,158,0,0.0,0,0.0,0.0,22.05
53.22,41.81,27.15,57.3,61.92,32.48,69.31,45.52,110.0,8.0,38.88,65.11,56.73,137,0,0.0,0,1.0,1.0,48.05
85.34,75.44,64.69,81.85,48.1,68.02,85.08,68.9,158.0,5.0,98.98,72.46,80.2,352,0,0.0,1,0.0,0.0,73.1
66.67,71.77,52.42,56.9,54.39,62.44,59.24,67.68,131.0,5.0,57.66,67.29,60.39,165,0,0.0,0,0.0,0.0,50.23
40.66,11.21,26.53,50.34,34.07,21.21,54.02,41.82,121.0,8.0,50.65,52.63,45.64,177,0,0.0,0,0.0,0.0,20.45
63.87,79.63,45.16,63.51,70.52,64.86,58.24,74.95,121.0,2.0,77.11,66.53,42.5,252,1,0.0,1,1.0,0.0,68.15
59.19,39.73,37.45,40.82,52.91,44.65,71.15,68.4,141.0,4.0,73.18,61.37,56.82,197,0,0.0,1,0.0,0.0,45.22
73.44,63.26,42.85,88.69,76.3,51.51,68.98,59.58,133.0,4.0,64.04,42.94,40.18,230,0,1.0,1,0.0,1.0,64.25
28.04,47.18,48.09,64.17,58.82,46.53,71.96,76.75,140.0,12.0,69.71,59.44,51.3,271,0,1.0,0,1.0,1.0,55.6
58.9,72.19,21.63,44.16,66.86,49.6,48.52,43.03,101.0,19.0,51.7,54.14,33.96,252,1,0.0,0,0.0,0.0,33.63
52.81,80.37,47.04,73.5,58.86,50.97,71.64,86.88,103.0,6.0,73.68,64.05,64.92,311,1,1.0,0,1.0,0.0,67.63
68.58,71.77,64.19,49.37,79.83,70.36,73.46,69.44,107.0,7.0,66.28,58.74,73.51,262,1,1.0,0,1.0,1.0,78.99
49.89,34.79,50.43,42.26,10.6,42.11,66.19,67.49,154.0,7.0,54.79,71.83,64.3,163,0,0.0,0,0.0,0.0,36.32
70.06,50.41,76.3,88.3,89.01,59.99,40.42,37.22,162.0,4.0,64.64,66.82,42.98,360,0,1.0,0,1.0,1.0,63.0
79.09,47.84,57.65,76.66,78.63,64.05,38.8,43.46,131.0,5.0,58.06,37.46,45.79,289,0,1.0,0,0.0,0.0,57.75
61.84,42.22,24.45,57.87,64.69,47.3,41.34,40.68,149.0,17.0,22.94,16.7,50.62,248,0,0.0,1,0.0,0.0,33.92
48.48,45.98,58.82,70.61,76.18,52.84,67.48,72.13,146.0,4.0,56.77,44.84,51.9,229,0,0.0,0,1.0,0.0,43.42
62.88,11.45,76.2,77.96,37.15,,87.79,54.07,163.0,11.0,58.39,71.68,53.08,184,0,0.0,0,0.0,0.0,38.46
62.82,46.58,36.79,57.89,69.18,49.68,62.61,43.56,160.0,11.0,52.84,58.74,60.61,358,0,1.0,0,1.0,0.0,48.19
48.27,49.26,50.09,74.9,63.29,56.14,46.65,55.25,114.0,11.0,26.47,31.51,50.74,272,0,0.0,0,1.0,0.0,44.54
63.09,23.59,99.4,43.66,56.75,,75.03,40.89,144.0,7.0,45.96,32.53,68.42,330,0,0.0,0,1.0,,59.22
80.89,61.6,48.98,55.55,50.36,46.55,54.32,50.43,153.0,,57.24,48.11,55.34,228,1,0.0,0,1.0,0.0,43.53
58.21,44.73,77.03,69.85,65.84,44.54,62.88,76.56,154.0,7.0,60.28,52.85,49.16,257,0,1.0,0,0.0,1.0,51.71
77.11,77.12,76.14,83.26,79.51,62.03,,64.84,151.0,13.0,56.78,84.06,69.42,317,1,1.0,0,1.0,0.0,62.94
55.3,55.6,77.3,55.73,48.5,47.25,73.29,84.54,140.0,4.0,48.49,75.89,63.94,250,0,1.0,0,0.0,0.0,52.16
,33.65,60.83,38.96,54.04,49.49,72.98,85.71,152.0,7.0,72.7,84.35,60.53,317,0,0.0,0,1.0,0.0,52.63
65.76,77.85,70.86,41.58,48.53,58.33,100.0,88.29,118.0,0.0,76.36,98.1,82.3,164,1,0.0,1,1.0,1.0,75.42
66.93,55.26,55.41,69.0,55.04,55.68,65.62,43.42,114.0,18.0,50.96,38.64,56.22,80,1,0.0,0,0.0,0.0,33.08
59.83,65.55,44.89,59.87,81.12,57.83,56.35,61.63,165.0,5.0,52.28,53.69,45.19,361,1,1.0,1,1.0,0.0,55.32
67.77,49.84,46.85,52.84,73.81,54.7,78.98,61.67,161.0,3.0,60.87,73.56,63.34,211,0,0.0,0,0.0,1.0,46.52
68.26,45.35,28.26,48.79,69.36,56.15,55.51,75.89,166.0,2.0,59.32,63.96,74.22,302,0,0.0,0,1.0,0.0,56.26
69.85,64.15,41.54,76.52,82.51,51.13,52.72,67.11,135.0,4.0,86.33,71.26,67.98,290,1,1.0,0,1.0,0.0,64.35
59.45,25.71,43.6,68.96,58.87,47.29,58.12,76.2,120.0,4.0,71.59,76.51,59.04,171,0,1.0,0,0.0,1.0,44.78
71.85,23.91,70.22,69.91,48.82,53.84,94.29,87.39,140.0,4.0,60.02,93.22,57.67,209,0,0.0,0,0.0,0.0,44.39
83.47,31.2,45.21,89.96,72.1,49.39,83.71,69.2,177.0,2.0,97.12,71.68,57.15,205,0,0.0,0,0.0,0.0,49.95
42.56,31.26,53.35,42.33,57.73,45.06,70.15,80.77,125.0,4.0,75.85,83.36,56.3,194,0,0.0,0,1.0,0.0,41.28
,48.81,53.97,76.96,42.72,57.21,73.28,58.74,137.0,7.0,73.09,62.06,57.73,323,0,0.0,0,0.0,1.0,59.34
90.67,61.4,79.09,100.0,63.29,72.0,66.64,41.78,161.0,6.0,51.95,90.74,63.25,260,0,0.0,1,0.0,0.0,64.49
95.97,57.7,59.64,74.83,54.84,50.98,54.99,57.69,139.0,10.0,61.17,68.89,54.71,207,0,0.0,1,1.0,1.0,60.21
74.87,37.21,71.4,72.34,37.79,60.29,62.14,30.14,132.0,8.0,53.61,49.23,43.29,190,0,0.0,0,0.0,0.0,37.67
63.99,30.76,63.57,57.62,44.33,49.8,76.68,86.09,154.0,6.0,64.19,73.56,51.92,280,0,0.0,0,0.0,0.0,49.11
38.96,39.1,39.3,53.69,38.08,40.18,79.87,70.01,133.0,11.0,66.06,59.94,54.49,173,0,0.0,0,0.0,0.0,37.2
54.79,87.1,36.35,69.86,84.64,41.21,37.29,67.81,144.0,11.0,69.34,64.37,49.82,313,1,1.0,1,1.0,1.0,55.03
78.5,67.88,61.94,77.03,65.85,62.6,75.81,70.78,97.0,10.0,73.17,59.07,71.42,335,1,0.0,0,1.0,1.0,68.41
66.32,57.31,28.76,54.43,36.55,38.35,63.99,40.39,107.0,6.0,70.0,73.09,42.71,345,0,0.0,0,0.0,0.0,43.35
54.7,74.74,53.48,38.71,63.49,63.87,48.93,27.95,133.0,7.0,46.6,18.44,41.0,225,1,1.0,1,0.0,0.0,57.43
58.57,40.39,38.15,57.11,47.45,38.08,75.12,97.01,164.0,7.0,51.8,63.07,43.4,291,1,0.0,0,0.0,0.0,45.91
70.97,33.48,58.36,64.77,50.16,60.24,,79.99,135.0,8.0,41.74,58.64,61.63,217,0,,0,0.0,0.0,44.89
56.23,48.82,28.69,55.7,47.25,49.81,61.48,82.01,138.0,11.0,66.39,59.92,51.14,217,0,0.0,0,0.0,0.0,48.51
48.53,81.01,50.08,64.99,75.92,60.75,52.6,47.99,142.0,3.0,49.14,67.02,54.81,240,0,0.0,1,1.0,0.0,56.33
73.24,53.88,65.37,100.0,52.77,68.3,71.79,51.99,133.0,1.0,75.79,59.55,72.26,246,0,0.0,0,0.0,0.0,46.07
43.94,57.13,35.89,46.83,37.74,36.43,74.79,61.12,111.0,4.0,69.0,71.12,67.85,350,1,0.0,0,0.0,0.0,47.43
77.27,42.26,82.34,51.53,73.11,57.93,80.64,78.06,154.0,4.0,71.73,76.92,53.96,289,0,1.0,0,1.0,0.0,69.36
52.0,48.09,29.87,43.93,50.22,48.12,70.44,92.35,145.0,11.0,57.36,59.88,68.43,272,0,0.0,0,0.0,1.0,46.52
66.0,55.92,58.7,59.85,81.02,54.43,54.25,62.63,144.0,13.0,55.76,50.47,58.98,245,1,1.0,0,0.0,0.0,53.33
63.95,45.67,52.49,88.27,62.61,47.21,59.83,68.11,118.0,5.0,78.11,66.1,73.38,225,0,0.0,0,0.0,0.0,56.35
72.61,48.5,69.35,55.01,66.88,57.56,60.18,33.71,166.0,7.0,44.26,42.01,68.03,87,0,0.0,0,0.0,1.0,50.63
68.39,53.8,54.71,59.32,80.04,53.89,92.72,78.47,135.0,4.0,81.7,89.14,71.59,81,0,0.0,0,1.0,1.0,53.39
64.04,68.57,37.26,61.42,36.79,62.55,57.84,46.12,164.0,8.0,64.76,51.24,51.75,363,0,0.0,1,0.0,0.0,47.2
75.71,42.95,50.17,81.37,62.1,61.12,55.52,67.85,100.0,6.0,62.01,57.4,64.01,285,0,0.0,0,0.0,0.0,40.08
52.92,43.86,56.16,30.65,43.85,41.53,51.01,40.69,129.0,7.0,40.42,28.4,32.99,179,1,0.0,1,0.0,0.0,39.28
69.68,62.37,55.91,44.78,79.07,54.49,52.63,57.83,165.0,10.0,50.0,67.06,53.71,278,0,1.0,0,0.0,1.0,54.63
59.65,57.95,56.67,63.98,68.25,58.82,68.04,65.59,137.0,1.0,40.49,52.6,48.78,259,0,0.0,0,0.0,0.0,60.52
68.81,56.89,67.9,79.62,68.04,69.51,91.48,57.0,99.0,2.0,45.34,75.95,66.34,313,0,1.0,0,1.0,0.0,54.62
60.36,58.52,41.02,68.22,55.88,54.09,89.07,72.12,125.0,5.0,73.32,66.69,45.9,80,1,0.0,0,0.0,0.0,59.63
62.35,51.5,33.4,48.08,63.82,43.6,58.95,66.52,143.0,4.0,70.67,68.05,52.73,215,1,1.0,0,1.0,0.0,69.05
51.43,47.25,36.28,57.43,41.16,34.53,54.98,55.65,163.0,9.0,48.87,64.18,45.69,179,0,,0,0.0,0.0,32.22
88.63,76.4,41.81,81.55,81.3,67.01,64.25,52.16,134.0,7.0,73.4,58.87,59.37,252,1,1.0,1,1.0,1.0,73.38
83.11,64.03,34.23,66.34,85.53,64.71,81.62,87.13,161.0,4.0,84.5,80.3,70.76,252,1,1.0,0,0.0,1.0,78.07
69.09,42.69,56.67,49.78,59.23,50.18,64.73,90.9,146.0,10.0,63.17,70.13,45.58,137,0,0.0,1,0.0,0.0,51.95
59.53,59.78,37.41,53.16,64.93,,57.44,50.26,131.0,9.0,42.79,70.06,60.77,282,0,0.0,0,1.0,0.0,46.05
59.2,26.5,29.4,77.04,76.56,49.21,33.81,53.52,149.0,14.0,40.36,56.86,41.84,275,0,1.0,0,1.0,1.0,41.12
88.06,70.29,70.43,75.97,83.4,74.7,58.0,76.59,155.0,4.0,77.19,66.87,88.77,259,1,1.0,1,1.0,0.0,87.97
59.48,57.2,55.89,47.39,28.7,51.8,89.34,68.78,137.0,5.0,62.5,69.42,67.7,210,1,0.0,1,0.0,0.0,58.27
90.37,57.22,77.81,63.77,57.12,58.7,52.73,62.02,124.0,4.0,64.39,62.77,59.88,230,0,0.0,0,0.0,1.0,61.55
70.12,72.68,43.04,63.82,48.57,54.17,87.01,72.78,113.0,7.0,68.28,75.66,61.39,307,0,0.0,0,0.0,0.0,52.95
77.6,39.19,74.78,88.93,75.97,57.57,53.95,57.89,145.0,5.0,46.41,54.19,64.34,181,0,0.0,0,0.0,0.0,60.28
52.47,47.63,40.06,66.82,57.28,49.9,57.02,97.51,128.0,2.0,76.93,62.07,52.31,248,0,0.0,0,1.0,0.0,50.31
78.83,35.66,51.16,54.01,74.98,49.46,60.82,82.86,148.0,11.0,50.97,81.5,69.74,195,0,1.0,0,0.0,0.0,46.58
59.81,26.39,57.85,76.16,56.33,49.05,81.62,46.75,147.0,7.0,45.25,53.21,74.81,113,0,0.0,0,0.0,0.0,40.79
57.7,61.23,48.63,67.85,64.96,54.26,43.48,67.79,142.0,12.0,46.6,51.51,42.73,348,0,0.0,1,1.0,0.0,52.3
77.17,59.97,66.97,61.77,48.64,64.17,79.51,43.93,138.0,7.0,71.81,59.8,65.42,189,1,0.0,0,0.0,0.0,54.32
93.92,36.51,78.74,78.86,78.3,60.59,76.75,62.16,118.0,1.0,84.62,79.77,61.25,165,0,0.0,0,1.0,1.0,69.77
67.81,66.08,63.47,69.29,75.67,66.55,64.13,69.06,147.0,6.0,62.93,68.08,49.03,276,1,0.0,0,1.0,1.0,67.24
82.02,43.43,57.11,85.18,48.96,51.4,47.99,65.14,152.0,16.0,48.28,70.85,51.48,159,0,0.0,0,0.0,0.0,43.94
51.92,68.8,8.82,25.44,53.66,36.61,34.16,36.98,177.0,7.0,59.37,55.91,40.76,258,0,1.0,1,0.0,0.0,44.91
64.31,28.09,45.8,59.88,55.64,45.46,78.09,68.85,130.0,6.0,59.22,47.8,64.72,130,0,0.0,0,0.0,0.0,41.91
54.28,51.68,46.37,60.17,58.21,57.08,81.97,65.95,123.0,6.0,48.12,79.82,61.04,288,0,0.0,0,0.0,0.0,53.53
81.28,61.97,28.1,53.06,80.07,53.63,67.24,62.68,118.0,5.0,47.44,44.66,64.11,274,1,1.0,1,1.0,1.0,66.08
69.59,66.37,58.29,69.49,80.95,53.52,80.27,52.35,140.0,3.0,,80.63,62.55,231,0,1.0,1,0.0,1.0,70.47
70.04,80.06,33.79,79.28,68.76,55.85,54.7,60.3,152.0,10.0,40.23,65.09,48.83,277,0,0.0,1,0.0,0.0,45.83
64.92,82.77,53.51,80.58,86.91,65.49,89.81,50.63,159.0,2.0,74.92,83.23,73.48,322,1,1.0,1,0.0,0.0,69.12
66.48,53.18,51.05,94.33,74.1,70.88,89.47,99.52,,2.0,74.73,90.87,82.11,292,0,1.0,0,1.0,0.0,74.55
49.06,72.89,5.69,45.33,60.98,47.1,93.79,91.69,150.0,6.0,56.27,79.49,59.47,311,0,0.0,1,0.0,0.0,48.8
54.57,70.51,29.21,55.18,48.35,44.58,50.41,51.83,115.0,14.0,65.17,72.85,59.19,227,0,0.0,1,0.0,0.0,46.27
74.0,45.42,86.0,73.35,70.66,63.66,63.48,42.0,143.0,11.0,65.42,43.53,54.22,107,0,0.0,0,0.0,0.0,47.36
33.29,58.42,31.98,56.79,37.97,49.11,40.01,26.86,98.0,11.0,40.3,29.58,40.38,189,0,0.0,0,0.0,0.0,20.5
63.74,42.35,47.23,80.77,62.65,51.23,77.26,69.83,135.0,0.0,55.06,72.57,40.55,202,0,0.0,0,0.0,0.0,60.12
79.75,61.83,38.54,64.89,49.12,54.96,79.09,69.77,133.0,10.0,54.3,67.08,57.64,133,0,0.0,0,0.0,0.0,44.62
75.25,53.93,77.65,67.91,84.14,64.5,56.32,56.72,146.0,3.0,71.69,49.96,49.65,256,0,0.0,0,0.0,1.0,61.89
65.33,40.31,61.44,61.22,79.18,,49.47,34.56,145.0,,21.48,47.59,52.73,153,0,1.0,1,0.0,0.0,58.03
67.42,45.96,34.92,60.2,44.12,44.27,43.7,66.44,123.0,17.0,38.95,56.98,47.69,192,0,0.0,0,0.0,0.0,33.23
80.53,50.26,62.61,91.99,65.94,68.67,74.58,60.81,128.0,1.0,68.89,84.16,79.9,157,0,0.0,0,0.0,0.0,61.13
65.9,54.16,36.46,41.8,58.02,56.43,61.53,71.59,140.0,14.0,47.79,58.42,71.31,263,0,0.0,0,0.0,0.0,43.86
93.85,65.55,46.85,62.32,87.8,72.22,71.91,61.12,149.0,1.0,75.86,66.65,68.0,179,1,1.0,1,0.0,0.0,65.54
38.09,35.27,18.24,58.25,62.26,35.29,69.74,64.14,153.0,4.0,44.43,32.58,41.24,236,0,0.0,0,1.0,0.0,30.71
78.57,70.61,63.15,60.78,68.84,57.49,69.71,79.24,131.0,3.0,84.55,90.02,69.76,357,1,1.0,0,0.0,0.0,73.68
52.08,45.07,36.26,42.44,16.74,36.34,47.9,68.44,136.0,3.0,67.31,51.99,42.72,130,0,0.0,1,0.0,0.0,32.87
56.12,62.57,34.78,74.03,73.74,50.28,66.73,69.8,121.0,4.0,68.7,77.58,52.15,240,0,0.0,0,1.0,0.0,45.35
77.03,60.54,29.61,59.14,59.43,50.04,64.93,31.27,120.0,7.0,40.03,41.37,51.63,134,0,0.0,0,1.0,0.0,41.66
63.86,80.12,64.88,71.47,77.52,65.49,59.26,42.74,103.0,12.0,38.98,59.05,,198,1,0.0,0,1.0,1.0,61.94
47.22,45.54,70.25,77.71,66.89,57.05,52.73,50.49,126.0,12.0,51.42,48.66,73.43,133,0,0.0,0,0.0,1.0,46.98
60.64,,71.17,56.3,62.18,47.66,84.44,79.34,165.0,3.0,58.63,81.55,58.22,338,0,0.0,0,0.0,0.0,58.04
79.26,66.16,57.71,45.21,56.11,,83.82,100.0,167.0,3.0,99.13,100.0,70.25,183,1,0.0,0,0.0,0.0,57.85
61.66,28.27,67.21,89.3,53.57,46.22,70.64,64.33,150.0,9.0,60.89,63.24,64.44,159,0,0.0,0,0.0,0.0,43.07
68.14,49.42,60.58,72.16,69.6,68.74,70.2,61.43,158.0,7.0,47.45,45.81,83.97,281,0,1.0,0,1.0,1.0,64.93
48.63,52.19,51.93,72.81,69.69,55.82,47.28,50.26,151.0,11.0,51.8,23.59,48.45,190,0,1.0,0,0.0,1.0,50.04
56.45,,35.0,54.2,74.41,46.64,75.82,68.06,144.0,3.0,66.22,89.08,40.51,294,1,0.0,1,0.0,0.0,47.48
74.49,67.41,61.92,62.88,63.72,70.89,76.03,35.78,97.0,13.0,69.99,51.33,68.5,277,1,1.0,1,0.0,1.0,59.48
83.18,56.04,66.36,66.0,72.85,63.84,95.32,87.03,184.0,3.0,96.28,83.35,60.96,206,0,,0,0.0,0.0,65.91
81.91,27.29,70.44,83.92,78.14,74.82,66.36,62.71,135.0,4.0,61.29,81.76,60.76,256,0,1.0,0,1.0,0.0,60.59
65.37,63.34,70.13,88.32,60.47,64.54,91.54,100.0,139.0,2.0,68.26,96.15,86.44,163,1,0.0,0,0.0,0.0,73.51
76.4,58.81,55.96,78.49,87.19,68.79,72.05,60.82,166.0,10.0,65.1,83.96,58.2,351,0,1.0,1,1.0,1.0,69.95
78.99,17.44,68.44,90.29,63.15,60.76,48.84,61.85,140.0,6.0,86.19,68.63,49.5,290,0,1.0,0,0.0,0.0,52.01
66.31,58.57,67.65,81.83,66.52,70.93,77.43,68.13,186.0,11.0,57.98,48.16,75.91,360,0,1.0,0,0.0,1.0,57.59
69.23,38.8,63.11,47.85,40.77,47.65,89.22,67.61,127.0,1.0,66.5,88.51,61.78,308,0,1.0,0,0.0,0.0,53.93
87.81,45.54,57.99,72.8,78.82,72.19,70.64,48.12,158.0,4.0,59.46,78.34,78.03,214,1,0.0,0,0.0,1.0,61.78
47.85,32.42,34.47,47.1,48.22,34.86,78.26,66.28,136.0,6.0,55.87,67.5,,161,0,0.0,0,0.0,0.0,35.75
69.88,43.87,48.04,71.72,58.18,51.18,65.22,78.74,141.0,4.0,75.74,80.42,65.92,315,0,0.0,0,0.0,0.0,59.95
51.95,30.76,23.12,60.49,27.64,34.83,65.57,83.19,123.0,9.0,50.94,80.22,32.98,188,0,0.0,0,0.0,0.0,29.99
86.37,61.53,50.95,73.55,61.38,68.64,55.63,32.23,126.0,9.0,57.89,54.62,50.11,247,0,0.0,0,1.0,1.0,68.29
92.09,60.58,34.25,82.46,61.98,,50.92,53.59,160.0,9.0,58.4,58.91,52.88,268,1,1.0,0,0.0,0.0,61.38
52.24,40.81,53.61,36.28,60.65,56.61,76.07,55.15,150.0,11.0,54.35,54.71,56.68,233,0,1.0,0,0.0,,51.73
82.24,69.91,78.79,63.68,59.63,76.51,64.89,59.28,147.0,7.0,67.7,93.17,92.36,235,0,0.0,0,0.0,1.0,64.19
92.5,46.39,68.56,68.16,38.93,60.81,48.27,43.91,107.0,11.0,48.71,42.43,62.46,333,0,0.0,1,1.0,0.0,47.78
59.11,50.38,43.45,69.66,60.03,45.53,75.0,85.61,112.0,6.0,50.06,70.82,65.21,440,0,1.0,0,1.0,1.0,64.29
37.78,25.44,34.54,54.52,19.44,36.32,75.63,53.31,124.0,6.0,66.12,43.56,53.52,182,0,0.0,0,0.0,0.0,21.56
86.26,89.86,57.3,85.12,72.17,61.24,39.64,45.4,128.0,7.0,63.34,51.79,38.69,269,1,1.0,1,0.0,1.0,67.81
77.68,63.88,85.67,56.56,82.89,74.9,,40.97,137.0,5.0,51.65,72.12,78.93,242,0,0.0,1,1.0,0.0,71.4
,82.97,31.74,59.66,38.27,45.61,50.97,63.39,143.0,10.0,58.46,49.11,33.13,266,1,0.0,1,0.0,0.0,45.83
60.97,53.27,50.03,63.39,62.29,61.22,77.76,78.55,159.0,0.0,73.55,79.44,61.35,214,0,0.0,0,1.0,1.0,79.23
64.67,1.72,28.48,36.81,40.64,24.06,65.69,82.44,166.0,3.0,72.19,57.36,54.33,108,0,0.0,0,0.0,0.0,27.6
61.11,62.12,47.57,71.61,63.73,52.26,60.74,79.11,142.0,5.0,77.14,62.03,84.81,167,1,1.0,0,0.0,1.0,67.7
63.23,36.69,62.91,75.94,50.43,54.6,64.48,57.84,124.0,1.0,70.15,46.97,76.81,334,1,0.0,0,0.0,0.0,50.5
80.65,75.72,49.37,93.69,71.97,71.64,47.62,36.31,150.0,15.0,37.64,52.0,60.22,230,1,0.0,1,1.0,1.0,60.86
77.44,59.98,60.84,54.22,68.47,58.24,65.26,74.68,142.0,11.0,57.65,56.54,80.03,186,0,1.0,0,0.0,0.0,57.42
58.96,35.75,53.95,78.05,43.53,45.91,54.91,61.91,146.0,10.0,35.91,35.28,41.26,355,0,0.0,0,0.0,0.0,37.39
60.43,56.8,50.18,40.04,65.02,58.7,61.15,45.41,160.0,2.0,80.16,52.82,66.41,278,0,1.0,0,0.0,0.0,72.22
83.67,74.89,25.87,49.37,53.52,63.46,55.67,47.81,131.0,0.0,62.93,50.83,73.1,213,1,0.0,0,0.0,0.0,58.07
58.82,30.9,38.66,42.42,56.31,40.73,51.14,63.27,163.0,5.0,70.82,69.84,35.98,186,0,1.0,0,1.0,0.0,45.39
69.71,77.06,50.04,82.87,63.75,59.81,85.04,77.83,116.0,5.0,58.85,65.3,69.47,346,1,0.0,1,1.0,0.0,65.8
69.04,94.71,19.55,59.23,61.71,50.99,78.19,88.24,154.0,1.0,76.04,67.04,68.03,146,1,0.0,1,0.0,0.0,61.36
91.45,50.74,42.82,65.37,58.26,60.59,75.13,66.23,129.0,11.0,66.48,87.11,68.47,157,1,0.0,0,0.0,0.0,48.47
67.7,74.73,53.71,78.55,66.8,68.13,100.0,94.17,148.0,1.0,81.73,92.77,67.8,285,1,0.0,1,1.0,1.0,74.97
64.09,63.41,39.11,62.76,57.03,54.76,48.24,41.24,143.0,7.0,40.73,52.34,52.75,180,1,0.0,0,1.0,1.0,53.48
83.52,66.79,50.8,70.36,56.66,57.05,56.11,42.24,131.0,4.0,50.7,53.91,56.72,179,0,1.0,1,0.0,0.0,67.16
72.88,57.9,64.51,64.95,67.56,72.47,55.44,49.03,126.0,14.0,40.05,23.21,51.79,325,1,1.0,0,1.0,0.0,53.36
27.77,30.91,38.52,33.08,47.49,19.97,59.83,65.96,123.0,7.0,68.11,60.37,,207,0,0.0,0,0.0,1.0,30.88
64.8,63.18,39.29,81.51,97.85,67.31,50.64,33.94,142.0,4.0,48.99,68.28,69.09,189,1,1.0,1,1.0,1.0,75.97
61.5,57.62,21.11,87.3,80.68,55.23,66.47,18.61,151.0,9.0,67.04,76.36,52.64,243,0,0.0,0,0.0,0.0,49.51
62.37,59.58,54.52,94.32,80.06,64.59,58.66,46.36,171.0,10.0,57.26,59.1,63.72,118,0,0.0,0,1.0,1.0,51.83
59.37,26.65,84.19,66.97,39.74,45.66,72.41,61.12,135.0,7.0,66.08,65.14,71.55,215,0,0.0,0,0.0,0.0,43.4
83.38,24.95,51.41,59.88,37.75,47.87,59.0,46.02,111.0,12.0,55.5,34.21,66.16,137,0,0.0,0,0.0,0.0,21.74
30.96,27.38,20.71,36.74,34.01,28.9,51.65,53.49,146.0,17.0,,63.49,38.82,215,0,0.0,0,0.0,0.0,20.02
74.59,58.59,47.16,82.87,90.06,63.41,66.15,59.58,108.0,4.0,64.77,50.97,72.94,276,0,1.0,0,1.0,0.0,67.87
64.77,14.58,54.79,59.47,79.12,37.95,81.0,61.63,170.0,2.0,91.23,98.2,60.16,230,0,1.0,0,1.0,0.0,46.66
72.69,56.37,47.56,60.67,57.05,66.2,65.16,57.9,153.0,8.0,72.16,61.4,72.61,223,1,1.0,0,0.0,1.0,70.89
70.12,48.84,80.77,70.99,50.59,63.78,68.27,50.26,121.0,4.0,31.02,43.88,48.9,213,0,0.0,0,0.0,,49.6
51.63,31.69,43.27,39.28,50.7,41.14,61.53,55.09,110.0,8.0,34.69,17.85,31.05,158,0,0.0,0,0.0,1.0,35.27
70.94,42.03,41.68,48.02,61.87,51.2,80.05,80.24,126.0,1.0,84.34,70.77,71.27,158,0,0.0,0,0.0,0.0,53.91
61.79,52.58,39.84,69.19,59.28,61.77,72.8,35.13,150.0,,45.25,52.6,68.61,187,0,0.0,0,0.0,0.0,47.96
73.18,75.67,67.21,69.78,81.43,64.79,52.41,44.82,123.0,4.0,51.39,45.67,62.73,308,1,0.0,0,1.0,0.0,61.47
49.03,60.24,30.15,51.22,78.78,44.13,38.83,48.96,149.0,8.0,,42.59,33.18,107,0,0.0,1,0.0,1.0,47.52
57.16,58.15,73.05,20.63,68.92,61.21,42.16,44.93,153.0,10.0,59.03,61.0,27.82,220,0,1.0,1,1.0,0.0,54.76
26.7,5.89,21.88,15.86,47.97,24.45,,32.72,125.0,12.0,32.56,58.16,40.96,260,0,0.0,0,0.0,0.0,4.67
56.77,31.11,50.37,47.86,17.21,32.82,59.22,68.46,154.0,6.0,48.0,61.95,,172,0,0.0,0,0.0,0.0,32.56
77.45,79.8,47.89,48.22,87.2,73.21,60.84,51.53,160.0,2.0,56.33,61.02,43.61,454,1,1.0,1,1.0,1.0,76.93
61.3,64.17,51.97,44.61,60.83,56.81,75.56,62.96,151.0,6.0,64.4,54.69,59.59,366,1,1.0,0,1.0,0.0,64.22
47.81,56.19,25.08,67.73,83.68,44.35,59.39,50.5,148.0,6.0,58.61,67.56,42.21,219,0,1.0,0,1.0,1.0,60.93
53.33,62.94,36.52,70.36,70.65,56.15,84.83,98.15,220.0,3.0,79.7,93.64,70.88,165,1,0.0,0,0.0,1.0,66.97
27.94,61.64,34.9,30.47,53.41,42.07,41.3,21.48,172.0,8.0,34.08,59.15,53.38,254,0,0.0,0,1.0,0.0,33.77
68.18,51.58,72.47,67.91,61.68,59.38,71.38,47.29,122.0,5.0,67.76,49.41,60.63,372,0,0.0,0,1.0,1.0,64.61
56.36,44.42,24.86,50.74,46.18,44.04,71.55,56.46,132.0,6.0,61.85,55.11,50.94,139,0,0.0,0,0.0,0.0,43.0
74.83,60.72,36.13,48.98,61.83,58.82,53.0,53.05,154.0,,50.62,41.63,57.35,375,1,1.0,1,0.0,1.0,53.95
72.22,30.54,37.13,69.94,63.43,54.76,61.74,48.57,132.0,6.0,62.48,68.97,35.82,276,0,0.0,0,0.0,0.0,39.48
68.5,23.15,57.89,60.05,61.91,50.3,88.59,65.87,137.0,6.0,63.77,74.07,72.59,184,0,1.0,0,0.0,0.0,44.01
79.75,45.95,49.79,57.54,72.66,56.32,64.03,59.83,114.0,11.0,58.49,69.97,68.17,337,1,0.0,0,0.0,1.0,52.68
79.59,57.61,54.88,74.68,85.42,66.57,76.77,83.2,132.0,10.0,82.21,55.62,70.35,276,0,1.0,1,1.0,0.0,69.23
72.73,15.7,31.07,39.58,43.94,46.23,42.65,32.57,179.0,17.0,29.59,53.32,36.74,247,0,0.0,0,0.0,0.0,17.01
64.05,62.48,43.88,78.01,69.93,61.63,57.54,49.04,132.0,8.0,58.29,55.33,54.68,265,1,1.0,1,0.0,0.0,57.46
37.08,57.9,29.12,63.43,54.4,41.18,62.46,72.78,162.0,3.0,65.48,85.94,49.96,80,0,0.0,1,0.0,0.0,35.89
48.05,50.65,26.02,54.25,53.22,43.04,67.53,85.6,130.0,10.0,64.16,77.34,54.22,144,0,0.0,0,0.0,0.0,34.35
70.43,71.63,21.11,73.29,81.68,68.65,74.89,76.31,121.0,5.0,65.3,62.02,51.51,330,1,1.0,0,1.0,0.0,62.66
59.72,55.98,58.59,59.71,66.19,60.54,99.98,84.43,130.0,6.0,75.5,82.73,78.24,303,0,0.0,1,1.0,0.0,55.17
57.11,69.66,54.21,76.34,59.34,58.92,38.79,30.27,148.0,4.0,53.43,41.01,45.82,198,1,0.0,0,0.0,0.0,48.14
,6.3,50.22,50.39,48.23,47.24,84.79,66.55,103.0,1.0,84.45,72.6,66.18,197,0,0.0,0,1.0,0.0,39.97
51.03,34.01,45.84,59.81,51.93,40.43,79.07,80.73,172.0,1.0,76.69,80.48,54.23,283,0,0.0,0,0.0,0.0,41.37
41.92,47.12,33.25,56.86,47.73,43.02,68.17,47.84,148.0,10.0,49.24,53.77,55.82,352,1,0.0,0,,0.0,41.88
66.01,67.67,42.24,71.63,75.49,70.91,81.2,76.81,135.0,1.0,87.04,71.03,87.63,321,1,1.0,0,0.0,1.0,81.2
53.87,41.57,60.52,72.36,30.61,50.69,80.48,67.99,127.0,11.0,41.42,62.9,59.39,214,1,0.0,0,0.0,0.0,41.72
60.1,57.74,62.09,98.33,68.53,70.46,57.97,21.04,129.0,3.0,43.64,54.82,41.69,272,1,0.0,0,0.0,0.0,52.86
94.72,58.62,88.85,88.25,100.0,79.02,90.95,64.79,163.0,0.0,74.7,60.97,78.12,317,0,1.0,0,1.0,1.0,95.18
60.82,37.89,55.68,61.69,51.76,46.4,71.09,63.36,111.0,12.0,,55.21,54.2,282,0,1.0,0,0.0,0.0,42.25
70.75,62.06,48.67,52.22,70.89,65.51,80.91,78.33,140.0,10.0,67.74,85.41,67.78,327,1,0.0,0,1.0,0.0,60.6
67.39,48.38,91.29,85.23,68.99,54.28,79.71,57.62,161.0,2.0,68.73,92.32,56.22,270,0,0.0,0,1.0,0.0,63.56
55.22,64.29,69.98,58.67,50.99,57.71,55.91,60.24,101.0,9.0,55.75,52.79,54.52,352,0,0.0,1,1.0,,54.87
66.92,90.06,37.31,100.0,96.52,76.1,59.11,74.27,127.0,4.0,83.9,66.68,77.03,313,1,1.0,1,1.0,1.0,85.92
60.53,72.37,33.18,29.85,27.65,49.93,74.6,83.26,113.0,7.0,83.37,80.99,60.56,160,0,0.0,0,0.0,0.0,50.77
79.83,72.29,21.25,97.27,70.44,48.79,54.53,57.82,114.0,8.0,54.67,43.98,64.72,315,0,1.0,0,0.0,0.0,54.96
56.99,61.44,38.13,67.41,43.26,41.43,71.34,56.71,144.0,7.0,46.78,64.07,45.42,234,1,0.0,0,0.0,0.0,44.25
55.99,34.82,49.46,29.91,64.4,44.82,75.56,60.51,152.0,5.0,70.6,75.31,49.02,270,0,1.0,0,0.0,0.0,59.51
74.6,78.14,74.78,89.23,57.84,72.35,49.65,48.58,129.0,2.0,70.8,53.07,59.22,302,0,1.0,1,0.0,0.0,56.23
43.44,38.1,36.7,36.75,76.4,46.03,83.22,86.77,115.0,10.0,63.42,55.69,40.47,323,0,1.0,0,1.0,1.0,49.15
91.57,72.03,63.24,68.6,69.78,70.36,72.7,37.65,125.0,5.0,71.37,72.04,68.19,175,1,,0,0.0,0.0,71.05
68.33,41.72,66.71,50.62,52.81,58.0,44.13,29.93,143.0,8.0,68.97,62.15,50.63,244,0,0.0,0,0.0,0.0,42.38
63.32,48.04,63.76,51.47,30.25,52.32,28.32,47.06,133.0,10.0,36.1,36.96,47.03,167,0,0.0,0,0.0,0.0,32.73
74.99,65.0,36.52,64.59,77.88,59.26,46.65,75.09,115.0,8.0,79.49,67.25,40.25,296,1,1.0,1,1.0,0.0,60.85
20.06,24.28,59.54,54.0,31.16,35.48,47.11,41.9,128.0,14.0,20.08,26.97,44.23,80,0,0.0,0,0.0,0.0,6.12
57.64,50.8,41.49,98.68,60.56,49.17,49.13,28.27,151.0,13.0,28.7,52.28,45.69,279,1,0.0,0,0.0,1.0,49.09
55.96,42.31,42.79,59.27,74.71,53.78,40.32,46.54,139.0,7.0,30.63,37.56,59.32,280,1,0.0,0,0.0,1.0,47.34
66.04,81.02,58.56,40.08,89.22,60.73,44.92,31.35,117.0,11.0,39.65,44.18,47.68,360,1,1.0,1,1.0,1.0,64.75
65.83,23.99,32.75,65.75,46.97,45.12,66.06,66.56,144.0,7.0,64.7,83.19,58.64,223,0,0.0,0,0.0,0.0,39.53
100.0,56.0,70.3,70.34,67.89,72.77,73.21,64.14,130.0,7.0,58.27,47.61,73.08,165,0,0.0,0,0.0,0.0,53.67
49.92,69.72,12.27,77.65,33.52,41.95,42.77,64.79,,7.0,55.45,72.51,24.38,91,0,0.0,1,0.0,0.0,31.08
67.72,47.14,37.26,57.01,36.35,50.56,37.91,39.06,138.0,8.0,54.24,49.35,57.3,273,0,0.0,0,0.0,0.0,35.7
90.32,68.07,68.82,61.64,76.02,79.93,66.38,68.47,119.0,8.0,63.35,54.63,67.0,360,1,1.0,1,1.0,0.0,73.13
75.56,14.59,91.06,57.98,67.58,50.69,69.88,75.97,132.0,7.0,65.31,57.45,45.97,252,0,1.0,0,0.0,0.0,42.22
79.09,54.64,66.22,83.53,77.65,71.75,73.41,51.2,159.0,8.0,74.1,65.07,68.83,235,0,0.0,0,1.0,1.0,72.41
63.76,48.48,68.21,60.53,63.06,63.31,70.43,67.24,184.0,2.0,60.8,96.11,74.46,306,0,1.0,0,0.0,0.0,51.59
54.88,85.05,16.05,69.58,47.46,49.81,86.09,65.93,111.0,5.0,65.06,45.87,60.07,149,1,0.0,1,0.0,0.0,46.68
59.39,53.49,30.28,47.16,73.69,54.7,59.81,58.61,122.0,12.0,51.68,38.14,55.31,238,0,1.0,1,1.0,1.0,55.57
67.93,19.83,26.6,82.3,34.46,38.31,59.29,46.54,159.0,7.0,49.2,38.98,27.36,297,0,0.0,0,0.0,0.0,26.15
61.48,21.81,45.69,37.98,46.2,48.33,62.55,32.74,116.0,11.0,48.46,57.34,43.52,108,0,0.0,0,0.0,0.0,29.07
59.56,71.86,42.03,34.01,63.0,37.51,67.98,39.37,137.0,1.0,61.76,71.79,59.44,256,0,0.0,0,0.0,1.0,61.82
49.93,30.97,58.25,75.88,59.55,56.33,50.93,43.7,169.0,7.0,56.68,58.49,63.62,161,1,0.0,0,0.0,0.0,41.88
83.84,78.88,34.28,64.47,70.53,57.35,67.28,64.31,126.0,8.0,50.23,32.27,59.48,233,1,0.0,0,1.0,,66.91
63.13,49.82,59.2,69.28,59.49,55.81,72.44,65.87,136.0,12.0,46.24,70.19,63.47,195,0,0.0,1,0.0,1.0,50.44
81.87,65.46,50.44,57.44,77.92,59.26,79.12,100.0,118.0,8.0,81.62,84.1,64.16,297,1,1.0,0,0.0,0.0,61.15
90.64,60.99,62.4,63.41,57.97,74.01,44.03,54.68,148.0,8.0,54.71,66.63,57.36,227,0,0.0,0,0.0,0.0,57.46
57.89,45.91,60.48,75.62,62.61,52.86,68.03,53.1,107.0,12.0,52.89,54.68,45.83,270,0,1.0,0,0.0,0.0,53.85
57.39,47.88,47.59,61.99,63.08,47.73,67.2,27.82,127.0,17.0,,30.4,43.48,282,0,1.0,0,0.0,1.0,42.58
100.0,40.43,66.62,61.3,65.97,71.21,74.25,68.57,117.0,7.0,66.15,72.19,67.77,197,0,0.0,0,1.0,0.0,59.38
64.29,84.41,33.16,73.3,66.51,64.51,63.69,66.34,133.0,0.0,75.83,78.24,48.42,224,0,1.0,0,0.0,0.0,67.05
74.51,38.39,88.78,98.66,74.8,64.2,77.94,45.63,174.0,3.0,61.98,76.24,89.68,256,0,1.0,0,1.0,0.0,68.99
82.84,64.2,70.2,69.8,47.43,58.21,93.49,69.87,150.0,3.0,88.14,78.7,66.62,307,0,0.0,0,1.0,1.0,68.69
63.84,39.71,52.9,82.97,44.39,43.69,44.82,47.8,140.0,3.0,49.58,50.87,46.97,185,0,0.0,0,0.0,0.0,46.88
54.42,46.83,92.67,56.62,67.52,66.91,58.48,58.92,143.0,4.0,59.33,57.61,47.5,178,0,1.0,0,1.0,0.0,56.44
100.0,71.19,66.73,99.2,80.24,79.72,80.79,82.97,141.0,4.0,82.94,98.9,46.5,284,1,1.0,1,1.0,0.0,82.07
74.65,100.0,74.01,80.8,70.19,76.94,81.52,73.7,164.0,5.0,74.64,98.08,91.38,304,1,0.0,1,0.0,0.0,70.33
54.08,,19.53,39.78,60.04,46.29,36.33,17.25,149.0,20.0,34.19,41.32,40.62,260,0,1.0,0,0.0,0.0,33.58
75.37,44.63,79.09,100.0,59.9,52.02,72.38,55.51,117.0,3.0,69.18,79.2,39.02,279,0,1.0,0,0.0,0.0,60.41
65.92,36.29,55.62,61.79,24.81,43.94,57.51,65.43,156.0,3.0,66.11,47.79,42.06,137,0,0.0,0,0.0,0.0,36.92
69.02,31.0,40.92,57.04,80.81,49.27,84.52,70.6,146.0,3.0,74.23,87.99,85.3,384,1,1.0,0,1.0,1.0,66.14
29.98,53.87,33.58,55.29,71.6,49.21,78.35,76.74,149.0,9.0,49.72,63.53,62.54,280,0,1.0,0,1.0,1.0,53.73
82.42,85.64,80.89,62.14,86.56,68.17,59.7,39.44,102.0,10.0,31.01,28.3,29.41,269,1,0.0,1,0.0,1.0,61.5
62.6,66.03,33.49,46.8,51.06,57.06,73.3,67.77,140.0,13.0,61.42,78.42,56.3,219,0,1.0,0,0.0,0.0,48.52
74.88,46.75,57.8,54.24,51.87,65.65,83.06,70.81,139.0,4.0,68.66,66.05,67.43,333,0,0.0,0,1.0,1.0,71.12
,54.28,52.04,62.17,53.38,46.1,60.38,60.75,126.0,8.0,67.65,82.18,59.62,145,1,0.0,0,0.0,1.0,56.72
94.03,47.79,75.49,70.77,71.19,68.17,82.49,62.14,161.0,4.0,64.99,78.42,69.21,149,1,0.0,0,0.0,0.0,66.8
73.22,40.07,55.23,95.02,59.98,59.89,100.0,73.32,114.0,2.0,78.1,65.87,57.04,173,0,0.0,0,0.0,0.0,49.53
68.97,61.54,62.22,61.64,60.68,65.02,52.88,66.63,190.0,8.0,71.26,69.47,53.55,213,1,0.0,1,,1.0,56.58
77.67,76.82,52.65,60.11,80.85,53.92,61.74,69.0,118.0,6.0,76.2,53.0,50.41,265,1,0.0,1,1.0,1.0,64.06
61.5,62.57,60.1,46.5,58.82,58.18,67.54,72.05,148.0,8.0,68.55,89.93,68.92,228,0,0.0,0,0.0,0.0,58.89
97.13,67.95,68.75,60.98,94.99,74.07,94.51,99.71,147.0,1.0,100.0,86.95,76.96,377,1,1.0,0,1.0,0.0,87.42
67.49,60.44,48.2,80.43,67.56,57.24,89.89,92.9,164.0,2.0,82.86,66.07,65.54,247,0,1.0,0,0.0,0.0,62.2
60.1,84.17,50.71,71.98,40.85,70.68,72.95,55.27,170.0,2.0,62.72,42.68,64.14,200,1,0.0,1,0.0,0.0,59.35
74.26,58.61,52.47,87.52,52.0,57.9,72.13,80.79,132.0,1.0,69.13,80.49,54.29,198,0,0.0,0,0.0,0.0,60.96
62.14,28.65,63.42,67.82,72.37,55.42,73.21,65.35,143.0,3.0,74.67,61.83,78.51,280,0,0.0,0,1.0,0.0,53.87
78.09,95.3,46.69,69.71,73.59,69.14,63.83,66.82,131.0,9.0,55.05,59.94,72.93,206,1,0.0,1,0.0,0.0,61.99
55.65,53.16,26.9,76.67,64.75,50.55,85.34,85.53,124.0,2.0,70.14,91.32,76.24,246,1,0.0,0,1.0,0.0,62.97
81.78,23.89,76.29,60.32,61.58,60.25,66.89,66.6,140.0,7.0,45.64,44.11,45.09,184,0,0.0,0,0.0,0.0,44.06
,26.61,78.97,61.95,80.78,63.85,100.0,80.43,143.0,1.0,70.6,59.41,77.91,298,1,0.0,0,1.0,0.0,70.2
55.94,63.21,58.16,79.6,47.45,50.65,71.98,57.03,140.0,7.0,49.28,63.25,64.02,266,1,0.0,0,0.0,0.0,59.85
72.22,62.98,75.53,79.24,83.8,69.66,57.3,39.6,131.0,16.0,44.73,35.04,47.49,335,1,1.0,1,0.0,0.0,52.91
63.0,48.19,48.26,61.1,74.89,55.59,82.37,46.87,148.0,10.0,57.8,59.55,51.31,259,0,1.0,0,1.0,1.0,59.11
72.32,83.7,53.31,85.33,69.66,57.64,41.9,49.39,150.0,8.0,44.5,46.68,38.29,234,1,0.0,1,0.0,0.0,66.69
37.82,43.85,50.56,55.17,56.41,38.19,69.07,82.93,118.0,12.0,71.72,54.41,40.34,146,1,0.0,0,0.0,0.0,40.68
67.37,34.42,33.49,61.87,46.39,50.19,59.52,75.44,149.0,3.0,72.57,45.61,67.11,106,0,0.0,0,0.0,0.0,44.86
79.65,46.7,64.8,93.27,49.37,57.47,55.58,42.79,166.0,13.0,49.97,51.75,63.16,217,1,0.0,0,0.0,0.0,50.41
68.55,67.41,62.6,67.18,64.74,77.93,88.88,68.42,119.0,4.0,88.71,91.87,76.56,220,0,0.0,0,1.0,1.0,75.17
57.55,51.73,40.89,59.89,57.86,55.38,83.9,86.28,144.0,6.0,72.57,86.11,65.77,227,0,1.0,0,0.0,0.0,45.69
,16.64,7.8,26.51,45.8,25.83,74.54,86.63,149.0,4.0,77.41,81.43,46.34,252,0,0.0,0,0.0,1.0,31.12
53.99,77.43,32.32,100.0,57.43,65.33,71.66,43.58,154.0,4.0,47.82,81.04,84.47,154,0,1.0,1,0.0,0.0,69.23
86.38,66.24,43.46,51.04,63.57,65.94,58.78,93.64,154.0,9.0,62.16,56.29,55.94,169,1,0.0,1,1.0,0.0,56.69
100.0,69.57,91.43,77.98,95.83,83.66,67.19,71.18,161.0,3.0,81.21,79.84,68.24,179,0,1.0,0,1.0,1.0,82.83
83.42,60.59,64.59,65.76,62.96,56.0,65.28,74.02,142.0,4.0,57.8,50.43,56.45,192,0,0.0,0,0.0,0.0,56.1
44.4,42.45,41.28,71.42,47.25,47.25,60.06,65.92,120.0,14.0,55.12,56.14,39.05,296,0,0.0,0,0.0,1.0,30.06
64.95,63.4,55.44,69.92,66.88,67.87,84.0,48.79,135.0,8.0,57.71,69.45,70.88,285,0,0.0,1,0.0,0.0,56.19
80.8,60.01,68.47,82.81,84.66,65.72,75.01,46.56,166.0,9.0,53.53,50.26,77.94,309,1,0.0,1,0.0,,62.5
44.16,65.97,31.81,45.18,57.62,35.55,57.2,47.82,122.0,9.0,57.62,71.02,45.6,159,0,0.0,0,0.0,1.0,45.74
73.36,43.88,80.93,45.27,54.6,51.73,42.83,55.59,145.0,6.0,72.2,41.07,59.82,137,0,0.0,0,0.0,0.0,48.84
92.13,55.42,79.97,84.74,85.19,84.21,53.7,47.45,153.0,2.0,55.68,71.08,44.72,338,1,1.0,0,1.0,1.0,77.03
73.81,74.01,72.16,67.76,57.29,66.45,63.9,64.63,150.0,6.0,66.86,74.31,53.54,382,1,1.0,1,0.0,0.0,64.64
54.39,49.6,59.1,57.12,52.65,59.62,78.45,80.78,158.0,2.0,76.4,73.06,68.01,189,0,0.0,0,0.0,0.0,55.13
64.99,34.6,62.98,71.35,43.87,50.64,56.73,55.21,137.0,11.0,41.06,59.08,31.13,179,0,0.0,0,1.0,0.0,45.22
55.11,60.36,22.87,73.3,55.69,45.18,43.88,42.2,134.0,18.0,51.7,70.72,48.83,170,0,0.0,0,0.0,0.0,34.07
61.06,87.83,46.24,55.0,80.62,76.31,75.56,45.9,173.0,4.0,53.67,45.55,64.83,240,0,1.0,1,1.0,0.0,67.54
48.33,41.08,70.32,67.02,57.11,48.76,67.78,30.46,175.0,5.0,61.96,44.86,59.57,346,0,1.0,0,0.0,0.0,52.82
68.02,75.9,18.68,63.96,53.6,51.83,77.87,61.92,167.0,4.0,56.64,52.47,57.62,228,0,0.0,0,1.0,0.0,50.16
35.12,60.93,45.26,59.49,56.67,49.4,44.98,62.21,146.0,10.0,58.16,35.87,47.16,288,1,0.0,0,0.0,0.0,45.47
78.86,50.34,65.89,100.0,71.65,63.49,88.42,56.68,132.0,8.0,76.76,73.09,45.72,283,0,0.0,0,1.0,0.0,59.6
84.76,59.64,62.4,72.7,66.97,70.03,71.59,81.81,142.0,3.0,43.42,76.37,51.29,317,1,1.0,0,0.0,1.0,79.38
100.0,84.44,50.23,47.68,92.51,77.6,55.32,54.53,135.0,6.0,59.38,56.51,68.14,366,1,1.0,1,0.0,1.0,64.9
70.81,41.27,61.18,70.88,74.93,61.12,83.54,77.16,161.0,6.0,70.3,83.01,53.86,318,0,0.0,0,1.0,0.0,54.01
88.99,93.58,47.25,79.91,79.31,70.43,73.15,68.81,147.0,0.0,88.75,84.91,62.11,206,0,0.0,0,0.0,0.0,70.8
80.68,40.53,82.43,67.96,36.87,48.55,57.72,44.3,149.0,6.0,61.8,50.95,48.91,170,0,0.0,1,1.0,0.0,52.68
55.89,57.37,52.02,55.81,57.69,47.41,90.14,68.78,142.0,3.0,77.84,59.63,62.98,222,0,1.0,0,0.0,0.0,62.78
72.76,42.16,28.08,44.15,64.1,43.98,50.81,79.33,92.0,12.0,70.08,67.85,58.15,236,1,0.0,0,1.0,0.0,40.5
55.05,25.36,46.14,84.1,41.38,44.73,79.2,63.49,165.0,5.0,57.45,75.08,60.13,289,0,0.0,0,0.0,0.0,46.03
50.29,39.72,46.76,59.92,60.81,41.59,70.72,55.27,139.0,5.0,67.83,70.76,49.39,227,0,0.0,0,0.0,0.0,46.12
,88.89,41.45,63.26,69.9,55.67,62.34,76.35,156.0,8.0,61.52,58.21,40.26,131,1,0.0,1,0.0,1.0,55.84
66.01,42.45,37.07,94.71,66.92,46.17,,68.11,135.0,1.0,77.43,77.6,93.53,193,0,1.0,0,0.0,0.0,65.74
82.28,43.81,46.66,58.72,85.94,62.01,73.04,54.59,169.0,9.0,56.72,69.04,62.66,209,0,0.0,0,1.0,1.0,60.75
76.0,59.6,66.85,84.78,76.0,70.5,62.61,79.98,129.0,4.0,69.14,56.28,73.79,291,0,0.0,0,1.0,1.0,73.75
67.4,69.52,45.86,46.1,43.9,51.05,36.9,25.44,134.0,6.0,38.26,40.21,19.03,225,1,0.0,0,1.0,0.0,53.25
78.34,57.3,49.53,89.89,56.21,57.81,90.4,59.81,143.0,0.0,74.78,65.28,66.14,319,0,1.0,1,0.0,0.0,58.08
82.16,90.04,64.81,68.75,89.67,79.46,51.12,57.81,110.0,10.0,46.79,64.99,55.82,194,1,0.0,1,1.0,1.0,63.59
76.69,81.93,32.68,77.16,87.33,67.28,72.36,75.51,147.0,3.0,73.1,61.8,62.7,175,1,1.0,1,1.0,0.0,77.28
70.05,,70.75,100.0,52.27,70.65,59.56,60.04,153.0,9.0,64.88,71.87,70.66,222,0,0.0,0,0.0,0.0,45.19
72.92,68.0,61.39,64.45,58.18,61.08,67.02,33.8,147.0,16.0,58.56,68.09,57.72,95,0,0.0,1,0.0,0.0,46.17
88.53,52.46,56.72,47.7,99.73,61.74,80.76,75.34,183.0,5.0,59.96,77.19,61.0,265,0,1.0,0,1.0,1.0,69.28
,47.11,51.3,67.74,55.74,58.32,58.3,53.41,122.0,5.0,,67.74,57.03,217,0,0.0,0,0.0,0.0,46.44
46.92,16.1,31.22,53.7,72.72,36.37,56.07,60.46,107.0,3.0,58.8,65.28,47.78,324,0,1.0,0,1.0,0.0,43.45
53.54,21.13,53.39,73.62,43.11,37.72,66.09,51.79,118.0,15.0,40.29,66.86,35.43,250,0,0.0,0,0.0,0.0,28.44
68.91,66.21,76.06,100.0,63.99,72.61,92.72,71.19,144.0,5.0,67.14,78.35,84.59,159,1,0.0,0,0.0,0.0,80.1
57.36,53.99,54.9,83.41,49.79,62.19,39.01,50.7,157.0,9.0,53.14,52.82,44.96,171,0,1.0,0,0.0,0.0,44.02
61.4,29.14,62.74,60.07,36.34,47.23,57.47,51.48,141.0,10.0,60.1,48.91,51.33,124,0,0.0,0,0.0,0.0,38.33
77.95,73.85,77.38,60.79,44.34,59.4,56.55,37.94,129.0,12.0,51.17,45.15,69.87,202,1,0.0,0,0.0,1.0,62.79
55.63,69.78,39.01,38.42,50.4,59.36,83.41,81.96,169.0,6.0,65.53,49.05,95.42,287,0,0.0,1,0.0,,55.01
73.68,40.28,42.65,56.42,56.36,53.14,70.31,44.3,138.0,4.0,57.14,56.1,62.8,401,0,0.0,0,0.0,0.0,49.36
40.21,28.81,14.36,57.21,41.94,32.85,52.75,53.84,113.0,17.0,45.03,63.88,24.95,209,0,0.0,0,0.0,0.0,17.45
54.68,45.63,63.23,38.96,49.7,46.46,69.13,55.63,158.0,8.0,51.36,55.81,51.18,226,0,1.0,0,0.0,0.0,40.7
90.8,32.83,71.69,58.99,80.04,70.13,67.46,44.57,151.0,11.0,54.58,73.47,80.31,237,0,1.0,0,0.0,1.0,62.85
58.03,65.56,58.77,81.02,83.53,55.77,23.0,34.72,137.0,10.0,41.46,62.66,38.54,181,1,0.0,0,0.0,1.0,60.98
46.5,13.53,53.13,43.76,40.49,28.72,55.89,34.37,167.0,8.0,,36.18,47.94,80,0,0.0,0,0.0,0.0,24.77
47.65,9.24,59.37,64.47,52.38,51.39,77.53,67.18,139.0,1.0,71.75,56.99,70.87,280,0,0.0,0,0.0,0.0,34.8
64.68,24.37,56.1,53.26,41.84,39.67,45.51,27.73,141.0,14.0,38.94,49.88,34.39,262,0,0.0,0,1.0,0.0,31.37
63.69,54.84,47.37,69.83,65.94,61.09,75.99,72.62,123.0,4.0,86.84,82.37,87.82,212,0,0.0,0,1.0,1.0,74.82
82.95,29.57,72.83,62.46,68.34,67.43,88.51,84.51,130.0,6.0,97.04,85.77,81.64,246,0,0.0,0,0.0,0.0,52.85
58.44,40.07,35.98,29.18,48.45,43.36,62.71,66.84,130.0,6.0,57.88,54.91,51.85,277,1,0.0,0,1.0,0.0,46.32
48.33,46.93,41.36,74.33,54.5,41.48,77.91,85.71,153.0,11.0,65.15,81.96,56.09,264,0,0.0,1,0.0,0.0,39.74
58.02,42.71,27.36,52.55,58.39,48.13,58.89,75.4,126.0,1.0,78.89,58.89,45.19,285,1,,0,0.0,0.0,57.07
47.51,32.26,28.34,44.94,33.06,43.0,79.83,83.25,139.0,5.0,78.27,73.24,53.64,188,0,0.0,0,0.0,0.0,38.64
75.54,72.44,55.0,54.89,90.04,68.88,50.08,41.51,133.0,3.0,62.5,61.21,48.47,934,0,1.0,1,0.0,1.0,65.21
100.0,36.98,66.45,85.58,79.47,63.25,34.47,30.06,134.0,12.0,39.6,24.23,69.73,203,0,0.0,0,1.0,0.0,49.17
77.96,52.96,40.11,73.13,58.91,58.11,69.65,47.46,126.0,10.0,58.9,69.98,70.52,151,0,0.0,0,0.0,1.0,60.61
56.08,65.61,38.0,70.16,49.34,43.13,90.84,92.7,139.0,5.0,65.65,85.68,52.49,314,1,1.0,0,0.0,0.0,57.43
48.73,47.49,23.97,42.38,21.74,29.89,59.74,84.08,118.0,4.0,75.02,67.63,67.91,320,0,0.0,1,0.0,0.0,36.0
71.67,55.13,68.81,66.28,90.01,63.78,54.51,55.99,137.0,9.0,61.57,56.11,71.64,213,1,1.0,0,0.0,0.0,67.22
82.92,60.42,84.75,88.63,74.32,72.36,58.01,79.23,138.0,13.0,65.07,54.64,56.65,175,1,1.0,0,0.0,1.0,71.49
74.98,81.37,34.02,88.8,76.2,57.91,63.39,86.38,140.0,5.0,67.87,62.82,65.18,202,1,1.0,1,1.0,0.0,70.77
60.28,57.94,66.48,82.95,60.47,60.69,56.93,64.69,148.0,6.0,49.52,80.66,48.37,169,0,0.0,1,0.0,0.0,51.52
77.81,60.25,47.16,55.36,61.82,61.57,99.06,92.79,176.0,3.0,82.05,84.34,85.76,194,1,0.0,0,0.0,0.0,64.66
68.13,45.39,43.84,73.78,62.31,51.96,45.13,66.47,106.0,14.0,57.72,40.88,54.65,291,1,0.0,0,0.0,0.0,45.52
48.12,46.07,33.75,47.73,52.0,29.51,77.97,59.37,134.0,9.0,45.49,84.43,45.03,306,0,1.0,0,0.0,0.0,36.65
94.01,52.75,73.61,47.46,71.11,67.63,75.09,74.5,124.0,8.0,66.0,60.25,54.55,369,0,1.0,0,0.0,0.0,60.01
64.01,78.36,46.37,45.81,65.12,69.7,64.11,59.89,145.0,8.0,,60.75,59.82,294,0,,0,0.0,0.0,54.97
87.35,76.27,56.64,78.29,66.06,71.92,76.36,41.4,153.0,0.0,71.46,73.85,74.97,308,1,0.0,1,1.0,0.0,73.51
68.68,49.74,14.69,59.51,58.74,46.98,74.84,95.96,119.0,7.0,66.07,72.12,72.02,176,0,1.0,0,0.0,0.0,52.87
76.66,58.72,45.98,67.01,49.17,54.21,80.08,76.2,147.0,6.0,48.44,77.03,66.21,232,0,0.0,1,0.0,0.0,51.15
48.86,,62.85,76.43,46.45,50.31,86.87,78.67,158.0,7.0,49.86,74.63,70.15,154,0,0.0,0,0.0,,46.76
77.34,41.75,33.59,49.38,56.81,51.14,61.96,46.78,146.0,18.0,63.18,60.77,48.38,80,0,0.0,0,0.0,0.0,28.68
75.87,66.87,72.3,54.28,77.1,71.16,68.24,60.03,133.0,5.0,65.95,76.68,46.29,237,1,0.0,0,0.0,1.0,72.32
69.33,67.99,41.23,58.69,91.15,55.29,49.23,51.98,149.0,6.0,54.85,60.15,34.81,236,0,1.0,1,1.0,1.0,70.9
52.02,58.63,45.62,46.82,45.67,48.5,62.72,60.52,134.0,8.0,41.61,38.94,47.91,158,0,1.0,0,0.0,0.0,53.33
77.03,76.84,67.63,76.69,67.33,66.14,77.23,74.5,157.0,4.0,66.97,58.11,59.51,242,1,1.0,1,0.0,0.0,80.93
79.31,71.18,51.12,73.18,61.77,65.9,45.9,63.33,143.0,7.0,61.07,52.29,54.71,339,0,0.0,0,0.0,0.0,52.39
61.53,56.36,47.13,28.72,62.25,39.53,58.53,73.93,135.0,4.0,57.85,66.59,56.66,305,0,1.0,0,0.0,0.0,58.66
79.73,89.54,51.85,43.64,69.93,64.91,40.04,56.01,113.0,7.0,86.15,73.13,64.99,385,1,0.0,1,1.0,0.0,63.25
67.54,51.2,32.09,61.15,55.6,53.31,74.81,52.73,141.0,11.0,45.43,45.11,33.83,277,1,1.0,0,0.0,0.0,42.07
61.61,43.0,7.86,39.76,62.79,45.36,89.39,87.09,123.0,3.0,75.46,99.45,90.73,124,0,0.0,0,1.0,1.0,50.7
92.3,68.05,80.67,45.08,71.35,71.3,71.47,60.9,120.0,0.0,78.34,64.76,73.55,133,1,0.0,0,0.0,1.0,69.96
53.61,72.95,29.74,63.06,42.65,36.3,52.23,67.01,131.0,10.0,44.43,42.1,46.29,141,0,0.0,1,1.0,0.0,36.09
78.26,74.37,76.93,100.0,88.51,79.59,93.58,84.25,142.0,6.0,64.19,70.78,75.54,446,1,1.0,0,1.0,1.0,94.44
42.8,54.35,55.86,56.34,50.93,57.51,66.02,59.86,118.0,3.0,55.52,61.25,55.28,206,0,0.0,0,0.0,0.0,45.83
84.53,55.77,62.22,65.24,72.74,59.63,67.0,71.72,136.0,3.0,59.69,56.5,71.04,263,0,0.0,0,1.0,0.0,69.12
84.44,63.75,50.2,77.45,89.61,65.27,87.04,65.16,138.0,17.0,64.1,87.54,59.74,278,1,1.0,0,0.0,0.0,70.06
65.56,37.94,42.72,37.5,83.31,55.86,34.46,41.22,124.0,7.0,33.58,29.56,46.04,260,0,0.0,0,1.0,0.0,39.3
72.09,38.63,50.16,67.57,35.67,54.16,60.26,59.4,134.0,8.0,73.79,67.88,73.78,137,0,0.0,0,0.0,0.0,45.43
95.27,80.11,62.52,94.24,79.5,83.34,80.51,66.08,153.0,4.0,73.85,42.56,78.1,226,1,0.0,1,0.0,1.0,72.65
62.47,75.16,47.55,97.52,53.06,66.17,65.68,65.02,,12.0,51.94,76.35,65.68,109,0,0.0,0,1.0,1.0,59.11
43.39,42.93,44.36,45.28,66.27,35.49,69.21,35.53,150.0,12.0,43.18,68.22,34.22,217,0,0.0,0,0.0,0.0,35.55
65.58,75.66,53.18,48.82,79.98,59.67,,51.17,136.0,8.0,67.88,64.92,66.22,265,0,0.0,0,1.0,0.0,67.13
62.83,32.63,77.19,90.81,71.08,62.0,91.1,44.38,161.0,2.0,77.22,57.21,75.85,157,0,0.0,0,0.0,1.0,60.19
77.82,50.76,61.07,83.06,58.66,60.14,86.13,96.7,157.0,1.0,94.7,70.5,72.35,83,0,0.0,0,0.0,0.0,61.77
82.77,55.86,72.68,84.66,73.55,70.2,59.5,81.67,134.0,8.0,,71.59,67.9,281,1,1.0,0,1.0,0.0,67.08
41.18,75.12,36.25,45.37,48.56,46.6,74.35,39.26,128.0,11.0,67.3,82.98,47.53,277,1,0.0,1,0.0,0.0,53.41
68.73,46.94,71.04,68.63,56.45,55.25,59.01,53.1,147.0,4.0,62.67,52.78,74.42,185,0,1.0,0,1.0,0.0,64.13
83.0,41.98,74.29,54.65,59.43,58.94,95.91,69.75,134.0,3.0,64.98,80.33,99.01,190,0,1.0,0,0.0,0.0,58.75
71.61,34.38,69.29,66.42,32.81,44.56,81.03,66.9,113.0,4.0,55.91,57.88,52.03,205,0,0.0,0,0.0,0.0,39.03
77.87,57.68,60.49,69.83,60.55,57.12,83.75,45.56,155.0,4.0,51.48,39.95,74.56,244,0,0.0,0,1.0,1.0,65.43
50.93,15.15,64.89,91.43,74.15,48.63,49.37,36.0,126.0,11.0,42.98,23.5,45.44,258,0,0.0,0,1.0,1.0,40.85
67.87,20.88,64.07,67.12,51.6,48.8,51.42,29.61,100.0,10.0,35.02,37.77,33.7,302,0,0.0,0,0.0,0.0,25.51
36.32,29.03,51.1,20.1,44.11,38.7,39.47,61.39,134.0,12.0,57.53,52.78,55.81,135,0,0.0,0,0.0,0.0,25.97
52.53,50.96,29.59,49.87,54.35,42.78,55.1,42.59,154.0,5.0,60.65,76.91,47.18,126,0,0.0,0,0.0,1.0,33.79
58.74,19.74,64.61,64.39,43.26,55.06,54.54,83.1,127.0,6.0,62.75,66.98,61.04,171,0,0.0,0,0.0,0.0,35.56
80.67,50.86,47.78,60.43,63.58,65.12,69.19,83.27,133.0,8.0,61.59,57.68,82.31,171,0,0.0,0,1.0,1.0,59.5
78.5,75.13,77.05,63.14,74.3,67.78,57.01,82.71,147.0,14.0,61.75,64.45,65.63,193,0,1.0,1,0.0,0.0,69.38
59.61,75.06,14.22,70.6,41.13,49.77,60.53,57.82,130.0,12.0,41.0,43.11,52.57,194,0,0.0,0,,0.0,36.94
49.27,46.98,60.43,48.56,59.36,56.83,69.63,87.06,138.0,5.0,,68.8,52.0,189,0,1.0,0,0.0,0.0,43.65
93.49,63.62,71.13,92.04,94.61,72.46,91.94,89.06,159.0,,78.25,82.18,67.04,319,1,0.0,1,0.0,1.0,84.21
57.06,62.89,45.0,46.29,39.74,44.51,53.77,37.73,150.0,6.0,46.61,72.86,46.08,147,1,0.0,0,0.0,0.0,49.58
49.81,,54.55,51.15,46.18,50.21,62.86,61.3,143.0,9.0,58.8,68.41,51.16,190,0,0.0,0,0.0,1.0,33.56
62.05,59.29,42.17,80.85,80.61,62.31,39.88,43.63,105.0,13.0,,24.05,52.39,157,1,0.0,0,1.0,1.0,51.11
100.0,64.12,100.0,95.52,74.04,87.32,58.8,56.94,149.0,5.0,65.35,53.53,58.18,296,1,0.0,0,1.0,1.0,71.64
49.52,53.17,22.23,59.27,65.72,47.23,70.86,55.09,133.0,1.0,51.78,68.22,47.22,240,0,0.0,0,1.0,0.0,47.45
54.35,67.19,42.89,63.04,100.0,58.35,72.21,82.46,149.0,2.0,79.48,85.65,63.66,411,1,1.0,0,1.0,1.0,73.76
72.6,52.16,28.8,62.68,70.86,45.45,56.26,49.16,110.0,14.0,64.83,42.55,53.2,276,0,0.0,0,0.0,0.0,48.57
44.47,0.0,46.99,37.79,40.08,31.22,,47.83,155.0,7.0,40.32,54.42,44.03,850,0,0.0,0,0.0,0.0,20.3
71.12,32.41,63.21,39.72,65.59,59.98,66.68,46.66,124.0,5.0,59.79,62.83,58.13,269,0,0.0,0,1.0,0.0,47.76
72.21,15.81,75.4,81.38,71.79,63.11,53.56,67.73,145.0,7.0,48.53,82.5,46.98,224,0,0.0,0,1.0,1.0,52.71
86.75,41.16,92.62,100.0,64.94,75.77,68.46,47.33,156.0,7.0,69.12,60.2,74.32,290,0,1.0,0,0.0,0.0,62.17
72.14,38.33,47.54,76.75,41.8,55.02,74.4,72.7,147.0,6.0,84.1,100.0,77.36,187,1,0.0,0,0.0,0.0,55.93
76.18,49.92,54.72,64.59,65.53,71.65,47.7,52.61,144.0,8.0,62.35,51.69,62.06,267,0,0.0,0,0.0,0.0,52.03
98.94,24.43,72.36,64.68,80.1,54.74,60.58,66.94,140.0,2.0,67.15,61.54,51.82,249,0,0.0,0,1.0,1.0,57.71
74.42,66.15,48.89,73.67,55.95,61.23,59.37,64.81,116.0,13.0,50.08,51.99,37.13,176,0,0.0,1,0.0,0.0,54.07
58.63,36.55,57.61,69.42,82.91,48.74,60.01,65.78,162.0,8.0,74.64,78.51,73.25,160,0,0.0,0,1.0,1.0,56.18
39.69,52.04,8.44,60.3,70.17,49.86,60.19,89.34,158.0,6.0,84.23,89.58,57.31,133,1,0.0,1,0.0,0.0,54.83
87.62,43.6,93.61,91.06,76.71,68.21,92.68,99.26,136.0,0.0,93.69,86.36,91.54,225,0,1.0,0,1.0,1.0,81.65
93.96,67.02,62.45,98.32,67.52,77.73,61.1,49.87,90.0,11.0,58.53,54.72,81.21,197,0,0.0,0,0.0,0.0,57.26
100.0,67.3,56.72,71.04,54.73,65.24,91.87,86.65,161.0,5.0,82.88,80.08,82.8,345,1,1.0,0,0.0,0.0,68.97
48.92,57.92,25.41,31.6,46.87,44.25,61.03,61.82,106.0,3.0,71.45,53.82,64.18,303,1,0.0,0,0.0,0.0,47.76
89.48,46.31,71.75,80.36,47.68,62.14,80.99,60.08,151.0,1.0,76.48,69.48,77.58,174,1,0.0,0,0.0,0.0,71.34
83.38,62.22,44.27,58.78,43.96,57.12,73.87,50.88,127.0,4.0,81.43,57.89,63.42,187,0,0.0,1,0.0,0.0,60.64
,40.95,37.52,51.7,64.7,51.94,53.95,50.59,146.0,3.0,70.96,60.26,43.71,150,0,0.0,0,0.0,1.0,58.24
64.14,89.17,31.55,76.25,81.94,,65.09,69.09,121.0,3.0,94.25,66.38,77.92,199,1,1.0,1,1.0,0.0,71.36
74.54,42.58,61.99,57.8,35.31,51.61,91.37,95.95,143.0,3.0,73.6,64.43,52.28,221,0,0.0,0,0.0,0.0,54.8
65.29,50.49,69.66,70.52,60.28,63.66,86.15,75.9,111.0,8.0,53.77,63.34,62.58,276,0,0.0,0,,0.0,52.37
53.47,40.93,38.36,37.21,53.16,49.11,67.16,60.7,140.0,6.0,60.19,69.68,49.79,252,0,0.0,0,0.0,1.0,40.29
79.94,77.56,87.15,81.52,78.34,73.39,67.07,62.77,139.0,10.0,59.54,46.26,70.99,274,1,0.0,0,1.0,0.0,69.12
39.74,49.33,47.95,72.2,36.48,54.69,49.96,17.62,150.0,20.0,32.28,44.81,49.55,206,0,0.0,1,0.0,1.0,40.95
59.14,68.87,46.56,74.34,70.1,62.85,47.22,44.19,128.0,8.0,59.57,47.31,48.49,204,0,1.0,0,0.0,0.0,54.09
59.41,43.36,53.17,73.71,39.71,46.15,61.42,64.77,144.0,5.0,50.4,67.74,47.06,242,0,1.0,0,0.0,0.0,50.21
55.99,48.45,5.88,47.58,28.53,39.42,48.91,65.17,130.0,11.0,40.18,39.91,62.25,136,0,0.0,0,0.0,0.0,27.37
86.68,41.58,56.85,87.02,47.45,64.67,61.91,86.87,147.0,11.0,67.6,92.63,54.06,362,0,1.0,1,0.0,0.0,60.26
92.13,54.29,88.47,81.49,73.32,76.47,,50.28,146.0,10.0,73.72,71.69,65.54,323,0,0.0,0,0.0,1.0,66.98
49.89,0.0,38.78,34.83,24.05,28.57,50.87,53.78,153.0,3.0,47.81,57.07,46.49,155,0,0.0,0,0.0,0.0,20.17
63.73,50.66,55.42,74.03,55.06,,50.09,54.9,116.0,,57.99,61.52,45.19,246,0,0.0,0,0.0,0.0,44.48
50.24,62.3,42.65,75.25,66.75,47.44,61.37,81.7,137.0,3.0,85.04,76.55,64.77,218,0,0.0,0,0.0,0.0,64.07
87.11,59.75,73.5,54.86,76.66,72.41,45.69,54.41,141.0,13.0,65.84,66.56,70.29,278,0,0.0,0,1.0,0.0,67.44
83.4,72.1,40.64,51.19,41.8,51.97,46.91,66.97,169.0,6.0,48.87,76.61,62.93,204,1,0.0,0,0.0,0.0,47.13
72.2,74.16,25.24,54.13,61.28,58.84,55.8,54.53,173.0,12.0,59.66,45.36,56.6,139,1,0.0,1,0.0,0.0,50.26
88.76,66.92,96.22,61.87,89.11,82.9,75.27,80.89,116.0,5.0,68.9,64.08,77.42,346,1,0.0,0,1.0,1.0,80.04
39.07,9.14,34.35,41.76,50.44,29.96,86.24,76.13,131.0,4.0,46.65,76.87,54.41,288,0,0.0,0,1.0,0.0,30.58
95.98,45.33,74.83,80.46,76.49,58.89,72.65,53.67,95.0,1.0,63.23,70.72,53.32,269,0,1.0,0,1.0,1.0,64.52
69.37,40.43,42.18,76.63,79.85,50.66,51.0,57.91,177.0,9.0,,44.4,45.65,91,0,0.0,0,0.0,0.0,33.86
61.9,25.2,31.3,64.35,37.69,43.69,74.1,61.84,146.0,6.0,60.36,41.22,39.91,129,0,0.0,0,0.0,0.0,40.2
93.2,50.11,54.81,80.02,65.3,71.61,41.67,46.49,146.0,10.0,67.04,68.49,61.7,260,0,0.0,0,0.0,0.0,47.26
92.56,67.61,53.35,80.57,81.52,57.96,75.58,76.31,135.0,7.0,63.39,86.02,41.57,305,1,1.0,1,1.0,1.0,74.07
70.27,68.01,72.88,100.0,68.15,68.56,64.05,45.93,139.0,,38.3,28.71,48.31,190,0,0.0,0,1.0,1.0,59.95
79.73,59.39,44.24,76.12,78.34,53.65,90.84,71.93,163.0,59.0,87.44,86.28,79.5,236,0,1.0,0,0.0,0.0,65.22
60.58,,58.38,58.81,52.63,50.33,46.83,60.51,118.0,2.0,54.35,82.91,53.63,195,0,0.0,0,1.0,0.0,46.06
65.14,68.8,63.1,61.07,88.95,64.24,50.57,60.57,117.0,7.0,61.48,62.21,56.72,369,1,1.0,1,0.0,1.0,63.86
75.72,46.42,55.57,42.32,64.87,69.87,51.86,56.13,133.0,8.0,57.44,56.35,54.13,89,0,0.0,0,0.0,0.0,48.87
38.13,56.41,36.52,71.07,55.39,42.07,70.64,92.92,140.0,3.0,85.6,95.03,51.07,237,0,,0,0.0,0.0,39.77
71.61,25.59,51.59,59.6,51.78,,96.14,53.26,,3.0,73.63,69.42,64.46,193,0,0.0,0,0.0,0.0,58.25
89.05,61.77,86.03,90.53,66.47,79.11,76.39,63.16,141.0,1.0,77.24,80.83,80.81,310,0,1.0,0,1.0,1.0,82.01
69.39,53.19,33.8,65.2,76.74,53.89,65.39,49.94,124.0,5.0,43.9,51.33,51.64,240,0,1.0,1,0.0,0.0,50.63
38.75,,43.02,66.57,28.51,41.63,62.14,45.95,132.0,7.0,59.18,55.76,30.69,233,0,0.0,0,0.0,0.0,29.41
36.24,72.52,22.62,41.39,89.25,48.95,40.12,51.77,139.0,9.0,45.11,46.25,32.14,321,1,1.0,1,1.0,1.0,56.88
91.32,78.68,83.1,100.0,86.0,76.54,68.47,72.87,151.0,3.0,61.15,59.66,59.11,221,1,1.0,0,1.0,0.0,78.28
57.16,47.04,43.15,73.95,39.69,42.07,65.09,51.42,157.0,7.0,55.43,78.44,49.26,240,0,0.0,0,1.0,0.0,55.18
58.98,41.94,51.8,24.88,44.39,42.39,63.33,48.29,134.0,4.0,53.84,50.05,48.21,178,1,0.0,0,0.0,0.0,41.41
59.94,72.29,29.56,57.97,54.92,45.44,65.18,59.13,126.0,6.0,63.56,36.83,44.28,88,0,0.0,0,0.0,1.0,51.25
53.93,50.13,12.28,64.26,45.37,37.91,71.08,29.24,124.0,9.0,33.18,91.98,53.93,264,0,0.0,1,0.0,0.0,36.86
68.42,75.38,68.71,100.0,50.76,64.57,78.16,71.27,162.0,11.0,80.94,55.69,49.94,349,1,0.0,0,0.0,1.0,60.06
71.7,51.75,63.83,74.41,61.47,60.59,84.03,77.52,134.0,7.0,76.87,72.67,61.82,199,0,0.0,0,0.0,0.0,60.63
56.15,30.85,75.78,69.9,40.29,51.86,64.17,44.81,125.0,5.0,43.61,40.47,60.81,155,1,0.0,0,0.0,0.0,50.98
86.9,47.58,58.7,50.76,52.58,57.05,84.07,60.73,145.0,0.0,72.98,66.83,72.57,285,0,0.0,0,0.0,0.0,53.04
80.21,45.59,80.47,85.75,59.27,59.62,79.69,86.95,170.0,8.0,,70.4,62.16,177,0,0.0,0,1.0,0.0,51.14
52.05,42.53,50.23,69.0,69.95,53.05,49.65,58.37,120.0,7.0,56.65,76.84,60.77,115,0,0.0,0,1.0,1.0,48.48
69.26,44.07,70.03,67.81,57.82,62.01,57.47,69.38,149.0,4.0,62.2,54.22,61.0,133,0,0.0,0,0.0,0.0,36.01
57.61,38.25,54.01,62.44,55.69,45.95,65.09,54.95,131.0,8.0,64.85,61.91,,364,0,0.0,0,1.0,0.0,46.82
59.07,33.99,55.96,77.24,65.73,45.51,48.09,50.99,139.0,5.0,54.24,19.53,53.54,282,0,0.0,0,0.0,1.0,40.48
68.21,44.12,53.9,94.39,69.34,55.07,68.46,62.59,154.0,5.0,68.09,74.38,64.51,289,0,0.0,0,,1.0,58.24
50.43,36.13,42.13,71.75,66.29,45.47,49.16,53.03,159.0,13.0,40.37,45.59,58.4,196,0,0.0,1,1.0,0.0,39.81
68.23,31.02,75.21,74.74,53.2,61.59,58.68,54.84,129.0,14.0,54.46,44.85,54.32,181,0,1.0,0,1.0,0.0,57.53
50.44,68.98,36.91,47.49,65.95,55.57,65.26,45.53,153.0,4.0,54.9,50.6,54.55,187,0,0.0,1,1.0,0.0,54.85
80.19,53.39,43.24,78.04,72.11,60.07,56.66,31.52,142.0,8.0,69.07,48.85,60.74,288,0,,0,1.0,1.0,74.68
76.89,56.8,50.19,86.8,72.53,73.61,53.91,58.37,145.0,2.0,74.93,62.16,64.42,377,0,1.0,0,1.0,1.0,77.37
70.94,42.52,58.74,84.42,57.9,56.21,71.14,55.3,162.0,1.0,76.19,85.78,81.93,225,0,0.0,0,1.0,0.0,61.69
63.82,48.08,32.93,65.11,70.41,59.68,66.25,100.0,126.0,,70.61,86.12,67.24,238,1,0.0,1,0.0,0.0,67.07
63.41,80.33,60.76,64.28,58.54,69.75,74.29,73.82,154.0,3.0,59.91,51.34,59.03,160,1,0.0,1,0.0,1.0,70.13
70.31,47.68,43.57,71.53,59.21,60.54,96.35,80.63,,3.0,80.53,100.0,59.03,132,0,0.0,1,0.0,1.0,62.8
35.04,6.99,33.62,53.71,25.84,27.87,67.9,75.92,161.0,5.0,52.0,72.05,62.43,81,0,0.0,1,0.0,0.0,21.14
63.5,33.07,43.82,67.33,65.22,49.73,65.21,71.67,146.0,3.0,60.26,47.72,52.07,80,0,0.0,0,0.0,1.0,55.29
63.14,48.82,50.07,56.26,46.87,50.18,37.17,31.96,132.0,12.0,46.39,42.16,47.55,226,0,0.0,0,0.0,0.0,39.99
49.24,47.38,40.75,37.59,36.86,46.33,76.73,78.43,156.0,5.0,71.22,85.93,60.22,387,1,0.0,0,0.0,0.0,46.56
58.39,60.47,40.86,100.0,55.16,49.95,68.48,53.26,129.0,8.0,41.35,55.65,61.23,290,0,0.0,0,0.0,0.0,39.07
89.45,61.8,64.28,60.99,71.69,65.72,83.97,73.86,134.0,66.0,93.92,82.77,69.1,306,1,0.0,0,1.0,1.0,78.73
71.27,48.72,75.84,56.68,54.31,68.62,80.44,58.8,128.0,6.0,71.33,71.58,71.27,319,1,,0,1.0,0.0,58.42
100.0,57.74,47.63,80.3,81.27,72.55,70.84,44.57,129.0,6.0,56.71,61.28,60.13,261,0,0.0,0,1.0,1.0,60.03
58.78,58.58,16.28,50.31,56.07,51.32,75.1,70.44,91.0,7.0,54.79,74.26,86.31,291,1,0.0,0,1.0,1.0,51.94
71.79,31.26,42.92,66.43,60.8,42.47,84.4,97.03,133.0,7.0,89.32,94.21,57.48,290,0,0.0,0,1.0,0.0,58.3
97.48,57.54,60.31,96.28,71.72,67.8,90.04,67.31,141.0,0.0,82.31,61.03,80.64,290,0,1.0,0,1.0,0.0,82.09
38.98,21.13,28.82,24.22,52.15,33.25,54.04,54.01,151.0,8.0,58.03,37.52,73.99,80,0,0.0,0,0.0,,24.97
64.21,46.41,47.4,58.58,63.96,51.99,65.81,53.05,123.0,9.0,45.08,45.54,64.81,306,0,1.0,0,0.0,0.0,55.45
43.73,37.78,51.77,39.82,31.52,31.67,61.49,48.34,130.0,10.0,58.98,61.04,47.29,145,0,0.0,0,0.0,0.0,22.22
74.92,65.1,44.4,78.03,61.62,64.64,68.6,65.3,136.0,4.0,56.87,52.3,63.56,187,1,0.0,0,0.0,0.0,55.36
63.04,54.84,40.08,66.15,59.71,58.88,88.04,75.98,156.0,3.0,87.12,65.46,63.84,213,1,0.0,0,0.0,0.0,60.73
72.03,77.97,49.96,68.66,60.15,60.84,59.48,61.17,141.0,4.0,72.5,73.88,77.45,214,0,0.0,0,0.0,1.0,58.38
86.57,58.8,67.23,76.52,92.86,75.82,30.21,36.28,141.0,11.0,40.37,33.2,48.29,338,0,1.0,1,1.0,1.0,69.12
62.72,46.93,35.58,45.18,55.26,59.32,69.78,73.93,156.0,4.0,72.67,41.53,62.67,326,0,1.0,0,0.0,0.0,51.63
77.48,72.39,21.22,54.68,64.31,65.58,68.18,70.95,149.0,1.0,72.79,45.56,56.51,299,1,1.0,0,0.0,0.0,71.34
61.9,62.51,37.78,50.63,67.53,52.06,70.73,66.59,129.0,8.0,56.98,56.33,54.69,320,1,1.0,1,0.0,0.0,49.86
55.49,15.87,44.34,49.5,32.6,29.66,53.51,86.43,168.0,11.0,53.22,62.67,43.69,204,0,0.0,0,0.0,0.0,16.43
72.91,60.96,66.39,68.28,71.01,65.07,89.89,89.41,108.0,5.0,53.98,86.51,79.18,208,0,1.0,0,1.0,1.0,77.95
96.51,52.99,90.98,66.82,78.64,88.02,100.0,80.49,160.0,1.0,87.26,78.82,89.56,356,0,1.0,0,0.0,1.0,86.13
95.3,80.8,53.99,86.48,76.29,82.12,53.99,45.45,145.0,10.0,44.7,31.77,72.37,198,1,0.0,1,1.0,0.0,73.79
67.48,37.69,58.19,81.82,64.87,,60.95,74.12,161.0,4.0,60.0,77.89,33.6,129,0,0.0,0,0.0,0.0,40.67
62.65,40.69,79.7,48.49,52.73,63.68,61.79,48.43,134.0,16.0,40.0,55.16,69.98,226,1,0.0,0,0.0,0.0,55.77
63.53,,23.0,42.02,31.17,50.19,41.29,49.93,127.0,3.0,60.11,43.68,34.89,196,0,0.0,1,0.0,0.0,46.09
47.33,57.56,27.84,57.99,46.38,32.35,73.44,34.17,120.0,4.0,67.12,62.65,60.91,230,0,0.0,1,1.0,0.0,46.73
93.8,54.3,68.0,80.98,70.21,75.1,93.32,79.66,124.0,1.0,87.72,74.8,48.86,370,0,1.0,1,0.0,1.0,77.68
59.49,36.51,47.84,41.97,38.34,44.0,42.82,25.97,133.0,8.0,52.07,48.77,45.49,187,0,0.0,1,0.0,0.0,34.28
49.23,45.94,48.8,58.49,55.14,41.89,58.34,58.96,123.0,15.0,55.19,40.89,59.1,134,0,0.0,0,0.0,1.0,36.54
50.96,49.97,42.17,55.38,43.22,45.57,50.25,44.78,124.0,8.0,49.07,76.68,38.8,226,0,0.0,0,0.0,0.0,36.62
68.33,86.85,30.94,59.13,53.41,60.56,80.19,66.25,122.0,12.0,48.87,68.03,62.81,346,1,0.0,1,0.0,0.0,56.53
51.99,16.72,32.27,45.27,58.92,32.27,58.77,55.7,157.0,5.0,55.16,55.33,55.36,259,0,0.0,0,0.0,0.0,30.12
61.3,28.72,42.27,79.66,55.66,45.84,50.19,37.72,124.0,11.0,36.75,51.72,52.17,213,0,0.0,0,0.0,0.0,25.78
61.0,30.26,25.34,47.98,57.74,39.28,50.11,41.92,144.0,4.0,68.94,41.61,33.16,247,1,0.0,0,1.0,0.0,45.15
63.41,74.66,63.8,34.39,63.71,64.88,77.67,81.18,139.0,3.0,62.78,92.15,76.05,315,1,0.0,1,1.0,0.0,56.33
59.48,95.47,36.7,65.36,80.67,62.04,35.98,49.79,141.0,17.0,58.75,43.13,67.93,171,1,0.0,0,1.0,0.0,46.58
74.57,48.12,54.23,91.43,59.94,48.49,48.63,71.08,132.0,8.0,69.39,45.75,64.01,209,0,0.0,0,1.0,0.0,55.37
63.23,55.56,44.85,58.33,74.53,52.65,85.49,79.46,,9.0,67.12,87.64,52.48,169,0,0.0,0,1.0,0.0,54.74
58.12,58.89,48.41,56.34,44.12,44.82,55.95,59.28,149.0,7.0,47.65,38.85,37.61,311,0,0.0,1,0.0,0.0,47.58
82.18,44.16,64.61,69.3,69.39,53.77,72.04,69.47,162.0,4.0,65.74,60.38,61.39,392,0,1.0,0,0.0,0.0,58.21
63.27,53.16,44.26,69.67,44.55,57.84,94.67,58.01,131.0,3.0,100.0,77.92,82.13,298,0,0.0,0,0.0,0.0,65.4
54.61,31.76,61.76,55.63,70.48,54.72,73.89,75.85,125.0,8.0,65.45,82.57,70.24,211,0,0.0,0,1.0,1.0,50.39
61.22,30.53,64.93,41.52,57.93,43.02,46.07,45.07,129.0,10.0,36.47,46.61,34.46,102,0,0.0,0,0.0,0.0,32.12
84.51,57.13,58.02,59.05,74.96,56.39,61.51,48.21,141.0,9.0,62.66,44.31,56.9,264,0,1.0,1,0.0,0.0,66.36
87.55,68.98,41.78,68.88,54.28,61.26,55.49,85.64,147.0,13.0,59.29,62.43,48.71,180,0,0.0,1,0.0,,54.18
70.59,65.99,65.74,73.9,55.82,54.24,89.28,100.0,131.0,0.0,79.71,77.82,59.05,234,0,0.0,0,1.0,0.0,70.22
54.51,,39.63,46.14,29.48,42.66,48.78,44.64,140.0,7.0,46.48,52.62,49.18,209,0,0.0,0,0.0,0.0,40.79
52.29,47.75,25.65,59.38,71.84,46.85,60.93,63.32,135.0,4.0,57.27,50.0,52.02,315,1,0.0,0,0.0,0.0,50.45
88.54,17.13,73.87,69.94,56.05,58.3,71.72,75.74,135.0,8.0,65.03,56.76,66.66,254,0,0.0,0,1.0,0.0,44.32
92.01,85.36,48.71,65.56,85.71,75.15,73.28,71.63,140.0,15.0,66.56,57.73,63.6,332,1,1.0,1,1.0,1.0,78.73
89.16,85.62,67.98,75.17,76.94,70.97,81.65,58.69,168.0,1.0,82.44,50.34,80.28,371,1,1.0,1,0.0,1.0,82.18
47.84,55.35,25.14,74.6,38.35,43.27,65.7,41.51,153.0,2.0,50.76,64.59,40.35,218,0,0.0,0,0.0,0.0,39.28
57.89,35.15,47.85,41.46,29.2,48.73,81.37,61.66,160.0,9.0,53.84,64.25,54.77,168,0,0.0,0,0.0,0.0,29.11
86.23,88.72,74.6,85.4,83.13,66.18,78.04,70.63,147.0,5.0,50.24,51.61,53.1,197,1,0.0,1,1.0,0.0,76.22
86.57,67.41,63.82,60.47,76.14,70.43,80.68,74.79,173.0,4.0,83.29,84.53,76.08,283,0,1.0,0,0.0,0.0,72.87
70.12,43.28,70.63,56.95,37.67,46.26,60.53,73.94,154.0,11.0,55.1,60.28,70.09,261,0,0.0,0,0.0,1.0,54.72
70.4,76.37,39.55,59.81,68.48,68.71,69.56,78.55,114.0,4.0,63.99,48.13,68.85,262,1,0.0,1,0.0,0.0,60.39
92.86,57.18,73.77,100.0,63.68,75.71,74.42,66.08,153.0,13.0,40.64,39.04,63.69,254,0,0.0,0,0.0,0.0,52.62
70.88,72.81,54.68,49.89,61.12,65.32,96.02,100.0,149.0,2.0,82.19,82.76,74.01,354,1,0.0,1,0.0,0.0,73.36
63.63,44.58,62.77,61.17,51.87,47.87,63.12,64.12,150.0,6.0,63.29,72.56,49.25,220,0,0.0,0,0.0,0.0,43.74
74.32,45.64,79.8,69.02,67.66,64.17,83.67,60.97,115.0,6.0,70.92,81.75,80.39,230,1,0.0,0,0.0,0.0,59.58
75.12,25.91,70.53,77.83,44.5,55.45,69.94,59.22,113.0,16.0,55.14,57.02,62.6,297,0,0.0,0,0.0,0.0,40.85
72.13,87.64,51.68,89.08,39.47,49.34,75.8,62.19,139.0,2.0,73.42,68.65,44.95,239,1,0.0,1,0.0,0.0,55.89
85.23,40.46,70.4,65.61,67.04,62.8,55.6,37.02,106.0,11.0,44.13,43.26,65.37,233,1,0.0,0,0.0,0.0,44.86
89.64,59.86,65.09,91.45,70.9,73.03,51.81,31.76,150.0,7.0,53.86,29.35,50.4,274,0,0.0,0,0.0,0.0,55.73
77.24,56.38,41.18,59.7,47.11,45.68,67.2,65.09,142.0,3.0,84.78,87.81,53.26,221,1,1.0,0,0.0,0.0,65.83
48.86,47.31,34.21,63.17,56.35,48.58,75.62,71.22,176.0,6.0,49.79,65.23,60.64,93,0,0.0,1,0.0,0.0,34.01
76.82,47.35,30.68,60.55,47.55,50.52,,82.85,144.0,6.0,71.95,70.63,48.76,321,1,0.0,0,1.0,0.0,50.61
89.02,66.53,34.74,42.51,66.34,68.36,52.55,73.24,150.0,6.0,50.31,35.91,79.28,378,0,1.0,0,0.0,0.0,67.52
98.27,61.95,71.28,86.22,80.62,72.0,56.11,54.02,148.0,5.0,65.46,46.32,60.02,356,0,0.0,0,0.0,0.0,63.41
64.66,50.11,28.29,62.53,55.09,49.38,69.96,73.58,141.0,8.0,62.09,84.05,63.9,191,1,0.0,0,0.0,1.0,55.56
65.65,52.72,45.08,51.6,63.26,55.03,89.81,83.4,145.0,2.0,76.23,79.87,53.45,199,0,0.0,0,0.0,1.0,63.19
51.37,,29.32,59.21,66.19,36.53,55.04,69.73,,,51.86,52.88,39.7,105,1,0.0,0,0.0,1.0,44.86
53.2,56.74,28.28,34.09,76.51,45.95,47.64,85.45,94.0,5.0,63.75,58.78,48.15,248,0,1.0,0,1.0,0.0,54.66
38.3,21.64,47.91,43.13,38.55,34.87,61.49,62.09,159.0,7.0,59.25,66.99,58.74,386,0,0.0,0,0.0,0.0,31.29
70.56,37.31,43.95,83.23,46.75,36.09,63.39,74.16,159.0,13.0,53.3,49.32,37.9,176,0,0.0,0,0.0,0.0,36.49
85.94,29.42,89.41,75.48,48.69,65.16,100.0,86.96,159.0,1.0,78.23,88.29,88.4,372,0,0.0,0,1.0,0.0,63.49
68.61,24.54,19.89,37.36,48.96,39.04,48.2,48.73,138.0,6.0,63.34,46.38,48.2,121,0,0.0,0,0.0,1.0,30.1
60.31,68.54,28.44,37.04,53.5,49.82,94.11,75.96,141.0,1.0,67.47,74.81,69.82,244,1,0.0,1,0.0,0.0,59.02
64.35,46.72,48.94,80.78,98.35,64.26,82.08,85.83,121.0,3.0,59.43,84.39,59.12,277,0,1.0,0,1.0,1.0,70.93
75.82,40.99,34.43,71.37,90.69,54.19,61.45,70.13,116.0,10.0,55.26,66.43,45.66,340,0,1.0,0,1.0,1.0,56.93
53.74,49.95,90.19,65.3,47.83,57.14,81.25,73.7,131.0,0.0,66.73,74.84,43.28,174,0,0.0,1,0.0,0.0,61.3
46.2,26.97,43.87,46.93,24.43,40.11,62.53,76.28,142.0,6.0,49.43,75.42,52.13,80,0,0.0,0,0.0,0.0,26.0
63.28,46.27,30.26,32.36,65.97,47.09,66.86,69.07,146.0,2.0,65.63,53.51,62.69,788,0,0.0,0,0.0,0.0,50.76
82.46,70.74,55.23,74.82,100.0,60.39,73.11,75.96,131.0,3.0,73.79,67.89,61.48,243,1,1.0,1,1.0,1.0,80.71
55.99,47.33,57.2,58.99,44.4,49.49,81.28,69.55,118.0,2.0,60.48,73.2,45.07,137,0,0.0,0,0.0,0.0,51.1
63.29,55.95,50.55,58.62,90.73,59.58,68.06,64.96,127.0,8.0,69.7,88.75,56.8,253,1,1.0,0,1.0,1.0,69.74
43.91,31.61,34.29,80.85,32.59,42.95,30.26,0.0,132.0,19.0,5.45,28.58,34.82,118,0,0.0,0,0.0,0.0,16.01
71.74,51.87,38.73,38.43,43.68,46.85,72.48,60.62,112.0,8.0,58.54,62.29,58.54,209,1,1.0,0,0.0,0.0,43.96
73.98,68.05,25.8,36.3,68.65,48.75,60.36,63.05,142.0,9.0,76.78,61.96,63.91,207,0,0.0,1,0.0,0.0,50.14
56.84,41.62,66.39,70.34,73.31,49.55,65.06,75.83,168.0,9.0,48.31,66.82,37.14,288,0,0.0,0,1.0,0.0,46.64
53.64,31.1,25.87,39.93,44.71,45.59,60.83,78.97,124.0,5.0,62.24,96.44,49.19,184,0,0.0,0,0.0,0.0,40.41
81.57,66.7,33.36,61.01,76.88,62.8,71.23,67.77,178.0,2.0,86.73,63.04,67.0,196,0,1.0,0,1.0,0.0,64.7
68.96,46.48,63.43,76.22,79.84,68.99,63.73,50.13,126.0,12.0,70.1,85.74,70.96,149,0,1.0,0,0.0,0.0,56.02
58.07,59.5,56.55,77.06,87.62,70.09,73.69,62.35,136.0,8.0,51.57,62.21,58.5,356,1,1.0,0,1.0,1.0,72.86
58.06,45.18,66.19,53.53,51.82,47.29,86.36,62.73,151.0,8.0,55.23,89.51,66.0,167,0,0.0,0,1.0,0.0,50.52
70.22,97.94,45.06,63.41,63.22,61.04,70.37,81.59,139.0,1.0,70.63,82.86,54.35,268,1,0.0,1,0.0,0.0,71.87
96.86,71.3,65.86,78.01,83.57,74.31,81.96,78.99,111.0,1.0,66.34,70.88,73.9,287,1,1.0,1,1.0,1.0,87.87
78.78,80.89,68.69,78.22,76.35,75.79,78.69,69.03,145.0,12.0,73.47,68.06,69.74,271,1,0.0,1,0.0,1.0,72.13
62.77,46.52,45.33,76.72,72.58,45.89,70.05,85.62,141.0,13.0,64.89,73.86,53.32,310,0,1.0,0,1.0,0.0,50.38
75.04,64.48,74.3,63.0,54.86,66.39,93.59,86.12,138.0,4.0,75.11,78.41,98.33,287,1,0.0,0,1.0,0.0,66.51
62.18,54.18,61.57,76.94,73.78,61.87,42.75,62.22,137.0,15.0,71.66,74.35,52.2,256,1,1.0,0,1.0,0.0,57.39
64.72,57.1,32.79,72.24,42.3,42.89,86.89,72.99,150.0,0.0,75.88,88.74,59.05,234,1,0.0,1,0.0,0.0,59.87
49.86,70.44,21.02,58.36,65.29,42.65,62.78,49.92,123.0,7.0,46.57,77.95,35.36,172,0,0.0,0,,0.0,44.53
61.96,44.51,55.92,66.6,63.82,56.18,98.53,82.07,153.0,4.0,78.87,79.9,82.56,278,0,0.0,0,0.0,0.0,59.51
66.51,39.1,52.13,59.37,53.45,62.85,94.57,64.94,132.0,0.0,79.97,69.19,68.7,242,0,0.0,0,0.0,0.0,54.13
84.75,33.72,74.82,58.1,62.97,58.05,58.95,43.63,166.0,5.0,45.46,46.17,53.69,115,0,0.0,1,0.0,0.0,50.47
67.54,6.02,36.14,34.77,29.23,35.67,81.57,78.94,160.0,5.0,,87.69,54.29,265,0,0.0,0,0.0,,31.87
51.51,58.67,43.61,55.82,70.02,48.23,44.31,14.97,118.0,9.0,38.25,48.27,48.32,258,0,1.0,0,0.0,1.0,44.89
58.24,45.78,47.44,69.93,54.76,51.39,63.59,81.01,161.0,5.0,70.09,63.84,67.22,80,0,0.0,0,0.0,0.0,40.0
73.7,59.02,50.48,53.61,54.48,52.68,,56.25,145.0,4.0,52.71,52.44,,190,0,0.0,0,1.0,0.0,55.79
59.99,59.03,43.1,47.52,36.22,46.43,77.03,98.32,150.0,4.0,77.68,91.73,60.66,300,1,0.0,0,0.0,0.0,54.17
49.11,41.55,54.75,65.64,86.07,67.41,58.66,74.33,135.0,12.0,50.96,62.03,52.64,238,0,0.0,0,1.0,0.0,54.95
51.59,60.71,21.11,75.29,54.05,47.52,47.71,58.12,130.0,10.0,63.48,51.22,43.43,282,0,0.0,0,0.0,0.0,45.48
53.49,52.55,29.1,67.44,53.44,36.9,68.4,67.86,135.0,8.0,71.22,71.74,54.33,262,1,0.0,0,0.0,0.0,40.98
43.71,10.99,68.92,73.84,32.48,,69.87,55.28,123.0,5.0,67.76,54.51,58.69,216,0,0.0,0,0.0,0.0,29.62
70.89,38.79,92.17,93.2,82.62,73.62,67.15,72.99,106.0,11.0,42.99,51.1,67.51,307,0,1.0,0,1.0,0.0,59.75
51.66,68.43,19.61,48.54,70.58,53.0,59.99,52.75,127.0,15.0,57.01,59.81,46.27,235,1,1.0,0,0.0,0.0,42.3
75.58,78.66,46.83,89.72,83.89,67.43,54.48,52.94,126.0,8.0,59.62,58.58,60.32,365,1,1.0,1,1.0,1.0,72.0
89.31,78.09,31.66,76.32,75.88,61.04,,62.65,,8.0,62.48,93.31,46.16,290,1,1.0,1,0.0,0.0,66.16
80.23,56.95,69.77,74.06,69.33,60.14,66.15,89.4,150.0,12.0,71.17,83.89,60.96,231,0,0.0,0,0.0,1.0,63.29
69.13,52.26,48.47,41.91,46.04,49.79,63.96,43.2,143.0,11.0,38.9,86.06,65.12,297,0,0.0,0,0.0,0.0,46.27
51.77,43.9,26.55,47.31,48.12,38.59,59.24,56.17,128.0,6.0,54.55,31.48,46.25,257,0,0.0,1,,0.0,38.04
86.91,76.09,66.35,62.35,83.23,69.09,66.15,51.23,134.0,7.0,,81.54,53.55,310,1,1.0,0,0.0,,79.04
68.38,61.46,50.32,63.39,71.59,66.41,82.43,70.05,145.0,0.0,68.57,85.91,72.83,168,0,0.0,0,0.0,1.0,60.25
84.21,43.69,62.58,65.53,47.25,63.23,64.73,69.38,126.0,5.0,,71.48,73.51,217,0,0.0,0,1.0,1.0,67.64
63.13,56.71,36.66,46.9,77.13,61.05,62.9,57.95,93.0,4.0,59.85,64.73,51.61,292,1,1.0,0,1.0,0.0,58.34
73.4,38.9,37.77,51.18,92.16,50.09,81.91,74.44,163.0,0.0,89.87,89.11,53.67,162,0,1.0,0,1.0,1.0,68.71
48.74,71.76,33.72,65.92,48.87,44.21,69.6,80.2,138.0,4.0,49.64,70.68,44.88,301,1,1.0,0,0.0,1.0,57.39
67.39,71.52,30.84,69.64,72.63,58.51,78.09,83.3,146.0,3.0,79.9,73.42,62.81,210,1,0.0,1,0.0,0.0,63.14
83.99,55.28,71.09,98.86,52.75,68.16,92.08,76.38,146.0,1.0,68.98,70.41,88.34,265,1,0.0,0,0.0,0.0,59.65
76.65,45.47,23.31,86.24,59.5,52.35,55.26,50.65,112.0,9.0,39.36,25.57,35.41,174,0,0.0,0,0.0,0.0,37.61
62.34,47.24,44.08,68.32,40.23,50.35,27.4,35.14,121.0,18.0,34.22,39.46,21.8,329,1,0.0,0,0.0,0.0,35.58
58.25,79.56,43.19,76.77,61.02,68.29,65.53,65.95,139.0,7.0,53.72,69.9,64.38,142,1,0.0,0,,1.0,54.3
71.17,44.76,65.02,65.87,53.02,54.69,81.06,80.63,138.0,7.0,78.16,57.78,59.24,80,0,0.0,0,0.0,0.0,52.0
63.94,34.88,56.61,60.21,74.39,57.88,62.61,78.47,118.0,6.0,48.86,67.03,45.89,297,0,0.0,0,1.0,0.0,51.28
80.85,73.93,66.64,76.04,97.29,76.85,71.78,45.91,146.0,,56.97,76.07,,167,1,0.0,0,1.0,1.0,85.29
63.49,76.17,22.27,58.43,81.3,57.5,47.18,57.89,147.0,6.0,53.56,63.25,52.57,203,1,1.0,1,0.0,,62.11
39.64,36.66,55.97,100.0,64.42,53.17,76.6,35.42,134.0,4.0,48.67,61.96,68.51,123,0,1.0,0,1.0,0.0,49.04
87.68,42.21,49.15,81.67,61.43,54.51,,85.71,159.0,5.0,65.16,58.62,69.47,316,1,0.0,1,0.0,0.0,56.71
62.47,56.34,33.57,69.51,68.92,47.25,61.23,61.6,148.0,3.0,68.26,74.92,43.12,281,0,0.0,0,1.0,0.0,47.04
83.49,74.46,37.76,78.13,72.94,67.65,88.79,83.48,149.0,4.0,53.58,79.33,52.04,326,1,0.0,0,1.0,1.0,72.08
65.4,49.78,63.11,71.67,44.67,44.63,56.94,49.51,129.0,8.0,71.02,43.1,64.57,311,1,0.0,0,0.0,0.0,52.75
79.62,77.51,50.42,70.63,90.06,72.52,61.03,54.94,135.0,6.0,53.77,79.46,60.6,327,0,1.0,1,1.0,1.0,84.56
61.95,67.64,41.8,73.08,70.68,51.08,60.59,81.51,153.0,5.0,,58.7,85.47,207,0,0.0,0,1.0,1.0,63.23
76.85,59.27,41.47,63.45,73.81,68.49,45.31,65.62,,6.0,61.54,60.1,66.51,261,0,1.0,0,0.0,0.0,53.5
87.91,80.99,68.69,70.45,56.26,68.29,76.41,94.59,116.0,3.0,57.08,100.0,79.53,297,1,0.0,1,0.0,1.0,73.78
50.72,46.99,44.74,62.96,59.12,56.63,50.22,41.91,130.0,6.0,44.25,57.23,41.0,224,0,0.0,0,0.0,0.0,39.06
84.11,57.32,56.63,72.79,72.74,63.15,58.44,46.02,138.0,2.0,63.0,40.26,58.46,197,0,0.0,1,1.0,0.0,71.09
60.89,28.55,40.74,58.53,51.85,42.29,77.04,71.79,139.0,4.0,68.02,69.87,66.41,208,0,0.0,0,0.0,0.0,39.58
75.75,35.39,50.67,82.99,63.32,60.29,74.55,74.7,150.0,4.0,62.36,73.08,62.4,258,0,1.0,0,0.0,1.0,64.75
38.99,41.46,36.84,68.39,30.85,39.62,46.47,56.37,141.0,13.0,47.77,54.69,44.04,251,0,0.0,0,0.0,0.0,29.01
100.0,80.04,47.85,77.05,56.59,69.6,77.51,64.37,141.0,5.0,85.85,72.75,74.85,304,1,1.0,1,0.0,0.0,79.75
77.58,44.27,50.76,72.37,74.4,56.22,100.0,75.71,138.0,1.0,79.57,71.04,66.04,292,0,1.0,0,1.0,0.0,65.7
85.29,49.74,69.69,53.29,56.22,58.94,65.96,58.44,154.0,12.0,63.67,42.44,51.4,171,0,0.0,1,0.0,0.0,45.92
68.32,44.68,21.75,59.21,56.73,60.8,96.29,63.72,165.0,2.0,68.27,71.43,69.74,261,0,0.0,0,1.0,0.0,65.29
70.41,72.77,53.07,87.51,84.82,56.91,57.68,23.35,133.0,10.0,30.32,48.97,46.0,246,0,1.0,1,1.0,1.0,66.43
58.47,38.49,59.26,54.35,35.44,39.1,70.9,76.05,147.0,,66.49,61.78,46.07,239,0,0.0,0,0.0,0.0,49.39
99.8,94.28,74.57,79.1,64.35,87.17,68.19,43.31,135.0,17.0,38.79,54.28,65.44,244,1,0.0,1,0.0,0.0,73.36
52.54,57.68,57.99,66.3,89.51,65.34,68.87,76.93,118.0,1.0,73.02,89.4,52.41,233,1,1.0,0,1.0,0.0,66.84
59.67,44.9,70.56,52.63,44.02,46.12,67.31,49.59,109.0,4.0,50.64,58.51,60.82,214,0,0.0,0,1.0,0.0,51.18
57.41,80.71,58.54,46.01,62.01,,70.74,52.89,161.0,16.0,55.92,77.43,62.37,218,1,0.0,1,1.0,0.0,59.81
43.46,34.38,35.55,49.29,39.64,44.58,33.79,44.03,149.0,6.0,54.62,46.67,49.51,168,0,0.0,0,0.0,0.0,30.61
87.77,50.27,81.37,74.65,80.13,63.67,74.12,73.83,148.0,7.0,67.3,67.01,56.99,275,1,1.0,0,0.0,1.0,75.93
54.75,36.28,64.69,75.54,26.06,43.15,77.29,89.13,159.0,1.0,85.08,96.67,52.49,198,0,0.0,0,0.0,0.0,53.22
70.74,71.7,31.33,63.8,67.25,58.31,59.7,63.79,124.0,2.0,74.96,71.69,73.47,138,0,0.0,0,1.0,0.0,56.72
74.17,48.83,67.23,71.88,60.73,53.48,86.02,87.6,158.0,2.0,84.78,95.79,66.85,318,1,0.0,1,0.0,0.0,72.43
45.79,17.84,47.81,56.95,37.19,41.8,72.42,47.67,146.0,3.0,45.61,44.95,57.88,164,0,0.0,0,0.0,0.0,32.69
78.06,51.42,64.68,76.37,70.42,63.07,77.69,74.54,133.0,0.0,84.38,87.39,58.18,317,0,0.0,0,0.0,0.0,61.88
70.12,42.29,27.12,82.72,66.86,45.83,35.87,16.0,93.0,5.0,39.57,48.94,37.95,277,0,1.0,0,0.0,0.0,35.32
48.17,9.64,64.8,40.13,52.38,34.63,54.49,51.87,,7.0,46.75,57.59,55.86,160,0,1.0,0,0.0,0.0,26.34
87.73,69.17,55.89,70.18,86.71,77.86,58.19,48.99,169.0,7.0,,49.67,65.16,189,0,0.0,0,1.0,1.0,75.33
52.4,36.27,40.89,20.51,31.4,35.5,83.12,87.35,172.0,2.0,82.56,85.55,58.1,220,0,0.0,1,0.0,0.0,41.2
67.66,29.32,22.18,76.3,58.32,48.19,80.33,58.04,116.0,3.0,69.57,53.91,67.59,171,0,0.0,0,1.0,0.0,42.37
74.74,55.77,43.02,63.5,64.25,56.72,50.13,45.36,101.0,9.0,50.67,33.43,54.89,282,0,0.0,0,0.0,0.0,47.96
92.53,43.74,93.47,65.3,76.6,60.2,63.99,43.43,162.0,13.0,55.54,57.64,79.31,260,0,0.0,1,0.0,1.0,56.3
88.42,69.96,50.66,54.66,87.09,72.7,63.35,51.58,137.0,2.0,61.42,62.21,64.59,426,0,1.0,1,1.0,0.0,70.37
65.89,65.45,0.83,60.72,61.3,54.11,77.76,73.55,128.0,2.0,74.99,78.83,70.92,264,1,0.0,0,0.0,0.0,56.52
73.28,50.38,53.13,40.26,45.52,63.33,85.38,80.0,120.0,9.0,63.92,66.96,66.82,152,0,0.0,0,0.0,0.0,41.66
64.77,18.39,84.15,74.14,60.72,42.33,94.21,71.97,121.0,2.0,62.76,46.86,52.89,279,0,0.0,0,1.0,0.0,52.95
78.65,56.04,69.25,69.12,64.19,44.6,71.38,44.8,163.0,4.0,58.37,47.61,59.68,271,1,0.0,0,1.0,0.0,61.99
74.49,67.47,39.4,62.44,65.95,62.82,74.76,90.57,145.0,6.0,65.91,85.12,50.31,275,1,1.0,0,0.0,1.0,62.29
90.29,67.5,72.94,67.41,72.89,67.72,51.6,39.08,105.0,4.0,,51.52,66.59,279,1,0.0,0,0.0,1.0,75.46
61.81,74.34,33.67,47.38,70.33,47.11,72.41,66.0,127.0,6.0,59.06,66.83,43.72,201,1,,0,1.0,1.0,57.33
39.17,27.83,40.67,39.95,56.65,37.9,78.06,61.16,169.0,6.0,55.25,68.76,,259,0,1.0,0,0.0,0.0,25.76
75.82,71.17,48.8,67.36,53.33,57.78,50.43,75.61,142.0,3.0,60.29,66.92,44.46,252,0,0.0,0,0.0,0.0,51.94
70.4,70.38,51.27,71.46,76.05,55.68,83.8,55.62,117.0,3.0,,55.96,72.48,256,1,0.0,0,0.0,0.0,60.13
28.4,34.47,22.94,46.77,14.17,25.76,57.75,71.55,126.0,4.0,66.18,58.44,34.31,86,1,0.0,0,0.0,0.0,21.95
34.01,42.22,32.71,45.47,36.72,38.43,66.18,44.23,137.0,6.0,62.85,75.53,57.44,195,0,0.0,1,0.0,0.0,31.46
64.36,61.21,52.2,78.6,58.64,58.59,57.48,54.94,155.0,6.0,48.49,49.63,47.62,116,0,0.0,0,0.0,1.0,51.22
72.46,62.01,42.89,65.09,59.45,58.12,66.76,67.85,137.0,16.0,50.09,81.96,56.3,153,1,0.0,1,0.0,0.0,54.98
76.13,41.43,65.58,55.3,52.59,58.35,83.52,70.91,166.0,3.0,94.7,82.9,66.47,142,0,0.0,0,0.0,0.0,54.97
64.15,70.47,29.55,48.4,57.07,42.36,54.87,58.74,142.0,8.0,56.91,57.86,72.31,253,0,1.0,0,1.0,0.0,51.42
82.88,74.41,79.73,87.46,71.74,73.52,84.08,69.06,100.0,4.0,64.38,32.92,55.08,260,0,1.0,0,1.0,0.0,69.75
52.05,33.93,29.42,41.02,50.85,40.42,63.79,57.14,148.0,6.0,67.61,63.56,58.19,298,0,0.0,0,0.0,1.0,39.85
64.8,28.61,83.95,81.52,30.91,49.7,81.26,56.96,138.0,7.0,59.0,61.53,60.59,263,0,0.0,0,0.0,0.0,47.05
84.26,84.75,41.07,59.4,81.5,63.28,64.84,54.57,130.0,3.0,68.99,68.95,54.8,323,0,0.0,0,1.0,0.0,59.6
69.3,60.75,39.55,48.56,67.4,50.7,50.7,57.06,144.0,8.0,46.25,66.66,52.69,316,1,0.0,1,1.0,1.0,57.36
84.74,74.97,57.99,82.09,73.43,68.18,81.19,68.06,137.0,2.0,70.74,60.87,60.43,203,1,1.0,1,0.0,0.0,75.11
82.33,62.5,64.43,100.0,83.37,76.12,52.01,33.6,141.0,6.0,49.32,50.59,48.7,171,0,0.0,1,0.0,1.0,65.86
64.75,41.15,49.55,74.22,55.22,60.56,67.75,66.39,130.0,9.0,52.31,75.48,47.69,80,0,0.0,0,0.0,0.0,43.89
62.74,57.86,61.59,69.59,41.37,62.64,46.53,63.05,126.0,8.0,55.06,61.91,54.53,205,0,0.0,0,0.0,0.0,45.3
78.29,74.67,51.36,95.35,100.0,62.81,75.5,64.04,160.0,4.0,68.52,60.96,59.74,395,1,1.0,0,1.0,1.0,72.64
69.52,61.55,52.62,39.71,77.5,53.31,,68.23,139.0,9.0,62.47,41.77,45.28,239,1,0.0,0,0.0,0.0,60.46
45.82,13.97,39.89,35.67,54.04,38.69,73.63,66.97,148.0,10.0,80.48,55.02,61.79,123,0,0.0,0,0.0,0.0,24.3
43.68,77.36,31.29,50.34,56.13,57.0,66.04,69.24,129.0,8.0,61.03,68.5,69.78,167,1,0.0,1,0.0,0.0,49.11
74.25,41.15,15.18,72.72,66.87,42.94,75.52,60.5,160.0,7.0,52.4,74.81,,278,0,1.0,0,0.0,0.0,48.83
66.78,40.24,64.59,76.88,38.75,53.39,71.62,64.42,144.0,9.0,50.21,65.94,60.56,202,0,0.0,0,1.0,0.0,49.32
,71.37,43.81,32.18,54.62,46.47,87.28,71.07,136.0,6.0,55.06,72.64,65.84,291,1,0.0,1,0.0,0.0,57.01
57.15,39.04,67.53,55.22,60.86,53.55,70.29,60.47,163.0,2.0,70.18,44.1,73.62,280,0,0.0,0,1.0,0.0,50.05
34.71,35.84,47.26,32.36,42.72,32.64,57.52,52.63,132.0,3.0,73.63,52.42,46.64,173,0,0.0,0,0.0,0.0,29.38
64.07,28.08,64.98,63.33,67.54,53.36,81.03,99.78,145.0,,81.36,94.67,81.93,135,0,0.0,0,0.0,1.0,58.75
55.44,66.9,55.34,70.82,58.3,49.26,77.12,100.0,119.0,5.0,63.99,78.13,66.03,262,1,0.0,1,0.0,0.0,62.7
88.67,37.98,77.17,91.41,71.83,56.61,76.18,67.61,129.0,5.0,63.8,53.47,43.86,179,0,0.0,0,0.0,0.0,50.03
72.77,30.58,65.03,66.81,46.26,70.6,52.08,67.08,151.0,5.0,65.99,44.51,63.7,279,0,1.0,0,0.0,0.0,50.76
98.68,78.04,45.54,78.52,87.39,74.17,52.12,52.51,136.0,,50.07,48.41,58.7,292,0,0.0,1,1.0,1.0,69.22
72.53,55.78,28.72,59.41,84.88,69.13,37.33,67.03,137.0,13.0,56.45,66.35,63.35,213,0,1.0,0,0.0,0.0,51.84
98.14,83.56,37.25,84.33,79.73,81.58,75.63,89.23,139.0,10.0,70.11,93.62,85.02,414,1,1.0,1,1.0,0.0,73.75
59.7,31.62,54.25,88.25,61.42,41.03,68.72,52.84,139.0,3.0,79.35,65.86,47.74,187,0,0.0,0,0.0,0.0,46.8
70.12,41.25,36.94,42.05,63.11,51.15,20.35,18.0,123.0,,24.38,26.55,43.89,332,0,1.0,0,1.0,0.0,34.96
81.44,84.3,40.82,93.9,61.74,59.2,72.53,50.15,132.0,5.0,80.18,72.32,64.45,319,1,0.0,1,1.0,0.0,72.17
36.64,51.54,42.38,59.04,51.02,41.48,76.1,62.74,135.0,0.0,67.48,82.51,50.52,197,0,0.0,0,1.0,0.0,43.78
51.66,42.11,21.05,64.63,51.28,29.81,69.8,40.81,134.0,16.0,46.67,78.44,61.49,124,0,0.0,0,0.0,0.0,38.93
48.59,49.33,37.98,58.45,34.35,32.8,83.54,54.34,150.0,1.0,66.31,84.55,51.7,199,0,0.0,0,0.0,0.0,45.47
36.43,36.67,0.0,57.14,47.05,25.24,69.32,64.67,147.0,7.0,50.56,91.63,46.21,241,0,0.0,0,0.0,0.0,20.37
53.06,45.72,23.9,63.7,50.66,39.48,55.71,57.98,161.0,9.0,63.99,60.53,48.88,248,1,1.0,0,0.0,0.0,44.54
83.9,75.08,62.17,64.82,78.62,70.27,85.84,70.72,154.0,14.0,68.94,60.03,77.11,256,1,1.0,0,0.0,0.0,67.96
68.88,71.19,16.13,63.22,54.43,45.77,66.06,40.81,123.0,8.0,52.45,38.71,66.22,299,1,1.0,1,0.0,0.0,54.0
70.94,55.61,49.59,72.9,86.09,62.21,66.85,53.61,127.0,15.0,56.83,70.96,76.49,288,0,1.0,0,1.0,1.0,73.21
100.0,57.08,75.37,88.2,80.04,81.45,73.03,62.01,157.0,8.0,58.97,58.11,,265,1,1.0,0,1.0,1.0,89.31
43.02,42.33,57.04,29.76,80.22,49.61,66.51,45.6,151.0,10.0,56.9,52.96,38.62,137,0,1.0,0,0.0,1.0,45.28
52.73,20.62,60.12,62.19,54.13,43.92,71.38,55.06,159.0,8.0,55.68,57.24,69.24,273,0,1.0,0,0.0,0.0,49.54
100.0,83.94,59.84,81.99,81.19,79.71,74.22,88.77,140.0,3.0,64.91,93.82,77.03,265,1,1.0,1,1.0,0.0,81.03
73.88,20.41,48.28,62.96,71.24,41.59,86.73,68.15,137.0,6.0,78.33,94.04,74.2,242,0,1.0,0,,0.0,49.1
43.68,36.25,43.16,37.1,29.67,42.12,71.5,57.31,146.0,8.0,55.86,68.55,51.04,263,0,0.0,0,0.0,0.0,37.88
68.99,65.86,53.99,84.45,65.95,54.66,45.43,49.68,112.0,9.0,46.5,40.35,48.49,404,0,0.0,0,1.0,1.0,53.25
60.73,85.89,55.79,25.31,72.96,70.57,52.7,27.45,134.0,11.0,54.26,61.0,68.03,386,1,0.0,1,1.0,0.0,63.69
69.04,57.16,85.94,84.75,79.16,72.93,56.07,77.97,173.0,14.0,66.17,76.05,83.01,261,1,0.0,0,1.0,1.0,69.82
49.54,79.01,26.31,57.11,61.73,54.89,55.98,50.69,132.0,9.0,64.36,44.26,57.58,318,1,0.0,0,0.0,0.0,46.03
41.43,40.09,41.61,74.85,37.37,44.28,49.27,57.16,137.0,11.0,38.28,64.25,31.77,128,1,0.0,0,0.0,0.0,32.36
45.7,47.56,43.3,52.93,61.63,46.04,76.28,74.9,137.0,1.0,84.84,90.35,68.84,179,0,0.0,0,0.0,0.0,57.62
32.8,28.99,46.3,48.25,39.08,30.14,61.66,63.84,166.0,17.0,51.01,65.89,43.52,161,0,0.0,0,0.0,0.0,20.61
100.0,55.75,85.02,83.3,87.96,71.47,67.54,63.34,118.0,9.0,61.17,59.29,54.45,250,0,1.0,0,1.0,0.0,72.82
73.98,17.91,74.06,76.0,64.01,,99.84,63.74,156.0,11.0,49.95,64.74,69.38,285,0,1.0,0,1.0,0.0,51.41
56.27,48.92,30.95,79.07,55.81,48.44,70.29,45.44,133.0,11.0,56.06,29.16,60.88,227,0,0.0,0,0.0,0.0,45.71
59.26,65.97,12.37,40.11,72.21,41.79,76.26,81.05,129.0,7.0,71.15,78.78,69.04,206,0,0.0,1,1.0,1.0,54.05
56.82,74.63,9.1,40.68,54.32,49.55,32.23,56.06,104.0,3.0,42.47,29.92,36.81,263,1,0.0,1,1.0,0.0,46.68
58.81,42.16,41.42,72.72,72.29,53.13,53.51,62.36,168.0,5.0,56.1,49.56,48.13,204,0,1.0,0,1.0,0.0,48.39
80.28,78.97,65.64,68.77,63.02,66.56,52.19,42.9,150.0,1.0,70.5,55.99,59.08,80,1,0.0,1,0.0,1.0,62.17
68.49,56.29,61.5,57.97,45.87,50.21,75.17,73.74,117.0,4.0,68.12,68.04,78.32,217,0,0.0,1,0.0,0.0,48.06
55.23,38.83,66.06,65.16,57.27,55.68,100.0,70.35,121.0,6.0,66.58,86.64,83.9,229,0,0.0,0,0.0,0.0,48.21
62.84,29.23,71.55,76.11,45.95,56.78,45.43,55.72,125.0,5.0,49.55,77.75,55.67,265,0,0.0,0,0.0,0.0,35.16
72.79,78.27,47.37,77.8,73.05,67.03,58.81,51.74,147.0,7.0,45.09,55.1,62.58,215,1,1.0,0,1.0,1.0,68.14
65.92,46.76,29.41,55.41,61.84,49.0,79.33,74.66,139.0,2.0,64.77,85.5,57.81,117,0,0.0,1,0.0,0.0,50.34
66.84,,25.37,62.92,64.69,46.35,64.68,62.83,123.0,5.0,79.09,49.03,65.85,109,0,1.0,0,0.0,1.0,51.96
82.74,90.64,35.86,72.19,80.52,71.98,64.52,76.59,137.0,10.0,78.32,81.12,57.72,326,1,,1,1.0,0.0,67.37
64.55,46.37,38.47,66.01,69.61,48.21,65.6,35.09,162.0,10.0,58.0,46.44,59.71,184,0,0.0,1,1.0,1.0,50.64
84.71,52.38,57.09,72.34,76.41,56.39,76.69,64.23,151.0,16.0,63.87,49.62,42.42,212,0,1.0,0,0.0,1.0,60.38
76.41,38.48,63.89,55.53,79.38,65.78,79.4,74.7,109.0,4.0,66.63,52.19,51.32,302,1,0.0,0,1.0,1.0,56.48
27.44,24.63,34.94,59.13,47.29,26.15,60.38,70.05,119.0,11.0,39.65,53.6,21.85,301,1,0.0,0,0.0,0.0,18.85
57.89,48.51,24.87,58.23,32.21,30.1,72.88,73.57,138.0,8.0,74.68,60.47,72.51,170,0,0.0,0,0.0,0.0,48.57
59.44,50.53,48.75,74.6,37.32,57.12,31.08,48.82,137.0,7.0,49.96,47.94,44.06,294,0,1.0,0,0.0,0.0,43.92
52.34,82.18,29.99,41.56,61.03,41.95,66.39,55.4,163.0,2.0,63.36,55.58,40.33,231,0,0.0,0,0.0,,56.5
68.31,8.84,61.56,64.0,63.46,45.13,100.0,65.74,144.0,1.0,69.55,72.67,91.43,306,0,0.0,0,0.0,0.0,41.98
70.63,21.63,42.9,60.19,52.93,38.84,89.01,66.2,152.0,5.0,83.03,66.54,56.1,234,0,0.0,0,0.0,0.0,49.42
88.29,45.43,78.95,68.09,79.54,63.48,62.67,55.1,99.0,4.0,72.19,71.81,67.87,228,1,0.0,0,1.0,0.0,50.6
87.56,100.0,57.05,55.4,100.0,91.95,67.35,50.46,132.0,7.0,60.3,58.5,64.72,264,1,1.0,1,1.0,1.0,73.55
79.87,76.91,62.52,57.5,61.46,65.55,73.57,73.47,153.0,2.0,80.32,60.93,76.45,362,1,0.0,0,1.0,1.0,77.02
78.13,32.92,52.59,71.73,80.06,59.44,75.63,58.03,175.0,7.0,79.24,65.57,66.49,375,0,1.0,0,0.0,1.0,56.75
78.37,55.75,59.84,69.33,56.57,65.07,100.0,89.74,120.0,1.0,87.59,84.83,70.77,192,0,1.0,0,0.0,0.0,69.59
81.31,44.99,59.43,61.06,96.04,60.19,92.11,86.95,140.0,3.0,80.18,88.81,59.03,135,0,1.0,0,0.0,0.0,61.67
68.6,35.46,46.28,92.9,59.81,59.06,54.61,60.31,106.0,4.0,62.12,47.58,49.25,235,0,0.0,0,0.0,0.0,46.24
62.31,14.89,67.19,86.78,37.89,48.47,63.53,71.37,135.0,8.0,72.41,58.73,47.18,128,0,0.0,0,0.0,0.0,28.15
47.44,47.25,32.75,61.25,59.32,49.14,74.08,75.29,159.0,8.0,39.01,66.74,36.57,141,1,0.0,1,0.0,0.0,47.46
74.25,62.67,43.39,42.14,57.06,51.18,49.02,40.2,153.0,13.0,52.38,62.04,56.95,185,1,0.0,0,0.0,1.0,61.73
85.71,64.84,82.22,85.22,97.63,79.39,59.75,68.33,137.0,4.0,49.29,54.58,74.31,182,0,0.0,0,0.0,1.0,62.2
83.98,27.52,79.12,42.97,53.12,56.15,48.65,37.96,132.0,9.0,53.0,33.32,44.7,138,0,0.0,0,1.0,1.0,51.01
70.88,92.75,33.15,54.66,69.87,69.65,61.66,42.72,185.0,6.0,63.98,66.75,42.17,260,0,0.0,1,0.0,0.0,60.17
66.69,9.56,66.44,71.77,33.56,40.79,59.18,60.07,134.0,12.0,68.81,72.66,55.83,193,0,0.0,0,0.0,0.0,33.83
44.56,43.0,41.03,25.89,38.47,50.53,41.43,50.95,126.0,17.0,29.25,48.18,43.86,249,0,0.0,0,1.0,0.0,28.06
68.14,45.15,41.16,58.44,49.47,51.41,75.12,60.92,130.0,1.0,56.11,55.82,48.79,166,0,0.0,0,0.0,0.0,43.3
64.22,76.13,46.84,49.87,62.32,57.55,68.45,74.92,113.0,16.0,51.29,70.81,57.44,250,0,1.0,1,0.0,0.0,55.67
74.82,59.49,37.63,65.86,66.71,55.74,70.17,78.93,148.0,9.0,68.64,78.47,33.79,205,0,0.0,0,0.0,1.0,57.82
75.15,76.61,82.84,100.0,67.55,73.26,100.0,77.97,156.0,6.0,69.7,83.25,77.86,245,0,0.0,0,0.0,1.0,68.51
50.63,25.56,32.38,49.21,68.88,36.96,82.0,61.48,152.0,9.0,80.57,77.76,58.87,126,0,0.0,0,0.0,1.0,44.54
53.22,61.65,53.93,65.53,65.06,59.07,57.86,55.47,152.0,5.0,58.72,54.41,70.0,291,0,1.0,0,0.0,1.0,62.21
79.28,78.34,44.54,56.58,70.84,64.11,71.12,71.24,129.0,5.0,63.06,71.05,66.27,237,1,0.0,1,0.0,1.0,57.21
38.7,16.39,25.67,27.95,46.13,40.41,78.24,75.86,138.0,7.0,54.32,72.17,56.16,144,0,0.0,0,0.0,0.0,29.26
49.65,31.11,39.16,36.17,63.85,38.72,77.79,68.63,162.0,10.0,50.5,54.28,73.35,260,1,0.0,0,1.0,1.0,38.21
99.44,78.11,71.58,90.46,87.37,79.41,,34.56,128.0,6.0,61.8,39.8,53.06,384,1,1.0,1,1.0,0.0,73.38
56.22,,43.3,38.73,53.63,44.99,71.64,54.83,130.0,5.0,46.93,60.75,,249,0,0.0,0,0.0,0.0,49.41
55.81,32.03,58.26,46.47,33.03,54.06,79.42,46.54,159.0,5.0,42.78,77.64,67.64,259,0,0.0,0,0.0,0.0,42.95
80.28,74.07,80.47,81.91,71.63,64.08,85.9,88.33,,4.0,66.64,46.99,79.62,280,1,1.0,0,0.0,1.0,74.8
82.99,56.42,59.45,92.08,85.44,68.61,71.59,57.98,119.0,4.0,82.06,76.65,80.08,222,0,1.0,1,1.0,0.0,77.93
85.19,52.77,74.74,75.7,65.78,68.22,84.48,87.08,123.0,13.0,69.41,84.34,68.51,292,1,1.0,0,1.0,0.0,67.42
72.65,25.65,49.63,52.18,46.54,39.82,89.64,63.02,190.0,4.0,78.58,64.61,56.42,239,0,0.0,0,1.0,0.0,45.03
73.3,79.77,50.62,64.54,79.27,82.03,78.84,45.85,159.0,0.0,71.5,60.45,62.27,339,0,1.0,0,1.0,1.0,74.69
73.97,77.15,51.47,75.83,43.39,55.47,66.34,44.82,150.0,8.0,56.02,68.95,48.64,160,0,0.0,1,0.0,0.0,50.38
57.65,43.47,26.33,42.24,54.91,43.05,75.72,46.9,124.0,7.0,55.43,57.94,40.63,298,0,0.0,0,1.0,1.0,48.72
57.52,22.03,21.63,42.19,62.0,47.97,47.21,61.64,145.0,8.0,55.01,44.52,43.94,301,0,1.0,0,0.0,1.0,47.07
65.66,62.69,43.99,80.27,60.79,54.81,56.28,59.63,168.0,12.0,34.6,57.76,66.35,342,1,0.0,0,1.0,1.0,57.2
45.28,22.68,31.04,55.05,59.54,38.21,37.72,16.26,142.0,7.0,27.44,47.73,30.63,270,1,0.0,0,0.0,0.0,27.75
17.12,64.91,56.36,58.01,69.43,44.98,48.85,53.44,117.0,18.0,35.85,58.47,45.18,261,1,1.0,1,1.0,0.0,41.7
75.8,32.78,45.34,68.89,45.52,49.12,66.21,92.55,149.0,10.0,91.38,63.0,67.6,202,1,0.0,0,0.0,0.0,54.68
62.28,61.81,55.19,65.67,67.85,64.66,81.38,72.57,138.0,7.0,59.68,74.02,62.94,355,0,1.0,1,1.0,0.0,57.21
74.76,23.69,75.96,54.8,62.05,52.1,60.27,53.79,141.0,5.0,57.23,44.47,50.84,247,0,0.0,0,0.0,1.0,40.73
50.35,29.36,57.82,56.95,23.93,24.16,61.21,67.83,121.0,7.0,50.26,69.66,55.68,101,0,0.0,0,0.0,0.0,23.55
73.78,70.51,43.57,75.96,75.48,62.77,42.86,40.05,122.0,19.0,43.18,31.52,52.07,351,0,1.0,0,1.0,0.0,57.46
73.34,34.52,36.38,56.34,51.75,47.79,68.34,81.24,131.0,7.0,54.41,70.33,66.21,214,0,0.0,0,0.0,0.0,45.48
65.54,67.73,65.13,48.67,63.73,61.59,78.45,96.83,127.0,1.0,82.57,70.18,92.9,255,1,0.0,0,0.0,0.0,72.69
54.16,3.74,62.26,61.24,56.92,40.34,77.25,68.0,140.0,5.0,52.85,49.67,45.92,321,0,0.0,0,0.0,0.0,34.37
72.82,56.27,71.41,50.3,58.51,54.93,61.56,41.19,126.0,7.0,34.54,45.33,49.93,261,0,1.0,0,1.0,0.0,62.22
73.52,63.05,66.19,68.52,56.88,60.59,60.58,56.97,,9.0,69.5,59.03,58.64,113,1,0.0,0,0.0,0.0,55.08
75.15,51.82,60.74,60.14,64.81,69.89,73.69,78.93,149.0,7.0,63.36,86.61,61.86,228,0,0.0,1,0.0,0.0,61.15
35.33,25.38,42.53,49.39,70.45,38.75,67.06,67.84,153.0,14.0,58.06,59.79,47.48,156,0,0.0,0,0.0,0.0,20.1
46.19,58.2,26.22,59.33,29.62,44.62,,39.28,133.0,16.0,28.88,29.35,52.99,203,1,0.0,1,0.0,0.0,39.98
68.51,51.82,17.31,68.36,63.1,43.07,85.49,100.0,106.0,0.0,83.08,93.44,65.33,198,0,1.0,0,0.0,0.0,57.43
63.07,73.08,31.7,56.0,62.77,53.05,41.73,38.27,151.0,4.0,57.51,63.85,73.91,151,1,0.0,1,1.0,0.0,64.45
41.88,51.05,37.9,63.76,44.53,36.94,81.85,73.66,139.0,10.0,46.68,53.4,49.5,271,0,1.0,0,0.0,0.0,47.9
50.64,8.67,48.95,54.87,43.72,44.18,58.06,25.46,146.0,6.0,36.38,55.81,61.7,295,0,0.0,0,0.0,0.0,28.85
72.02,41.64,53.45,95.71,55.98,46.69,53.73,46.63,136.0,12.0,41.8,47.05,64.89,267,1,0.0,0,0.0,0.0,41.88
49.19,4.56,40.55,43.14,54.29,36.37,66.04,53.11,99.0,10.0,51.77,78.57,48.48,145,0,0.0,0,0.0,1.0,29.85
73.17,38.67,71.46,48.96,66.9,59.26,62.06,72.74,131.0,0.0,85.82,64.26,68.01,269,0,1.0,0,,1.0,64.29
27.47,20.11,37.65,53.69,6.41,,70.3,74.27,125.0,4.0,73.39,77.19,60.06,350,0,0.0,0,0.0,0.0,25.68
68.69,40.17,34.15,66.1,71.52,36.99,65.77,72.9,143.0,10.0,68.11,35.84,47.16,288,0,1.0,0,0.0,1.0,40.81
82.98,61.26,58.03,82.87,83.68,55.76,54.97,47.31,146.0,8.0,45.39,68.09,68.5,282,1,1.0,0,0.0,1.0,68.77
54.53,50.94,50.17,75.1,58.06,52.44,84.14,56.97,180.0,3.0,72.35,62.32,57.21,124,0,0.0,0,0.0,1.0,54.38
,59.31,60.66,96.25,66.22,52.3,42.75,58.02,144.0,10.0,70.72,82.83,46.49,231,0,0.0,0,1.0,1.0,59.0
76.7,16.57,61.59,63.57,68.07,48.36,80.51,60.15,131.0,9.0,68.26,58.04,56.7,188,0,0.0,0,0.0,0.0,40.27
69.39,9.32,49.74,69.52,58.94,42.67,63.43,73.76,131.0,13.0,58.42,64.96,54.45,318,0,1.0,0,1.0,0.0,37.44
48.93,48.04,62.02,59.12,86.75,48.95,51.73,70.98,146.0,7.0,64.21,52.69,55.28,218,0,0.0,0,1.0,1.0,59.0
62.88,61.77,19.27,61.09,59.92,42.15,46.63,50.38,152.0,10.0,54.73,53.47,39.52,288,0,0.0,1,0.0,0.0,47.91
86.99,47.86,42.35,77.54,73.39,60.52,,51.36,116.0,1.0,69.85,57.25,59.0,310,0,0.0,0,0.0,0.0,46.45
60.4,47.42,59.33,79.44,74.22,45.74,96.84,63.84,139.0,8.0,66.14,73.6,54.45,119,1,0.0,0,0.0,1.0,55.13
86.61,47.7,53.53,79.09,60.13,57.59,98.77,83.86,141.0,1.0,75.92,81.99,84.32,249,0,0.0,0,0.0,0.0,62.88
77.46,39.65,100.0,31.39,68.07,59.05,90.68,75.19,114.0,10.0,61.47,47.96,74.7,336,0,0.0,0,1.0,0.0,54.74
93.57,,59.5,83.35,54.56,67.48,69.81,64.2,153.0,3.0,84.91,65.64,65.49,292,0,0.0,0,0.0,0.0,68.7
69.73,78.53,32.06,63.85,57.38,72.0,69.53,71.6,144.0,6.0,53.5,44.07,62.39,100,0,1.0,0,0.0,1.0,61.28
77.21,59.39,36.34,59.43,70.14,51.68,42.77,62.52,132.0,7.0,65.94,51.19,43.88,335,0,0.0,0,0.0,1.0,53.4
76.19,37.22,60.53,62.34,66.86,58.97,60.54,65.35,143.0,6.0,77.99,54.17,52.09,146,0,0.0,0,1.0,0.0,51.06
58.32,1.15,46.76,58.42,30.42,35.66,67.37,53.74,151.0,7.0,61.37,77.67,40.58,88,0,0.0,0,0.0,0.0,22.75
82.42,37.02,58.26,70.25,46.71,58.42,51.91,50.77,172.0,11.0,55.57,71.23,44.67,109,0,0.0,0,0.0,0.0,35.71
81.6,92.43,56.6,69.25,73.06,70.67,68.92,82.53,151.0,6.0,61.81,79.66,74.85,313,1,1.0,1,0.0,0.0,69.24
93.99,56.94,78.34,41.81,56.69,74.83,68.06,69.27,119.0,2.0,79.14,57.58,80.4,213,1,0.0,0,1.0,0.0,68.84
85.45,39.63,60.98,91.1,34.8,60.89,70.99,51.34,190.0,9.0,45.29,43.09,45.22,169,0,0.0,0,0.0,0.0,34.02
95.29,51.88,77.79,75.26,83.01,76.29,75.81,77.16,120.0,5.0,45.95,63.92,73.43,224,0,1.0,0,0.0,0.0,68.45
69.21,65.64,76.56,72.41,75.98,58.52,56.12,66.92,145.0,7.0,66.46,64.77,45.28,286,0,0.0,1,0.0,0.0,61.73
49.38,46.57,41.84,93.1,62.39,50.39,58.45,70.56,134.0,10.0,53.72,79.15,60.24,268,0,0.0,0,1.0,0.0,39.54
65.92,45.17,62.01,68.33,65.54,53.28,81.44,55.37,139.0,0.0,67.62,76.71,64.67,123,0,0.0,0,0.0,1.0,58.45
68.59,40.51,58.54,70.58,51.41,47.97,62.13,75.04,145.0,13.0,48.12,38.9,46.53,160,0,0.0,0,0.0,0.0,51.45
73.34,24.91,41.2,62.34,41.34,41.13,61.72,55.54,147.0,3.0,52.64,64.36,54.37,111,0,0.0,0,0.0,0.0,37.48
68.24,44.02,29.89,39.87,75.15,49.17,64.63,57.46,164.0,4.0,61.82,66.86,69.22,223,0,1.0,0,1.0,1.0,61.74
65.98,14.9,55.86,44.96,58.78,47.65,70.46,65.74,128.0,9.0,66.57,58.25,39.22,294,0,1.0,0,1.0,0.0,51.4
70.96,52.87,58.96,62.71,75.19,65.87,84.99,84.84,149.0,1.0,78.52,57.62,83.31,191,0,0.0,1,0.0,0.0,54.69
63.28,66.66,31.92,56.01,57.29,58.09,76.28,77.03,152.0,5.0,62.89,66.8,55.11,192,0,1.0,0,1.0,0.0,68.16
61.98,67.0,34.72,55.13,56.5,54.35,64.63,57.32,181.0,3.0,59.77,63.52,71.52,287,1,0.0,0,0.0,0.0,46.59
56.97,80.21,43.31,49.16,61.33,56.81,65.74,79.83,148.0,6.0,65.88,62.14,68.47,230,1,0.0,1,0.0,0.0,60.11
53.24,49.29,23.42,57.02,43.52,39.94,50.89,67.6,116.0,6.0,59.42,55.35,36.13,139,0,0.0,0,0.0,0.0,30.39
67.05,54.7,46.83,31.74,58.54,50.34,93.9,90.82,168.0,5.0,69.91,88.03,61.34,330,1,0.0,0,0.0,0.0,49.03
60.5,27.71,66.58,66.4,76.55,48.57,89.84,73.11,135.0,3.0,62.71,80.97,68.55,250,0,0.0,0,1.0,1.0,56.73
84.04,47.26,30.33,70.68,87.37,56.32,,25.54,120.0,11.0,54.14,48.19,58.89,214,0,0.0,0,,1.0,51.1
71.06,64.6,71.77,75.07,71.74,67.94,84.52,78.38,166.0,4.0,55.48,42.46,72.72,298,1,1.0,1,0.0,0.0,71.46
44.75,32.43,21.03,51.93,50.2,45.05,63.44,60.59,141.0,4.0,75.52,74.41,60.43,126,0,0.0,0,1.0,0.0,45.0
83.82,94.72,32.06,61.24,59.5,64.46,68.14,37.52,136.0,3.0,64.43,39.91,56.8,182,1,1.0,1,0.0,0.0,57.14
83.74,67.56,61.69,75.1,60.76,61.21,80.3,24.16,172.0,8.0,39.51,35.76,61.2,194,1,0.0,0,0.0,0.0,53.79
85.65,74.01,65.78,93.87,92.8,81.36,41.34,40.21,126.0,5.0,59.06,35.58,59.22,360,1,1.0,1,1.0,1.0,71.3
52.98,40.83,51.65,54.01,46.59,33.67,75.33,74.41,131.0,4.0,74.51,74.38,40.79,159,0,0.0,0,0.0,0.0,42.43
89.13,65.13,60.5,89.26,72.69,75.93,45.05,53.59,145.0,7.0,42.87,30.12,59.2,196,0,0.0,0,0.0,0.0,67.43
98.98,8.44,69.76,91.16,62.13,50.35,61.22,48.33,98.0,3.0,66.9,56.64,52.43,390,0,1.0,0,0.0,1.0,54.72
63.8,82.97,52.76,47.64,42.32,61.58,66.19,88.09,142.0,4.0,67.58,56.14,75.86,127,1,0.0,1,0.0,0.0,54.21
56.7,35.64,38.92,52.05,34.22,37.86,37.32,55.23,137.0,7.0,58.09,37.85,53.64,259,0,0.0,1,0.0,0.0,35.95
53.7,50.41,51.53,47.07,39.86,48.43,51.06,51.29,122.0,11.0,61.79,50.63,52.94,150,1,0.0,0,0.0,0.0,40.1
98.95,60.12,53.69,47.85,59.19,76.69,65.05,35.78,139.0,7.0,65.63,42.2,78.13,322,0,1.0,0,,0.0,71.68
86.48,74.42,43.67,81.12,74.69,62.49,63.78,37.98,144.0,9.0,54.95,59.87,65.3,171,0,0.0,1,0.0,0.0,61.07
61.84,31.23,47.11,65.72,63.99,42.49,75.83,45.9,140.0,11.0,65.12,60.79,57.21,196,0,0.0,0,0.0,1.0,38.82
36.24,41.84,10.8,53.05,41.07,32.91,68.24,37.72,154.0,5.0,29.97,65.86,30.18,132,0,0.0,0,0.0,0.0,26.39
47.9,51.75,49.2,41.66,51.54,55.45,52.97,62.74,142.0,6.0,54.86,52.97,51.4,132,1,0.0,0,0.0,0.0,45.33
71.85,53.73,53.32,65.84,57.89,57.85,64.18,48.11,136.0,3.0,67.64,70.58,56.71,225,1,1.0,0,1.0,0.0,65.63
57.71,68.66,21.86,49.64,58.56,49.46,66.79,41.77,152.0,8.0,52.77,53.77,53.62,277,1,1.0,0,1.0,0.0,56.2
60.88,100.0,53.88,70.6,79.86,70.05,53.55,34.4,142.0,12.0,29.7,80.5,51.4,255,1,1.0,1,1.0,0.0,70.46
68.33,77.55,48.76,56.43,69.78,55.78,55.84,46.47,190.0,9.0,47.7,26.69,63.64,157,1,0.0,1,0.0,0.0,51.53
64.19,19.81,41.23,76.77,23.14,40.61,56.74,84.95,,8.0,55.99,33.32,60.93,232,0,0.0,0,0.0,0.0,33.64
71.55,31.56,50.87,61.75,63.41,49.08,78.84,62.55,131.0,6.0,52.59,66.39,53.52,122,0,1.0,0,0.0,0.0,44.94
59.57,42.04,42.14,65.89,59.94,56.8,72.83,66.41,109.0,7.0,43.13,45.27,44.27,237,0,0.0,1,1.0,1.0,50.8
74.22,53.64,45.66,67.39,59.09,60.94,60.31,36.84,126.0,8.0,35.02,52.71,43.75,213,0,1.0,0,0.0,0.0,48.93
56.11,54.26,35.12,61.52,76.86,43.91,74.25,76.09,104.0,6.0,62.54,61.99,69.37,295,0,1.0,0,1.0,0.0,51.87
82.63,63.4,79.48,74.2,47.58,64.44,,60.44,151.0,2.0,90.45,62.4,77.62,332,1,0.0,0,0.0,0.0,60.76
70.17,16.93,60.99,70.57,44.9,50.5,60.53,70.95,133.0,15.0,57.36,59.27,42.64,196,0,0.0,0,1.0,0.0,38.66
95.29,59.84,87.3,70.12,82.28,69.48,90.5,82.25,129.0,,90.78,86.27,62.85,237,0,1.0,0,0.0,0.0,81.41
81.55,66.26,63.61,73.68,31.71,54.32,69.21,49.97,150.0,9.0,70.3,66.87,54.94,251,0,0.0,1,0.0,0.0,55.74
68.08,50.41,66.24,82.1,61.63,56.7,70.29,51.34,133.0,8.0,62.59,59.66,78.51,211,0,0.0,0,0.0,0.0,49.06
63.96,48.47,39.84,73.08,76.91,56.45,77.33,73.36,148.0,8.0,66.64,65.76,67.72,314,0,1.0,0,1.0,1.0,60.11
59.04,66.92,52.83,66.99,75.68,65.67,67.24,42.65,135.0,7.0,66.48,81.08,61.4,176,1,0.0,0,0.0,1.0,66.16
67.0,56.78,64.44,83.84,79.93,64.82,73.21,66.22,142.0,6.0,50.44,77.53,60.89,302,0,1.0,0,1.0,,62.44
61.54,54.1,50.7,56.28,58.94,67.83,84.99,62.77,165.0,3.0,72.91,61.57,52.74,239,1,0.0,0,0.0,0.0,57.46
66.73,48.8,42.97,63.07,62.11,48.58,54.02,57.3,154.0,4.0,62.41,52.12,49.31,288,0,1.0,1,1.0,1.0,59.48
53.74,32.68,58.24,46.89,51.28,49.86,62.68,47.72,164.0,3.0,64.23,53.91,68.25,170,0,0.0,0,0.0,1.0,41.28
69.19,59.37,60.83,92.96,74.88,57.17,88.99,81.91,149.0,7.0,75.76,62.82,65.41,247,0,1.0,0,1.0,,74.82
79.98,77.63,37.4,89.29,46.24,71.11,70.19,75.18,107.0,3.0,67.84,31.03,64.61,152,0,0.0,1,0.0,0.0,55.59
85.56,78.29,45.85,62.28,92.0,78.06,66.94,56.01,127.0,7.0,58.54,54.7,70.08,303,1,0.0,1,1.0,1.0,67.53
42.22,35.72,42.44,66.93,37.99,43.74,53.75,40.53,108.0,15.0,,39.9,33.66,195,0,0.0,0,0.0,0.0,23.93
33.26,38.43,36.05,60.7,47.85,27.18,36.83,50.82,152.0,15.0,17.01,50.95,32.84,190,0,0.0,0,0.0,0.0,19.15
74.62,72.91,45.21,53.93,68.61,65.45,84.13,78.38,142.0,1.0,86.44,97.52,64.8,212,0,1.0,0,1.0,0.0,79.73
41.18,3.77,53.59,20.17,24.14,22.89,63.32,60.32,161.0,13.0,69.93,71.62,41.96,224,0,0.0,0,0.0,0.0,17.09
60.83,49.6,47.73,87.44,80.64,59.88,58.96,62.26,157.0,3.0,56.44,63.88,53.13,188,0,1.0,0,1.0,1.0,54.74
86.03,71.25,82.73,83.39,92.12,68.7,79.56,71.34,139.0,11.0,68.95,76.06,65.58,344,1,1.0,1,1.0,,88.22
61.39,40.04,12.11,43.86,30.94,38.07,57.97,48.07,169.0,7.0,55.83,56.88,49.2,101,0,0.0,0,0.0,0.0,31.48
67.42,45.27,44.66,56.12,52.43,48.09,,44.96,156.0,8.0,38.74,73.96,49.12,354,1,0.0,0,0.0,0.0,40.84
25.01,34.43,2.87,30.64,39.91,19.51,52.01,61.54,139.0,9.0,37.2,37.63,33.68,386,0,0.0,0,1.0,0.0,30.19
63.21,59.2,50.15,99.59,29.66,56.94,38.86,31.4,143.0,12.0,45.74,40.7,48.44,262,0,0.0,1,0.0,0.0,40.65
59.64,60.23,44.81,51.66,29.81,47.52,38.05,61.57,161.0,15.0,23.54,31.06,29.86,200,0,0.0,0,0.0,0.0,40.24
47.11,34.38,27.35,61.66,42.95,36.54,54.53,29.6,146.0,7.0,42.21,37.84,22.2,145,0,0.0,0,0.0,0.0,27.56
70.9,20.0,70.04,89.74,46.07,56.22,72.72,62.8,128.0,11.0,54.96,72.88,59.54,152,0,0.0,0,0.0,0.0,48.2
61.81,39.14,65.49,89.76,51.91,65.47,60.03,54.02,117.0,7.0,56.38,69.01,52.49,189,0,0.0,0,0.0,0.0,43.65
77.75,36.74,49.91,79.83,44.05,54.1,73.17,75.02,135.0,7.0,70.63,78.71,66.65,257,0,0.0,0,0.0,0.0,47.43
91.68,87.77,45.64,65.28,74.38,60.32,74.7,63.45,128.0,11.0,74.27,87.25,60.16,305,1,1.0,1,1.0,1.0,74.93
71.25,56.99,66.88,70.5,53.62,50.45,76.75,81.22,144.0,7.0,68.91,61.94,42.53,496,1,1.0,0,1.0,0.0,55.47
62.89,43.94,65.56,36.31,78.03,55.81,65.63,62.35,130.0,5.0,58.35,57.75,56.68,214,0,1.0,0,0.0,1.0,54.28
65.22,34.33,37.34,53.74,54.25,,53.6,61.31,131.0,10.0,66.01,70.52,64.55,184,0,0.0,0,0.0,1.0,36.4
57.28,25.45,41.66,46.93,56.32,42.91,62.05,61.52,160.0,3.0,57.1,62.48,54.71,193,0,0.0,0,0.0,1.0,46.78
39.79,29.16,45.53,62.94,24.26,38.44,73.22,90.53,170.0,8.0,58.17,81.43,39.46,209,0,0.0,0,0.0,0.0,33.4
62.97,28.88,76.98,89.34,45.05,52.7,75.58,100.0,127.0,3.0,92.04,100.0,60.36,159,0,0.0,0,0.0,0.0,56.95
78.23,44.0,73.18,86.36,63.89,68.44,95.48,82.35,137.0,3.0,88.71,86.01,73.34,295,0,0.0,0,1.0,1.0,68.64
61.44,60.02,44.48,81.68,69.18,60.58,31.73,21.92,130.0,8.0,42.75,28.77,43.89,148,1,0.0,0,1.0,0.0,43.48
70.39,73.91,28.62,63.35,58.9,50.14,56.03,43.18,143.0,7.0,58.85,49.74,46.88,323,1,0.0,1,0.0,0.0,46.54
35.53,7.89,35.96,63.3,33.5,31.44,65.99,46.89,145.0,4.0,60.12,71.91,31.53,201,0,0.0,0,0.0,0.0,22.91
63.9,36.26,49.29,67.66,55.55,40.22,72.6,61.03,131.0,2.0,75.92,76.42,56.32,177,0,0.0,0,0.0,0.0,44.29
38.28,43.68,45.74,58.08,36.22,42.71,36.34,41.57,144.0,5.0,54.54,53.16,57.09,272,0,0.0,0,0.0,0.0,27.95
56.34,41.31,48.34,80.18,88.67,53.14,39.56,43.31,127.0,11.0,36.71,47.93,37.66,255,0,0.0,0,1.0,1.0,54.97
62.65,47.05,53.96,83.63,79.58,58.76,75.65,90.87,134.0,1.0,81.79,66.45,54.46,212,0,1.0,0,1.0,0.0,61.67
77.96,54.9,64.29,45.38,60.94,61.63,51.16,32.72,121.0,11.0,57.36,72.96,69.51,176,0,0.0,0,0.0,0.0,58.28
57.2,43.89,63.07,78.25,45.01,53.17,48.64,43.99,155.0,15.0,29.77,59.97,64.93,190,0,0.0,0,1.0,0.0,39.27
100.0,84.66,67.75,83.01,62.81,85.07,51.0,53.89,153.0,8.0,65.75,45.45,61.72,321,1,1.0,0,0.0,0.0,68.25
91.89,57.69,66.59,78.91,64.19,67.84,57.59,36.31,144.0,6.0,83.81,71.2,67.35,283,1,0.0,0,0.0,0.0,62.55
48.77,37.48,40.66,58.62,64.3,45.92,52.48,57.27,149.0,7.0,57.37,55.02,51.93,207,0,1.0,0,0.0,1.0,46.85
100.0,70.07,74.79,89.79,71.48,84.37,68.48,95.4,159.0,2.0,69.6,61.34,80.78,287,1,0.0,1,1.0,0.0,81.88
67.25,24.23,71.28,76.01,50.74,63.14,57.67,58.87,152.0,5.0,55.03,38.4,46.28,413,0,0.0,0,0.0,0.0,44.01
71.84,74.59,81.99,67.81,60.99,68.05,53.8,44.33,151.0,5.0,51.59,48.51,57.09,203,1,1.0,0,0.0,0.0,69.4
19.45,51.04,29.0,52.14,31.37,29.23,88.04,76.91,,3.0,68.3,62.85,46.04,188,1,0.0,0,0.0,0.0,29.31
78.22,34.23,81.45,59.14,62.61,56.82,81.32,69.86,114.0,1.0,78.47,60.71,70.76,287,0,1.0,0,0.0,0.0,56.1
84.23,56.0,80.96,87.64,68.75,72.25,56.65,75.2,124.0,7.0,70.3,77.53,,364,0,1.0,0,1.0,0.0,75.36
71.06,44.7,37.59,68.4,66.31,51.59,39.37,52.17,175.0,11.0,51.64,61.08,49.86,230,0,0.0,0,1.0,1.0,41.86
74.57,49.98,58.42,64.24,71.59,49.17,68.98,93.55,135.0,1.0,77.0,83.95,51.66,122,1,0.0,0,0.0,1.0,60.74
67.37,58.71,76.86,75.83,60.64,69.49,69.71,74.78,168.0,5.0,62.11,66.28,75.09,339,0,1.0,0,0.0,0.0,57.63
59.46,46.01,52.02,53.74,64.91,56.48,60.98,94.4,148.0,4.0,71.53,58.84,53.17,305,0,,0,1.0,1.0,62.41
78.0,70.77,57.99,63.4,46.85,68.31,55.85,67.2,137.0,12.0,41.1,60.33,60.78,225,1,0.0,0,0.0,0.0,46.39
61.56,58.81,59.34,67.45,67.8,66.3,65.04,65.11,123.0,4.0,77.41,68.68,57.72,234,0,0.0,0,0.0,0.0,55.04
51.25,53.13,48.25,58.97,49.98,49.58,63.49,68.72,126.0,7.0,53.94,76.04,40.66,309,0,0.0,1,0.0,0.0,40.3
54.89,45.27,75.31,42.0,75.39,57.18,66.94,52.19,137.0,7.0,48.07,51.85,49.17,208,0,0.0,0,0.0,0.0,49.52
56.57,10.97,68.77,63.23,29.42,46.9,62.51,71.97,,4.0,58.2,56.99,26.44,227,0,0.0,0,0.0,0.0,33.9
48.2,48.87,49.05,54.12,41.19,37.7,50.56,48.73,,19.0,38.37,62.02,31.34,240,1,0.0,0,0.0,0.0,38.13
63.07,42.27,49.55,48.52,45.5,45.5,85.79,68.56,130.0,9.0,60.75,53.43,82.31,155,0,0.0,0,0.0,0.0,47.73
55.82,63.93,58.93,45.5,68.81,55.94,50.06,44.02,125.0,6.0,47.03,56.08,22.49,214,0,1.0,1,0.0,1.0,52.74
58.52,25.01,78.31,61.36,15.43,49.79,76.18,54.68,156.0,3.0,79.17,67.53,47.42,276,0,0.0,0,0.0,0.0,42.01
73.91,23.59,33.35,45.44,60.93,41.7,75.38,68.65,175.0,5.0,66.8,69.46,74.74,175,0,0.0,0,0.0,0.0,42.36
71.15,36.26,60.55,88.67,65.42,52.6,74.31,43.12,142.0,6.0,56.27,85.61,49.43,299,0,0.0,0,1.0,0.0,55.18
63.66,55.13,76.58,42.37,43.52,52.87,70.12,63.0,148.0,12.0,54.26,64.87,53.35,197,0,0.0,0,0.0,0.0,47.55
74.97,25.61,48.96,52.96,60.41,52.15,72.89,65.25,137.0,0.0,78.53,59.86,62.69,226,0,1.0,0,0.0,0.0,57.17
56.22,46.01,49.02,57.22,53.93,48.26,58.0,56.02,137.0,5.0,52.55,55.09,34.93,318,0,0.0,0,0.0,0.0,41.77
76.32,48.2,36.84,65.86,45.06,42.55,81.74,70.77,138.0,7.0,69.08,47.19,70.58,216,0,0.0,0,0.0,,43.42
79.0,61.77,38.84,82.66,42.44,49.01,59.99,60.11,132.0,2.0,57.05,76.19,52.03,152,1,0.0,1,0.0,0.0,50.66
68.7,51.18,33.56,68.07,73.15,54.83,55.1,67.7,148.0,2.0,61.14,30.95,48.35,242,0,0.0,1,1.0,1.0,58.5
44.82,56.99,55.87,59.68,61.76,52.18,65.57,45.36,,10.0,44.57,63.99,63.17,131,1,,0,0.0,0.0,48.83
51.0,42.52,54.13,48.05,45.64,45.6,65.93,67.92,135.0,7.0,68.53,52.85,42.82,269,0,0.0,0,0.0,0.0,40.7
55.06,78.18,52.88,54.77,70.0,56.41,53.31,69.9,127.0,5.0,56.9,48.02,54.26,157,1,1.0,1,0.0,1.0,73.3
82.09,61.98,65.89,74.86,67.56,70.92,66.41,64.32,131.0,5.0,80.27,80.02,58.1,195,0,0.0,0,1.0,1.0,70.02
59.68,53.32,24.51,44.09,28.18,43.47,71.44,61.82,152.0,12.0,50.26,51.72,40.87,355,0,1.0,0,0.0,0.0,45.42
63.48,31.0,39.57,38.93,64.81,47.35,62.87,57.1,124.0,5.0,59.29,61.54,74.0,216,0,0.0,0,1.0,0.0,48.62
67.14,58.3,70.8,84.14,84.26,68.05,56.89,53.93,120.0,3.0,50.04,39.63,59.33,343,1,1.0,0,1.0,1.0,76.34
83.6,52.74,64.01,84.22,68.11,74.42,91.78,61.11,148.0,7.0,73.07,57.06,85.74,257,0,1.0,0,1.0,0.0,66.79
47.08,40.55,52.37,48.35,36.87,36.07,54.02,42.06,136.0,10.0,32.5,53.04,36.29,228,0,0.0,1,0.0,1.0,37.9
75.84,28.88,49.17,60.35,29.89,43.57,55.36,53.78,135.0,5.0,48.55,68.42,37.69,158,0,0.0,0,0.0,0.0,43.34
71.92,79.27,61.71,45.39,54.64,60.42,56.54,65.73,153.0,9.0,65.01,79.58,26.89,222,1,0.0,1,0.0,0.0,52.25
98.74,68.08,55.82,58.51,82.25,78.56,65.76,65.56,138.0,5.0,76.72,61.15,67.07,199,0,1.0,0,1.0,1.0,75.2
53.38,16.91,65.82,32.9,65.08,41.9,49.23,41.43,125.0,21.0,16.21,31.51,22.34,274,0,1.0,0,1.0,0.0,26.29
79.82,49.27,30.67,62.94,53.68,47.58,56.52,42.67,141.0,8.0,74.88,54.78,56.09,268,0,0.0,0,0.0,0.0,50.06
95.7,76.49,75.39,79.38,71.58,75.49,78.63,62.69,129.0,3.0,80.15,50.93,60.95,256,1,0.0,0,0.0,0.0,67.27
66.34,65.22,41.44,58.95,68.56,57.5,44.41,51.72,152.0,11.0,48.51,47.11,54.44,310,1,1.0,1,1.0,1.0,60.97
67.16,27.26,63.55,61.2,53.54,57.35,59.97,64.63,139.0,3.0,84.68,67.39,82.51,139,0,0.0,0,0.0,1.0,50.45
80.16,44.41,56.33,91.55,85.1,61.43,43.91,33.68,118.0,11.0,48.81,33.39,79.41,318,0,1.0,0,0.0,0.0,50.31
72.52,39.63,44.81,76.75,60.05,48.95,40.48,14.6,138.0,16.0,34.05,28.81,45.57,268,0,0.0,0,0.0,1.0,32.09
65.09,60.22,37.89,46.02,67.94,48.05,48.68,54.73,122.0,5.0,56.4,39.96,49.0,274,0,0.0,1,1.0,0.0,51.69
73.89,43.16,54.82,48.0,64.93,52.7,57.37,96.36,156.0,4.0,69.01,74.61,49.17,133,0,0.0,0,0.0,1.0,57.64
82.72,45.57,73.78,50.82,77.14,78.99,43.41,21.63,134.0,12.0,34.75,31.9,47.04,307,0,0.0,1,1.0,0.0,45.65
45.23,29.74,30.12,83.27,52.49,42.28,63.62,44.04,150.0,12.0,37.8,69.85,38.8,227,0,0.0,0,0.0,0.0,29.31
69.39,75.64,55.22,46.43,59.26,64.03,46.71,30.73,125.0,7.0,39.06,55.08,65.92,213,1,0.0,0,0.0,0.0,63.74
48.85,62.91,59.34,40.33,66.93,53.6,64.88,69.7,136.0,4.0,57.41,49.62,52.69,261,1,1.0,0,0.0,0.0,54.34
,69.43,46.41,62.89,69.88,59.38,77.53,76.84,148.0,2.0,86.24,76.05,90.23,191,0,0.0,1,1.0,1.0,74.0
70.65,87.78,59.09,48.25,71.16,71.22,77.99,74.02,138.0,4.0,72.63,63.92,,238,1,0.0,1,0.0,0.0,68.97
78.65,75.62,75.01,87.75,62.83,74.05,68.56,43.07,123.0,9.0,58.53,51.59,64.38,270,1,0.0,0,0.0,0.0,57.98
77.79,60.74,82.8,67.01,65.58,69.31,81.6,74.84,154.0,4.0,72.24,75.01,58.22,260,0,1.0,1,,0.0,69.48
100.0,61.08,60.58,88.78,67.63,70.79,72.09,69.96,145.0,8.0,63.06,59.04,71.91,396,0,1.0,0,0.0,0.0,59.85
45.06,56.23,32.18,60.99,41.21,41.01,50.79,68.14,118.0,4.0,63.39,70.17,46.49,208,1,0.0,0,0.0,0.0,43.01
68.49,57.36,39.1,74.05,69.2,58.93,91.55,81.41,136.0,5.0,67.33,83.84,68.82,265,0,1.0,0,1.0,1.0,79.57
100.0,68.58,58.44,79.2,95.91,76.33,73.1,71.13,125.0,1.0,68.04,64.75,66.91,205,0,1.0,1,1.0,0.0,89.9
59.68,53.81,34.3,39.35,48.71,59.03,65.97,78.64,130.0,9.0,62.45,45.85,65.6,211,0,0.0,0,0.0,0.0,39.87
69.78,83.13,27.58,56.98,98.52,70.23,60.33,49.79,130.0,3.0,45.16,72.09,65.73,270,1,1.0,1,1.0,1.0,69.5
76.02,42.79,61.88,62.93,54.45,52.11,75.33,51.06,136.0,6.0,64.59,51.83,69.14,161,0,0.0,0,0.0,0.0,55.19
54.06,28.76,51.04,78.26,62.43,40.4,84.99,69.25,116.0,10.0,63.79,73.07,49.9,257,0,0.0,0,0.0,1.0,44.31
68.22,53.56,50.69,50.42,57.82,51.63,61.45,74.58,131.0,3.0,82.85,57.16,63.06,268,0,0.0,0,0.0,1.0,61.62
86.14,62.97,61.88,72.3,73.55,60.94,64.99,82.67,156.0,,71.73,81.23,57.32,259,0,0.0,0,1.0,1.0,70.05
51.16,47.67,57.55,95.74,89.28,55.45,55.23,57.02,169.0,9.0,44.62,43.5,64.95,207,0,0.0,0,,1.0,51.54
62.63,35.77,67.14,73.18,51.16,46.52,84.72,78.07,121.0,0.0,82.75,67.07,67.81,243,0,0.0,1,0.0,0.0,61.12
71.99,48.1,73.82,59.59,79.44,60.54,69.08,77.19,159.0,7.0,73.65,69.79,66.84,356,0,1.0,0,1.0,0.0,57.6
59.26,56.46,63.04,77.12,61.48,55.68,46.57,33.41,,9.0,59.05,60.36,49.1,276,0,0.0,0,0.0,0.0,42.91
18.9,50.7,59.88,49.79,45.4,41.19,54.31,64.16,134.0,7.0,51.71,67.2,39.24,201,1,0.0,0,0.0,0.0,33.54
61.62,83.59,29.77,68.94,56.01,55.27,71.05,52.01,149.0,3.0,43.02,53.6,57.08,281,1,0.0,0,0.0,1.0,54.22
63.42,45.54,36.93,68.86,79.89,47.68,72.85,57.59,158.0,2.0,84.35,49.94,74.55,282,0,1.0,0,0.0,0.0,56.08
65.89,45.68,52.99,61.73,77.33,63.29,62.98,52.88,131.0,21.0,60.59,62.56,52.63,353,0,1.0,0,0.0,1.0,53.39
68.96,79.33,44.71,76.9,68.3,65.41,59.74,66.78,155.0,13.0,62.11,67.49,73.59,379,1,0.0,0,1.0,1.0,66.33
43.02,39.83,8.69,66.48,53.05,33.02,73.98,76.6,137.0,3.0,71.42,72.43,60.2,200,0,0.0,0,1.0,0.0,45.36
69.28,60.88,47.15,54.29,67.48,51.88,71.88,81.91,157.0,9.0,54.68,57.95,37.35,260,0,0.0,0,0.0,0.0,58.63
63.84,10.01,72.05,86.29,50.12,39.53,54.16,25.61,165.0,6.0,45.21,50.33,36.24,143,0,0.0,0,0.0,0.0,31.75
78.69,44.77,55.66,55.37,69.92,48.71,59.24,65.63,161.0,7.0,44.04,51.93,73.16,294,0,1.0,0,1.0,0.0,56.43
60.06,70.35,37.62,82.71,55.17,61.75,70.35,58.58,134.0,1.0,63.32,65.32,61.43,222,0,0.0,0,0.0,0.0,54.74
89.11,49.82,58.44,78.42,59.95,68.32,82.98,81.1,152.0,4.0,57.08,54.7,58.89,222,0,0.0,0,0.0,1.0,56.16
50.4,27.78,45.55,55.52,58.07,39.11,50.39,49.51,129.0,10.0,56.49,57.5,37.56,281,0,1.0,0,0.0,0.0,38.99
63.07,21.93,53.12,85.36,57.13,56.45,89.31,86.04,122.0,0.0,85.87,83.01,69.85,210,0,0.0,0,0.0,0.0,48.45
86.47,68.91,57.42,93.46,61.89,71.58,88.42,60.56,138.0,0.0,83.68,76.72,85.42,237,1,0.0,0,0.0,0.0,78.87
50.87,19.78,29.41,70.14,43.58,37.66,61.72,41.33,153.0,7.0,54.97,53.78,,124,0,0.0,0,0.0,0.0,23.42
63.69,46.76,31.15,42.02,36.56,48.4,78.7,59.91,136.0,14.0,54.88,68.27,50.79,186,0,0.0,0,1.0,0.0,43.13
94.02,72.4,70.76,88.05,75.9,78.87,68.14,30.29,166.0,6.0,61.42,59.91,45.4,299,1,0.0,1,,1.0,76.22
94.02,46.09,77.34,71.68,52.39,66.02,48.95,44.95,138.0,7.0,68.22,74.06,49.29,182,0,0.0,1,0.0,1.0,60.09
66.36,18.61,65.44,50.86,61.14,47.22,74.23,86.28,121.0,8.0,71.8,79.75,53.07,258,0,0.0,0,1.0,0.0,47.32
57.43,37.37,71.38,73.69,60.09,53.04,72.34,69.95,135.0,3.0,51.21,61.38,60.76,284,1,1.0,0,0.0,1.0,63.9
64.1,64.06,37.25,45.17,50.27,41.5,69.53,53.13,128.0,7.0,54.97,72.2,57.07,140,0,0.0,0,0.0,1.0,47.31
75.66,24.03,68.2,49.47,59.36,47.73,86.19,87.49,166.0,8.0,76.6,66.53,79.42,357,0,1.0,0,1.0,1.0,70.08
52.35,20.44,46.78,33.27,53.07,49.83,74.31,93.14,149.0,6.0,55.13,67.34,45.84,254,0,0.0,0,1.0,0.0,31.43
49.06,45.71,53.21,84.76,48.18,43.89,71.06,63.12,139.0,10.0,46.83,74.7,54.12,200,0,0.0,0,0.0,0.0,40.38
66.54,79.31,23.0,51.27,65.84,44.47,85.12,81.36,155.0,4.0,62.84,53.57,62.31,233,1,0.0,1,0.0,0.0,57.15
59.28,77.6,7.43,49.13,87.58,58.89,58.5,86.4,124.0,11.0,,50.28,44.14,185,1,1.0,1,1.0,1.0,68.14
48.19,12.86,48.62,48.36,62.23,40.66,72.15,68.22,120.0,6.0,67.61,65.89,65.19,124,0,1.0,0,0.0,0.0,36.25
63.01,51.51,51.26,78.22,55.76,56.01,51.23,47.19,114.0,0.0,58.22,56.8,70.36,281,0,0.0,0,0.0,0.0,45.59
33.34,27.49,41.11,22.78,52.73,32.8,41.5,55.04,103.0,6.0,54.82,64.21,40.94,170,1,0.0,0,0.0,0.0,24.76
55.67,32.54,49.39,51.75,72.55,53.37,44.93,42.85,117.0,11.0,57.38,60.82,45.36,192,0,1.0,0,0.0,1.0,48.86
95.89,75.16,55.2,87.06,91.38,84.77,77.73,59.96,151.0,3.0,53.35,29.57,86.7,199,1,1.0,0,1.0,1.0,81.46
91.52,38.5,80.75,75.3,61.86,61.98,47.34,40.66,150.0,15.0,41.55,34.68,55.38,321,1,0.0,0,1.0,0.0,47.06
74.65,41.82,49.19,70.62,53.11,57.23,70.65,71.34,124.0,3.0,74.16,56.65,51.04,219,0,0.0,0,0.0,0.0,50.02
70.35,47.12,35.63,51.07,40.81,54.05,,67.12,104.0,1.0,71.45,45.92,60.8,250,1,0.0,0,0.0,0.0,43.01
87.13,70.64,25.82,100.0,79.0,61.94,42.99,36.6,129.0,18.0,42.8,45.06,46.24,293,1,0.0,1,1.0,1.0,59.8
62.7,0.0,54.62,49.69,32.77,45.5,59.13,59.04,147.0,11.0,46.28,65.4,41.01,233,0,0.0,0,0.0,0.0,23.26
61.58,37.79,41.69,45.69,50.75,51.88,63.38,45.18,154.0,8.0,57.64,71.13,47.53,224,0,0.0,0,1.0,0.0,41.07
56.24,45.38,38.3,49.83,69.09,40.76,64.33,59.33,143.0,8.0,61.27,70.19,45.63,227,0,1.0,0,0.0,1.0,56.71
56.83,39.23,63.87,53.79,78.07,63.33,43.12,36.85,118.0,4.0,56.47,43.8,61.26,178,0,0.0,0,0.0,1.0,55.74
72.91,70.61,49.09,58.28,76.95,55.56,59.78,36.1,151.0,5.0,55.26,58.66,52.35,136,0,0.0,1,1.0,0.0,52.0
88.07,55.85,50.11,80.55,70.15,59.87,67.2,43.96,146.0,7.0,70.21,66.37,63.16,184,1,0.0,0,1.0,0.0,61.3
67.08,,78.61,42.97,48.68,60.29,51.07,38.81,150.0,10.0,55.49,45.32,64.03,347,1,0.0,0,0.0,0.0,48.94
83.9,85.02,70.92,85.53,99.75,85.45,68.92,64.88,124.0,2.0,59.56,52.59,67.45,405,1,1.0,1,1.0,0.0,87.6
70.79,0.0,65.92,54.72,61.15,46.34,76.52,60.34,150.0,5.0,55.88,56.09,45.24,80,0,0.0,0,0.0,1.0,34.06
77.06,70.6,56.73,59.63,78.02,61.8,70.3,72.81,155.0,2.0,69.75,56.52,73.37,302,0,1.0,0,1.0,0.0,71.23
84.83,66.07,81.92,97.23,76.21,72.71,66.0,55.03,115.0,9.0,,50.36,64.19,202,1,1.0,0,0.0,0.0,69.95
54.36,49.07,53.23,81.55,38.07,,94.34,76.8,132.0,2.0,82.05,88.31,86.24,348,0,0.0,0,0.0,0.0,57.93
95.6,40.78,60.61,95.8,72.33,71.05,49.6,52.81,109.0,9.0,50.77,45.73,67.11,155,0,0.0,0,0.0,0.0,43.43
,50.28,53.76,49.41,54.14,51.86,69.63,72.23,125.0,8.0,71.27,81.6,65.53,269,0,0.0,0,1.0,0.0,60.56
90.67,56.55,67.99,64.87,79.21,64.7,35.65,33.54,133.0,12.0,34.65,25.46,,274,1,0.0,0,1.0,0.0,56.57
50.62,47.8,32.88,77.31,38.14,34.63,54.61,100.0,112.0,11.0,78.43,86.67,61.55,237,0,0.0,1,0.0,0.0,35.02
48.1,31.21,64.69,54.13,62.89,43.76,36.38,34.48,155.0,9.0,31.41,21.44,41.05,265,0,0.0,0,0.0,1.0,28.94
67.47,33.4,64.5,45.91,55.73,50.34,93.49,81.67,163.0,9.0,62.22,91.96,43.77,142,0,0.0,0,0.0,0.0,45.28
73.74,54.08,55.86,77.87,39.85,,50.03,46.68,135.0,8.0,54.79,65.47,48.62,309,0,0.0,0,0.0,0.0,44.91
96.22,40.4,90.93,79.3,62.13,58.72,100.0,75.09,132.0,1.0,72.58,66.27,78.54,206,0,0.0,0,1.0,1.0,71.06
40.85,53.67,45.31,61.24,74.47,55.26,53.9,86.97,137.0,6.0,40.65,87.57,40.33,107,0,0.0,0,1.0,0.0,44.16
58.72,81.41,43.71,40.06,36.12,46.53,56.86,63.34,164.0,12.0,49.54,74.64,75.71,198,1,0.0,1,0.0,0.0,53.96
83.07,51.65,86.67,73.48,74.25,61.23,51.44,73.73,148.0,7.0,68.33,52.07,55.93,233,1,0.0,0,0.0,1.0,61.02
86.58,38.81,58.91,85.56,54.79,68.64,68.94,56.07,107.0,9.0,61.27,68.75,70.01,321,0,0.0,0,1.0,1.0,47.62
73.63,74.81,12.19,56.93,89.09,63.44,78.73,47.44,100.0,2.0,73.74,53.09,79.77,277,0,0.0,0,1.0,0.0,59.74
73.76,33.63,50.67,84.27,60.63,59.98,63.71,64.11,123.0,4.0,71.27,56.15,67.48,246,0,0.0,0,0.0,1.0,54.43
69.8,72.94,81.1,60.42,75.19,71.77,47.34,53.47,136.0,10.0,48.48,24.26,55.05,214,1,0.0,0,1.0,0.0,61.78
67.88,78.83,40.43,69.16,76.33,70.27,62.29,69.03,108.0,,55.94,79.11,65.83,333,1,0.0,1,1.0,0.0,59.74
53.01,62.49,70.51,94.22,72.96,67.39,60.08,64.77,135.0,11.0,53.36,35.27,57.57,289,1,1.0,0,0.0,1.0,64.23
73.1,67.4,55.57,54.77,69.37,59.71,57.02,55.34,108.0,5.0,62.4,37.29,56.47,270,1,0.0,1,0.0,1.0,67.44
43.64,40.62,59.23,67.45,52.73,40.38,61.94,70.09,139.0,5.0,44.91,66.74,36.67,280,0,0.0,0,0.0,0.0,35.43
88.5,23.82,56.88,80.14,62.66,,60.93,42.65,142.0,9.0,58.29,66.48,51.11,215,0,0.0,0,1.0,0.0,43.03
78.03,40.56,58.36,63.02,49.98,53.89,57.3,39.65,169.0,9.0,63.65,52.4,43.52,363,0,1.0,0,0.0,0.0,47.75
63.9,46.25,44.52,57.0,62.32,44.55,63.12,74.69,136.0,1.0,77.35,82.06,56.55,249,0,0.0,1,0.0,0.0,57.03
28.21,32.82,37.67,33.84,16.8,23.35,47.92,56.44,130.0,9.0,56.2,79.59,,244,0,0.0,0,0.0,,15.67
68.38,39.81,29.18,64.96,76.52,49.7,47.39,64.0,161.0,9.0,51.71,47.93,53.41,263,0,1.0,0,0.0,1.0,51.63
88.01,42.28,58.85,65.69,86.25,72.24,58.15,48.17,150.0,10.0,51.48,49.76,45.4,260,0,1.0,0,1.0,1.0,57.93
68.38,47.85,29.53,42.39,52.25,37.86,72.37,84.57,141.0,5.0,57.35,79.86,43.73,354,0,0.0,1,0.0,0.0,51.1
79.77,52.68,65.64,81.4,75.14,65.22,56.62,39.06,132.0,9.0,61.8,52.97,50.06,214,0,0.0,0,0.0,1.0,52.59
66.58,48.68,60.51,56.25,61.71,47.96,84.65,66.69,172.0,1.0,74.2,83.27,64.01,200,0,1.0,0,0.0,0.0,53.66
60.79,92.1,49.15,46.24,62.16,,53.41,65.67,124.0,7.0,60.34,51.34,52.77,193,1,0.0,1,1.0,0.0,57.08
94.9,96.83,39.21,79.84,82.01,80.84,54.87,43.69,111.0,2.0,64.02,22.0,76.05,430,1,1.0,1,1.0,1.0,81.42
53.5,60.4,34.71,56.39,71.82,46.26,77.33,89.43,137.0,1.0,73.4,67.82,61.42,281,0,1.0,1,0.0,1.0,57.31
81.45,62.86,40.01,54.76,45.75,54.38,100.0,100.0,138.0,0.0,73.76,87.47,71.42,165,1,0.0,1,0.0,0.0,70.91
78.03,81.47,66.0,55.41,77.3,70.69,58.41,45.92,160.0,6.0,43.14,66.44,47.63,253,1,0.0,1,1.0,1.0,69.2
61.16,59.45,16.64,58.01,50.77,50.47,43.28,52.03,139.0,11.0,48.02,61.25,43.74,225,1,0.0,0,0.0,0.0,39.64
47.96,39.04,72.04,72.61,36.36,44.59,69.43,64.29,156.0,6.0,68.05,71.38,43.42,150,0,0.0,0,0.0,0.0,42.06
53.53,33.17,61.2,69.33,56.34,56.24,,55.67,92.0,4.0,55.37,59.7,59.37,246,0,0.0,0,0.0,0.0,40.3
62.75,42.85,17.04,28.71,42.88,,72.26,84.12,134.0,1.0,82.58,71.88,65.82,198,0,0.0,1,0.0,1.0,47.28
73.3,56.27,63.88,66.75,71.31,64.99,70.94,59.06,166.0,8.0,62.39,35.27,48.8,250,0,1.0,0,0.0,0.0,64.5
75.63,44.68,59.79,74.05,55.96,56.08,100.0,65.92,124.0,2.0,92.89,63.79,76.33,145,0,0.0,0,0.0,0.0,58.67
62.85,46.61,32.69,30.64,37.36,46.94,65.79,47.28,134.0,8.0,43.25,36.97,50.49,195,0,0.0,0,1.0,0.0,37.06
74.97,52.87,67.58,53.51,85.94,75.89,64.83,50.28,154.0,6.0,72.38,40.0,80.1,200,1,0.0,0,1.0,,63.91
71.47,40.95,72.3,52.62,78.38,57.96,100.0,73.07,135.0,1.0,76.65,62.46,63.36,442,1,1.0,0,0.0,1.0,67.32
70.51,62.27,51.84,69.67,63.78,59.33,66.54,49.34,153.0,7.0,60.51,48.64,52.34,80,0,0.0,0,0.0,0.0,38.85
57.23,29.7,78.21,96.32,54.39,51.47,61.26,60.05,128.0,12.0,48.34,72.46,55.47,161,0,0.0,0,0.0,0.0,34.18
81.18,88.96,48.85,50.91,81.87,65.88,76.94,71.32,140.0,1.0,77.84,78.62,64.34,277,1,1.0,1,0.0,1.0,74.65
57.4,19.57,32.7,64.49,48.26,34.84,57.01,51.23,150.0,5.0,63.62,72.69,43.85,171,0,0.0,0,0.0,0.0,39.23
44.72,33.81,49.86,39.74,62.21,42.73,45.15,43.64,117.0,7.0,24.26,34.2,35.0,272,0,1.0,0,1.0,1.0,48.78
64.77,53.02,42.59,49.57,60.41,47.05,55.08,34.25,123.0,9.0,53.5,49.64,55.43,188,0,1.0,1,0.0,1.0,54.95
92.76,37.27,60.9,92.01,72.96,59.8,57.69,69.98,154.0,3.0,52.1,83.9,66.97,305,1,1.0,0,0.0,1.0,63.06
52.01,63.25,48.75,93.55,44.39,34.05,86.31,57.26,128.0,13.0,48.26,61.53,53.38,305,1,0.0,0,0.0,1.0,53.95
37.89,60.57,33.49,58.92,39.65,50.45,80.34,68.87,143.0,13.0,63.24,70.12,58.82,80,0,0.0,0,0.0,0.0,35.65
53.67,31.88,16.2,59.35,74.06,51.3,41.95,58.48,153.0,1.0,69.29,74.59,57.42,167,0,0.0,0,0.0,1.0,47.41
63.06,26.64,45.17,65.45,51.62,49.21,58.4,16.4,140.0,8.0,45.05,41.95,52.46,177,0,0.0,0,0.0,0.0,36.36
100.0,54.8,75.24,82.23,62.19,65.48,51.31,60.87,142.0,11.0,50.44,50.84,56.98,387,0,1.0,0,1.0,0.0,68.13
75.68,51.3,49.44,71.98,60.76,49.77,100.0,92.77,172.0,2.0,73.97,69.7,81.05,257,1,0.0,0,0.0,0.0,57.96
71.01,83.35,60.2,76.68,84.27,60.73,,72.4,184.0,8.0,65.15,86.58,57.73,215,0,1.0,1,1.0,1.0,71.22
79.09,49.73,77.15,94.61,55.51,68.21,89.39,58.34,145.0,6.0,64.6,78.03,68.81,223,0,0.0,0,0.0,0.0,61.96
62.94,58.38,35.14,50.82,51.58,57.31,66.14,66.86,132.0,3.0,77.24,55.34,52.58,112,0,,0,0.0,0.0,43.67
72.74,19.3,47.51,55.0,22.78,42.09,55.43,31.49,153.0,9.0,41.79,42.46,40.73,312,0,0.0,0,0.0,0.0,35.53
58.49,42.61,58.29,54.3,49.15,54.45,50.32,58.02,123.0,7.0,45.28,39.65,37.1,229,0,0.0,0,0.0,0.0,36.65
,29.99,68.27,86.07,70.94,59.07,99.56,65.32,167.0,1.0,87.21,77.57,71.97,228,0,0.0,0,1.0,0.0,58.9
33.23,22.72,13.99,68.69,26.05,21.93,44.37,56.54,126.0,13.0,56.87,53.1,41.61,208,0,0.0,1,0.0,0.0,17.44
53.07,72.8,72.31,90.0,55.71,67.9,48.08,45.2,129.0,4.0,51.22,34.08,29.12,208,1,0.0,1,0.0,0.0,54.09
49.87,0.0,42.4,63.16,34.45,37.68,47.63,63.92,118.0,9.0,48.91,34.45,40.08,168,0,1.0,0,0.0,0.0,19.27
83.5,65.26,61.63,81.26,64.31,60.55,59.21,43.94,123.0,5.0,54.16,67.97,55.89,187,0,0.0,0,0.0,1.0,62.61
92.19,67.5,66.41,99.28,82.14,79.38,70.05,62.19,161.0,12.0,45.43,38.45,62.91,328,0,1.0,1,0.0,1.0,65.29
62.4,47.12,36.76,92.23,61.85,51.27,98.8,64.31,150.0,1.0,88.65,100.0,56.07,207,0,0.0,0,0.0,0.0,58.57
59.49,49.83,52.38,30.15,55.8,47.68,56.02,60.36,137.0,7.0,58.31,70.46,61.26,226,0,0.0,0,0.0,0.0,54.32
82.13,88.58,51.2,76.25,67.99,72.18,40.47,66.86,172.0,9.0,41.6,63.17,62.12,315,0,0.0,1,1.0,0.0,62.34
85.83,52.4,58.33,32.85,56.73,60.42,63.4,67.18,141.0,5.0,71.84,65.71,73.05,308,0,1.0,0,0.0,0.0,58.64
62.36,55.87,23.06,71.0,44.0,52.29,62.08,42.85,138.0,5.0,80.39,83.83,54.23,197,1,0.0,0,0.0,0.0,57.41
48.86,83.32,27.1,59.47,59.62,47.32,53.53,47.13,,2.0,54.97,31.84,51.83,249,0,0.0,0,0.0,0.0,41.24
23.47,32.68,50.86,41.12,61.33,40.61,83.58,62.24,127.0,11.0,73.02,82.36,53.49,218,0,0.0,0,1.0,1.0,37.28
79.34,27.94,58.83,31.34,43.79,41.65,97.97,90.76,127.0,1.0,64.4,100.0,53.33,160,0,0.0,0,0.0,0.0,52.05
65.52,46.58,61.05,60.04,40.34,50.61,79.26,63.0,129.0,5.0,64.1,61.32,50.17,253,0,0.0,0,0.0,0.0,49.36
75.91,70.6,60.72,74.22,53.8,62.7,53.72,36.75,129.0,9.0,58.56,52.67,58.73,299,0,0.0,1,1.0,0.0,60.7
57.58,50.97,45.91,61.9,70.24,58.4,58.51,54.4,133.0,7.0,52.49,46.28,63.77,125,1,0.0,1,0.0,1.0,51.05
77.12,60.4,59.45,55.73,66.55,61.6,50.95,34.34,150.0,8.0,44.43,43.92,65.46,184,0,1.0,0,0.0,0.0,49.91
76.06,59.17,69.28,63.41,70.21,62.57,62.62,36.99,138.0,17.0,35.13,63.08,54.35,216,1,1.0,1,0.0,0.0,55.7
68.84,56.3,46.01,65.64,59.58,63.95,62.65,64.31,,4.0,79.54,40.24,57.43,387,1,0.0,0,1.0,1.0,61.3
61.23,64.21,43.42,49.33,65.67,51.89,59.34,51.42,150.0,12.0,36.34,58.84,49.01,181,0,0.0,0,1.0,0.0,48.49
76.84,41.39,66.81,81.84,56.54,56.04,77.3,90.45,128.0,7.0,90.0,97.5,77.74,122,1,0.0,0,0.0,0.0,61.43
50.78,78.81,51.55,59.41,42.41,42.71,83.91,83.34,150.0,8.0,64.69,62.18,76.24,145,1,0.0,1,0.0,0.0,51.92
66.15,40.36,26.33,35.26,68.87,44.69,41.44,37.26,138.0,75.0,43.19,36.96,54.65,318,0,1.0,0,1.0,0.0,45.35
,,62.23,64.6,55.99,43.24,52.94,24.09,162.0,10.0,39.34,51.19,,160,0,0.0,0,0.0,0.0,38.09
60.67,62.32,52.5,71.21,58.44,54.78,58.08,41.09,153.0,7.0,51.71,40.87,67.36,210,0,1.0,0,1.0,1.0,52.45
77.94,36.1,61.68,89.58,65.56,60.36,96.97,81.55,145.0,0.0,84.38,89.18,75.58,131,1,0.0,0,0.0,0.0,65.03
76.08,50.72,100.0,94.7,54.02,61.66,60.74,86.73,170.0,1.0,80.18,76.17,,270,0,0.0,0,0.0,0.0,52.38
76.8,64.27,49.88,53.63,65.35,55.18,97.81,82.42,154.0,2.0,77.69,100.0,82.4,295,1,0.0,0,0.0,0.0,61.14
34.26,11.74,6.26,56.75,29.63,12.66,71.85,61.07,151.0,9.0,42.27,61.31,45.41,203,0,0.0,0,0.0,0.0,21.69
54.71,57.36,58.22,49.17,62.46,50.5,68.19,57.22,167.0,2.0,44.76,54.28,62.63,166,0,0.0,0,1.0,0.0,56.28
75.79,54.75,56.4,61.9,68.76,54.41,58.5,46.97,154.0,9.0,60.36,50.72,49.39,201,0,0.0,0,1.0,0.0,57.43
63.82,36.84,62.7,71.01,60.94,66.27,76.51,87.72,145.0,5.0,61.03,67.96,79.86,193,0,0.0,0,1.0,1.0,56.87
72.13,36.98,48.4,86.67,59.03,62.71,56.26,59.06,136.0,10.0,51.0,78.26,51.04,220,0,0.0,0,1.0,0.0,45.0
,58.63,41.35,95.08,66.76,70.01,64.56,56.61,103.0,1.0,55.56,77.23,73.5,227,1,1.0,0,0.0,0.0,61.96
82.95,44.02,32.6,83.5,32.37,42.74,92.85,82.72,110.0,9.0,79.4,73.51,64.94,152,0,0.0,0,0.0,0.0,48.7
72.08,44.85,43.19,66.24,50.89,50.52,49.28,53.41,135.0,10.0,49.34,59.01,43.5,209,0,0.0,0,0.0,0.0,44.26
63.79,40.14,39.68,65.46,55.74,41.09,84.07,61.6,132.0,1.0,72.61,70.53,41.1,298,0,0.0,0,0.0,0.0,49.22
65.31,54.25,38.04,62.85,52.65,62.12,47.46,23.73,137.0,11.0,56.51,34.43,51.91,134,0,0.0,0,0.0,0.0,42.85
67.26,23.42,100.0,60.47,36.06,58.7,100.0,79.01,162.0,2.0,79.07,50.13,61.65,256,0,1.0,0,0.0,1.0,61.03
49.31,81.62,22.12,61.03,70.31,46.65,47.7,70.8,123.0,10.0,37.14,76.81,35.19,321,1,0.0,0,1.0,0.0,47.11
57.63,29.1,57.0,81.84,61.86,52.03,67.15,83.94,111.0,4.0,73.23,63.5,65.0,237,0,0.0,1,1.0,1.0,53.31
55.58,47.73,23.64,53.38,32.27,31.17,57.46,60.78,115.0,9.0,76.45,67.83,34.34,210,0,0.0,0,0.0,0.0,28.51
70.78,63.21,55.86,92.51,68.53,62.29,47.56,54.54,119.0,5.0,67.48,87.25,68.69,159,0,0.0,0,0.0,0.0,54.72
59.65,70.96,32.98,51.0,81.42,55.19,80.94,73.92,121.0,4.0,67.51,65.14,89.58,280,0,0.0,0,1.0,1.0,74.8
85.03,78.33,58.39,64.25,62.01,72.08,,65.14,140.0,2.0,94.55,70.78,67.49,322,0,1.0,1,0.0,1.0,74.98
79.99,56.3,77.53,84.17,65.21,72.91,55.51,68.02,165.0,4.0,63.78,57.19,74.27,337,0,1.0,0,,1.0,68.98
53.73,38.7,56.42,81.72,89.25,55.48,,62.16,151.0,4.0,77.87,58.11,49.54,299,0,1.0,0,1.0,0.0,57.47
70.67,29.6,76.29,59.4,35.59,49.84,65.43,66.93,151.0,12.0,74.36,56.32,62.75,186,0,0.0,0,0.0,0.0,39.87
40.19,41.06,37.92,60.94,45.61,20.65,69.61,61.73,144.0,8.0,64.12,73.6,50.5,189,0,0.0,0,0.0,0.0,31.8
100.0,49.58,92.12,90.4,91.26,87.53,76.81,62.34,118.0,7.0,76.57,80.67,100.0,253,1,1.0,0,1.0,1.0,83.52
60.57,21.34,35.76,30.71,41.03,33.1,67.12,85.97,180.0,5.0,57.55,72.06,45.84,214,0,0.0,0,0.0,1.0,34.08
82.13,55.71,82.85,90.56,88.21,73.26,61.5,67.92,133.0,4.0,64.88,54.36,69.12,287,1,0.0,0,1.0,1.0,78.51
79.38,26.02,55.66,87.23,51.37,66.77,81.79,74.36,155.0,14.0,67.94,68.25,67.29,245,0,0.0,0,0.0,0.0,41.12
100.0,71.77,48.7,79.03,74.31,64.01,44.23,29.11,96.0,9.0,44.31,49.38,47.63,398,1,1.0,1,1.0,1.0,68.5
54.99,19.58,66.79,21.83,53.16,42.73,64.69,47.67,137.0,,50.92,66.16,49.74,265,0,1.0,0,1.0,0.0,42.1
71.73,46.66,40.61,63.09,57.71,55.23,71.74,71.38,137.0,6.0,63.0,61.25,58.66,165,0,0.0,0,0.0,0.0,43.28
85.16,52.66,40.36,62.58,52.68,62.84,57.79,88.24,133.0,8.0,70.18,67.14,54.07,208,0,0.0,0,0.0,1.0,60.67
65.92,41.87,29.28,51.28,67.36,47.93,66.25,83.83,114.0,8.0,68.45,74.6,59.78,288,0,1.0,0,1.0,0.0,54.52
72.51,57.09,38.3,77.3,52.16,61.8,66.27,72.25,143.0,3.0,69.44,82.98,53.62,261,0,0.0,0,0.0,0.0,49.37
28.75,33.41,13.41,51.07,67.25,30.53,73.24,71.33,162.0,7.0,59.64,82.4,46.97,246,1,1.0,0,1.0,0.0,38.17
63.44,,58.13,78.21,82.16,65.15,70.35,33.36,178.0,8.0,44.41,46.23,79.37,180,0,,0,0.0,1.0,61.02
62.05,61.01,54.23,63.63,55.21,58.03,71.47,33.61,170.0,5.0,59.25,60.73,59.61,280,0,1.0,1,0.0,0.0,57.16
58.0,52.23,51.91,60.12,50.47,50.34,68.34,73.19,162.0,6.0,64.45,77.05,66.75,152,0,0.0,1,0.0,0.0,49.01
61.41,39.27,32.36,57.63,77.44,50.8,43.76,47.5,167.0,8.0,46.58,49.52,45.86,687,1,1.0,0,1.0,1.0,54.91
55.76,63.82,46.84,49.71,58.28,47.24,86.37,59.53,175.0,8.0,73.52,100.0,71.98,258,0,0.0,0,0.0,0.0,47.14
59.17,29.7,53.13,47.1,44.33,,56.0,35.97,121.0,13.0,47.48,67.56,45.71,205,0,0.0,0,0.0,0.0,30.91
35.22,42.67,43.01,45.55,62.58,33.93,61.33,70.06,143.0,8.0,52.14,64.06,21.09,257,0,0.0,0,1.0,0.0,34.63
75.72,46.04,72.01,87.4,44.94,56.67,76.68,75.67,118.0,12.0,65.97,69.04,62.96,146,0,0.0,0,0.0,0.0,58.21
77.88,55.46,38.63,76.57,58.58,63.61,45.96,40.53,146.0,8.0,64.51,62.47,45.77,224,1,0.0,0,0.0,0.0,47.8
72.06,59.76,63.37,91.99,75.39,,60.87,69.37,134.0,8.0,57.18,58.17,57.64,154,0,0.0,0,0.0,0.0,62.2
48.34,68.01,59.09,37.09,50.31,53.57,61.22,53.81,136.0,10.0,64.29,75.07,63.69,231,0,0.0,0,0.0,0.0,34.2
81.0,45.45,32.48,59.1,40.22,40.03,63.55,75.41,134.0,10.0,62.71,62.41,70.26,83,1,0.0,0,0.0,0.0,40.3
61.53,48.32,45.75,81.52,55.42,54.06,62.04,56.67,94.0,5.0,53.08,47.18,40.93,281,0,0.0,0,1.0,0.0,44.75
50.91,50.24,41.11,40.19,55.25,45.19,47.01,49.13,102.0,11.0,41.23,53.07,42.07,191,0,1.0,0,0.0,0.0,41.12
71.02,35.72,38.06,45.43,45.54,48.79,,66.25,156.0,1.0,73.44,81.51,62.7,160,0,0.0,0,0.0,1.0,54.37
74.78,74.41,63.86,67.53,49.75,71.74,78.42,67.04,129.0,3.0,69.0,66.88,70.64,318,1,0.0,0,0.0,0.0,51.41
48.68,31.86,52.31,83.84,64.0,45.26,79.7,77.76,159.0,12.0,55.52,84.24,58.36,187,0,0.0,0,0.0,0.0,45.79
55.15,58.72,59.78,53.64,68.9,53.81,60.06,69.55,135.0,3.0,70.66,86.53,63.43,206,0,1.0,1,0.0,1.0,60.53
82.54,62.9,89.27,87.74,63.97,77.17,90.16,88.11,114.0,2.0,100.0,94.22,77.8,261,1,0.0,1,0.0,,72.31
76.24,48.6,38.15,72.13,71.82,52.76,100.0,88.23,119.0,4.0,75.34,79.73,69.13,225,0,0.0,1,0.0,1.0,56.08
80.82,57.76,48.28,38.45,61.75,58.01,73.81,48.31,128.0,6.0,49.44,51.75,63.49,208,0,0.0,0,0.0,0.0,55.33
76.5,54.56,48.03,71.11,97.45,51.89,78.93,75.37,124.0,4.0,65.05,68.93,55.0,342,0,1.0,1,1.0,0.0,69.96
68.55,36.87,62.84,48.64,60.6,50.98,61.54,53.23,137.0,6.0,,41.05,47.75,90,0,0.0,0,1.0,0.0,40.61
27.9,27.2,0.0,44.19,14.61,27.49,45.16,72.48,141.0,8.0,41.13,44.2,36.46,117,0,0.0,0,0.0,0.0,5.76
58.69,41.99,56.87,90.38,45.67,53.26,52.73,29.56,143.0,15.0,51.83,59.92,45.57,137,0,0.0,0,0.0,0.0,37.97
64.1,71.38,39.14,68.32,63.62,62.66,60.7,73.22,143.0,13.0,41.03,78.54,45.66,334,1,0.0,0,0.0,0.0,41.77
69.43,78.36,32.93,65.47,76.03,66.58,71.13,63.26,156.0,9.0,69.15,53.95,54.94,332,0,1.0,0,0.0,0.0,73.51
48.44,54.64,61.74,95.75,51.47,62.05,51.04,84.82,155.0,7.0,67.41,67.84,56.96,206,0,0.0,0,0.0,0.0,50.31
100.0,75.14,54.81,68.44,63.58,68.56,66.56,53.67,123.0,7.0,69.28,32.97,78.91,250,1,0.0,0,0.0,0.0,71.29
60.32,36.17,3.59,35.86,66.29,44.21,18.57,53.02,99.0,6.0,53.88,62.91,41.44,207,0,0.0,0,1.0,0.0,34.76
58.77,66.13,42.16,78.12,68.75,70.32,95.01,85.23,131.0,4.0,72.16,85.82,66.03,305,0,1.0,0,0.0,0.0,64.1
70.7,37.77,61.43,52.75,51.75,52.08,75.44,73.89,142.0,6.0,78.01,94.12,79.01,194,1,1.0,1,0.0,0.0,56.6
74.13,57.78,52.89,86.34,76.12,54.89,86.43,59.75,133.0,3.0,57.98,45.96,59.1,329,1,1.0,0,0.0,1.0,73.86
81.1,65.97,69.39,100.0,62.83,65.28,71.81,66.51,151.0,,81.51,62.4,83.96,382,1,1.0,1,0.0,0.0,72.15
66.74,57.63,42.03,27.34,46.23,51.98,76.3,95.41,117.0,5.0,89.75,90.4,65.38,221,0,0.0,0,0.0,1.0,63.38
45.22,28.71,31.53,45.16,41.42,25.22,69.91,33.06,168.0,6.0,64.44,79.8,51.5,274,1,1.0,0,0.0,0.0,36.01
89.12,25.77,73.11,45.8,66.23,53.67,41.73,21.03,150.0,13.0,37.23,38.91,41.54,256,0,0.0,0,1.0,0.0,48.84
83.04,65.97,37.66,75.08,78.46,61.54,85.89,87.24,135.0,1.0,100.0,96.71,71.88,191,0,0.0,0,0.0,1.0,73.17
68.06,64.92,51.92,46.57,52.36,56.42,30.79,45.18,120.0,13.0,27.36,38.48,54.59,129,1,0.0,0,0.0,0.0,38.8
100.0,46.33,90.52,70.44,75.76,83.76,75.76,70.56,138.0,9.0,65.26,71.03,71.33,298,0,1.0,1,1.0,1.0,82.84
74.24,48.5,55.33,81.04,44.66,59.76,55.35,45.68,158.0,7.0,39.09,73.8,61.67,207,0,1.0,0,0.0,0.0,53.54
69.23,60.33,39.97,71.08,86.18,53.27,50.02,49.0,130.0,11.0,55.36,62.76,51.79,153,0,0.0,0,0.0,1.0,50.68
59.54,40.68,30.72,41.87,33.71,63.33,51.35,75.48,127.0,9.0,65.03,56.93,56.35,190,0,0.0,0,0.0,0.0,38.47
71.12,57.56,32.88,59.69,78.79,56.17,71.17,49.59,140.0,9.0,36.2,43.07,61.6,307,1,0.0,0,1.0,1.0,55.77
67.49,62.55,53.89,68.24,66.26,49.32,72.82,69.43,118.0,3.0,55.02,40.01,55.87,236,0,0.0,0,0.0,1.0,54.68
66.01,58.58,53.71,40.54,59.25,48.46,83.76,74.83,161.0,2.0,59.77,83.75,53.29,231,0,0.0,0,0.0,0.0,57.21
85.83,29.17,60.52,70.5,59.24,50.34,58.25,80.06,149.0,8.0,61.37,34.39,46.46,297,0,1.0,0,0.0,0.0,55.29
58.64,58.58,29.16,70.94,47.76,40.37,53.54,46.17,154.0,10.0,41.33,54.23,50.53,229,0,0.0,0,0.0,0.0,41.87
100.0,,88.6,88.86,78.29,79.71,59.5,63.07,163.0,4.0,71.26,60.53,45.49,370,1,1.0,1,1.0,0.0,76.65
45.46,31.87,57.61,56.59,44.43,26.63,65.54,76.2,125.0,11.0,47.75,69.69,48.4,265,0,0.0,0,0.0,0.0,30.5
81.49,80.58,61.57,90.32,89.46,80.27,66.56,71.89,140.0,6.0,60.87,56.17,53.6,324,1,0.0,1,1.0,1.0,77.6
41.82,21.27,39.55,30.05,34.15,36.65,40.24,55.57,134.0,8.0,50.09,64.24,42.57,148,0,0.0,0,0.0,0.0,25.15
78.99,66.42,64.32,63.46,59.62,61.22,68.38,58.87,168.0,12.0,73.05,74.97,77.14,268,0,0.0,0,0.0,0.0,51.04
48.0,48.05,44.13,45.61,42.83,48.83,65.39,70.96,132.0,10.0,63.93,81.68,47.43,168,0,0.0,0,0.0,0.0,38.94
56.1,51.21,50.23,53.61,62.4,44.64,48.26,54.98,104.0,25.0,47.1,45.91,51.07,140,0,0.0,0,0.0,1.0,37.05
78.4,88.96,52.0,84.06,84.53,67.33,51.44,72.47,129.0,7.0,59.01,46.95,69.09,259,1,1.0,1,1.0,1.0,73.2
43.79,47.46,51.24,28.4,50.37,46.65,49.62,96.53,153.0,7.0,,48.86,42.09,137,0,0.0,0,0.0,0.0,44.35
37.66,52.21,33.53,35.64,60.88,40.36,63.74,43.94,148.0,5.0,42.82,38.8,41.83,270,1,0.0,0,0.0,1.0,55.95
73.76,56.07,29.2,38.57,66.87,48.51,80.32,73.98,139.0,6.0,67.34,65.76,65.35,288,0,1.0,0,1.0,0.0,65.31
57.42,52.79,50.92,53.42,57.91,50.64,73.08,71.49,133.0,1.0,86.51,80.5,76.43,271,0,0.0,0,0.0,0.0,51.71
70.11,68.51,63.89,83.57,74.94,74.04,75.67,60.29,147.0,10.0,55.54,66.32,90.28,339,1,1.0,0,0.0,1.0,75.5
55.43,23.97,52.31,66.77,77.52,56.05,51.11,37.93,147.0,5.0,38.49,40.82,41.95,228,0,1.0,0,0.0,1.0,49.73
85.5,51.16,66.75,84.17,59.43,66.66,75.51,85.58,144.0,3.0,71.65,69.06,74.3,263,0,0.0,0,0.0,0.0,58.42
48.87,30.28,61.04,58.56,62.75,44.78,51.52,62.83,131.0,6.0,65.69,75.33,45.84,107,0,0.0,0,0.0,0.0,32.53
65.16,25.07,68.19,67.59,72.07,56.66,63.33,63.78,138.0,10.0,66.3,65.62,47.77,187,0,1.0,0,0.0,0.0,43.58
63.43,52.56,48.93,78.36,61.94,49.89,75.47,68.79,131.0,1.0,64.78,68.6,57.73,173,0,1.0,0,1.0,0.0,59.93
73.28,19.77,57.89,34.12,72.51,56.72,65.1,75.04,158.0,1.0,80.05,73.83,60.09,214,0,1.0,0,1.0,0.0,49.97
86.51,96.9,25.64,83.14,95.88,78.57,59.44,67.35,136.0,8.0,49.61,76.7,63.66,230,1,1.0,0,0.0,0.0,66.95
26.69,28.77,0.0,34.79,34.73,33.77,55.71,54.12,121.0,6.0,59.73,63.8,50.79,150,0,0.0,0,0.0,0.0,24.14
85.08,36.82,72.85,80.12,57.96,56.4,58.54,68.43,179.0,,81.59,80.29,62.81,250,0,1.0,0,1.0,1.0,57.1
73.4,49.24,39.7,73.15,70.96,,82.48,62.57,128.0,8.0,79.61,71.04,77.65,167,0,0.0,0,0.0,0.0,58.74
64.85,31.21,41.65,79.36,53.56,50.91,84.3,54.93,126.0,0.0,77.44,66.37,84.59,137,0,0.0,0,0.0,0.0,44.55
50.75,28.65,32.1,72.81,76.87,42.97,69.4,66.16,118.0,11.0,59.98,57.87,54.69,320,0,1.0,0,1.0,1.0,52.67
84.15,78.33,60.65,54.01,86.63,76.98,64.7,41.05,127.0,8.0,55.97,59.52,60.23,233,0,0.0,1,1.0,1.0,73.01
51.72,36.37,44.77,66.27,48.69,52.13,71.72,87.05,153.0,5.0,64.51,94.5,57.67,234,0,0.0,0,0.0,0.0,44.0
83.73,68.59,76.91,74.66,50.33,77.85,90.09,66.82,114.0,2.0,81.5,59.79,76.41,171,0,0.0,0,0.0,0.0,66.01
,47.03,61.14,60.55,64.82,54.8,52.91,35.11,140.0,10.0,56.87,45.92,47.22,137,0,0.0,0,0.0,1.0,48.03
,60.42,45.4,100.0,55.83,70.73,62.89,54.89,128.0,8.0,67.48,45.78,49.51,291,0,0.0,0,0.0,0.0,59.76
65.42,67.75,78.55,89.83,82.76,66.31,57.13,27.16,123.0,9.0,64.81,70.29,46.96,317,0,1.0,1,0.0,0.0,57.81
79.55,37.82,73.65,65.81,31.31,56.07,83.46,62.82,110.0,5.0,69.52,85.6,72.75,257,1,0.0,0,0.0,0.0,53.19
76.75,53.38,60.16,83.99,80.01,64.0,73.96,65.41,139.0,9.0,67.53,63.1,72.99,233,0,0.0,0,1.0,1.0,64.25
57.13,32.95,34.02,50.36,46.53,40.4,63.22,54.24,108.0,9.0,68.69,66.27,56.57,305,0,0.0,0,0.0,0.0,35.38
57.95,46.74,52.2,56.53,43.95,59.22,57.26,82.61,133.0,2.0,74.27,77.53,57.26,273,0,0.0,0,0.0,0.0,48.4
60.36,36.54,29.72,41.61,45.71,33.0,51.83,62.26,143.0,4.0,53.15,53.94,38.7,189,0,0.0,1,0.0,0.0,40.5
86.75,75.22,74.13,85.66,82.53,75.46,23.52,32.59,93.0,6.0,48.65,47.17,36.21,218,0,1.0,0,1.0,1.0,56.29
51.98,31.11,60.67,54.35,55.46,46.66,59.93,60.72,151.0,21.0,29.42,44.35,40.28,291,0,0.0,0,0.0,0.0,27.63
41.58,52.82,33.74,54.57,70.24,49.7,44.14,42.55,101.0,8.0,59.19,50.66,41.53,96,1,1.0,0,0.0,0.0,37.59
58.56,37.7,67.62,70.04,55.26,45.66,51.51,47.76,170.0,4.0,40.53,23.02,31.8,197,0,0.0,0,0.0,1.0,38.48
26.65,24.74,16.84,46.49,51.5,26.4,54.6,75.35,134.0,7.0,49.12,61.54,43.5,155,0,0.0,0,0.0,0.0,13.37
78.7,32.98,45.47,87.98,50.95,49.09,80.94,60.11,126.0,8.0,73.17,66.2,55.8,206,0,1.0,0,0.0,0.0,54.63
53.64,40.45,22.11,45.3,48.97,26.02,54.75,68.36,141.0,9.0,50.6,66.82,41.94,148,0,0.0,0,0.0,1.0,34.68
88.25,33.41,62.81,86.85,45.58,64.74,59.04,82.95,122.0,,62.05,81.83,45.11,214,0,0.0,0,0.0,0.0,42.97
81.74,30.49,70.75,77.4,58.62,49.47,62.15,59.24,95.0,4.0,45.78,55.62,57.72,310,0,0.0,0,1.0,0.0,45.13
88.32,67.65,64.2,100.0,69.59,61.56,63.46,80.5,159.0,0.0,65.58,71.49,65.11,218,1,0.0,1,1.0,1.0,73.4
62.13,40.2,100.0,96.65,75.77,71.34,68.45,66.78,133.0,8.0,72.69,36.29,62.42,364,0,1.0,0,1.0,0.0,61.21
29.89,33.2,38.26,32.15,52.54,32.36,85.46,77.22,143.0,5.0,75.2,74.83,72.42,165,0,0.0,0,0.0,0.0,34.87
69.11,35.13,66.58,74.44,71.09,55.24,60.41,47.23,135.0,5.0,65.84,50.97,56.68,125,0,0.0,0,0.0,1.0,49.16
76.96,53.26,33.65,55.81,65.45,52.77,63.3,66.36,124.0,14.0,65.96,50.4,58.86,163,0,0.0,0,0.0,0.0,52.95
50.29,52.92,39.8,59.01,79.77,57.66,38.11,36.77,115.0,,48.16,40.04,32.12,223,0,1.0,1,1.0,0.0,51.98
67.97,74.39,46.48,62.19,44.14,53.55,67.81,49.98,153.0,11.0,64.4,52.31,51.1,176,0,0.0,1,0.0,,45.86
29.14,38.15,36.61,30.56,35.58,35.76,72.66,70.67,149.0,4.0,63.37,80.95,47.01,150,0,1.0,0,0.0,0.0,42.18
62.78,19.44,40.95,43.71,40.19,32.26,43.88,42.28,135.0,11.0,41.31,43.11,46.38,245,0,0.0,0,0.0,0.0,24.37
60.6,42.02,17.27,50.75,20.26,38.58,65.61,68.02,157.0,3.0,74.07,69.22,64.11,243,0,0.0,0,0.0,0.0,48.04
61.85,60.72,39.52,85.79,61.38,60.66,79.85,70.88,140.0,7.0,73.53,66.28,61.61,229,0,1.0,1,0.0,0.0,55.83
46.03,58.87,55.1,51.07,74.22,61.51,64.04,41.75,159.0,6.0,36.36,69.66,56.84,183,0,1.0,0,1.0,0.0,52.87
80.68,32.32,72.17,60.15,56.45,47.72,51.29,32.38,164.0,9.0,56.32,70.62,58.38,175,0,0.0,0,0.0,0.0,35.98
70.91,67.83,27.84,52.76,54.4,51.43,88.71,81.96,162.0,3.0,83.63,81.41,65.26,236,1,,0,0.0,1.0,60.78
73.76,26.28,79.54,59.97,72.05,67.31,92.05,84.86,150.0,6.0,59.01,80.13,56.21,128,0,0.0,0,0.0,1.0,72.0
78.32,42.81,27.98,57.49,55.57,55.26,87.55,52.38,124.0,2.0,70.71,51.34,74.26,157,0,0.0,0,1.0,0.0,54.21
48.64,49.72,41.42,65.27,68.69,47.88,69.65,65.56,148.0,9.0,67.45,75.47,62.22,177,0,0.0,1,0.0,0.0,49.99
71.98,56.31,34.0,79.09,61.76,55.26,58.9,50.46,130.0,11.0,38.36,80.52,54.43,112,0,0.0,0,0.0,0.0,39.95
65.31,81.52,45.0,45.69,76.86,63.28,62.43,52.67,,9.0,58.05,58.29,69.23,310,1,1.0,1,0.0,0.0,62.73
86.14,84.09,63.58,74.8,69.55,70.17,59.64,60.24,167.0,6.0,55.58,67.65,,288,1,1.0,1,0.0,0.0,70.86
58.54,78.48,71.06,93.71,89.09,73.3,75.27,54.27,139.0,7.0,50.1,69.78,72.17,323,0,1.0,1,0.0,1.0,77.01
89.07,52.58,72.46,69.36,63.93,68.99,83.13,88.79,121.0,2.0,76.8,81.94,60.47,141,0,0.0,1,0.0,0.0,63.42
65.16,80.54,41.35,75.1,53.52,52.42,73.03,45.16,153.0,3.0,54.82,53.82,43.13,187,1,0.0,1,0.0,0.0,61.13
67.87,66.54,30.23,59.61,78.58,54.06,39.09,51.01,135.0,8.0,56.52,77.6,51.86,342,1,1.0,0,1.0,1.0,59.93
71.34,39.97,31.88,68.12,53.61,45.82,56.78,52.46,166.0,6.0,60.03,55.04,52.24,259,0,0.0,0,0.0,0.0,41.12
92.84,76.84,65.8,72.31,71.94,71.5,78.11,67.83,142.0,9.0,73.27,74.63,72.22,181,1,1.0,1,0.0,0.0,71.59
64.44,64.73,61.02,77.16,94.96,67.48,67.65,62.86,138.0,8.0,44.74,51.37,77.15,389,1,1.0,0,1.0,1.0,75.5
76.71,62.28,52.24,88.56,80.78,66.43,71.84,72.53,142.0,9.0,72.7,66.16,75.95,213,1,0.0,0,1.0,1.0,72.24
69.63,59.22,80.86,74.11,70.88,61.44,56.42,45.77,143.0,10.0,51.4,30.27,53.84,384,1,1.0,0,1.0,1.0,75.28
73.18,87.51,28.11,82.26,61.62,70.13,68.2,80.2,104.0,4.0,42.59,79.05,53.63,196,0,0.0,1,0.0,1.0,64.34
74.39,41.77,73.06,70.87,30.69,54.59,46.96,45.25,122.0,12.0,63.63,46.08,58.95,303,0,1.0,0,0.0,0.0,47.75
77.14,67.12,44.49,68.4,89.3,73.6,71.28,68.7,160.0,5.0,64.96,51.85,72.4,129,1,0.0,0,1.0,0.0,63.79
73.71,74.16,69.26,62.11,75.31,76.48,63.64,58.48,127.0,6.0,60.78,49.24,63.43,492,0,0.0,1,1.0,0.0,62.62
49.25,55.36,54.14,52.31,52.58,43.16,93.47,100.0,142.0,11.0,57.43,100.0,34.44,222,1,0.0,0,0.0,0.0,44.79
76.13,50.53,87.57,58.92,45.65,58.51,72.84,67.52,136.0,0.0,79.24,61.33,55.81,333,0,1.0,0,0.0,0.0,62.78
54.4,28.77,32.7,55.81,44.74,36.71,86.74,72.19,130.0,0.0,79.57,89.41,70.09,206,0,0.0,0,0.0,0.0,50.25
66.49,61.33,81.71,80.44,63.33,66.8,76.48,72.08,138.0,9.0,73.12,56.02,55.56,257,1,0.0,0,0.0,0.0,65.93
43.36,33.02,65.97,64.45,50.43,49.98,85.46,69.47,,10.0,56.98,77.2,67.53,258,0,0.0,0,0.0,0.0,47.91
97.63,51.52,79.91,100.0,96.9,78.11,79.33,67.85,114.0,3.0,70.83,45.08,77.67,424,1,1.0,0,1.0,1.0,79.94
85.43,41.16,77.24,92.41,86.2,65.42,63.55,74.86,143.0,8.0,73.41,70.73,53.97,219,0,0.0,0,0.0,0.0,61.62
40.95,60.41,39.29,47.14,58.99,56.12,84.74,70.69,171.0,1.0,64.93,66.84,74.43,295,0,0.0,0,0.0,0.0,45.66
79.37,61.85,43.08,63.09,61.9,56.42,76.18,62.11,154.0,7.0,60.9,81.97,61.2,267,1,0.0,1,1.0,0.0,63.94
56.98,13.06,64.56,72.74,57.0,50.25,79.59,70.39,155.0,3.0,63.02,49.13,59.68,241,0,0.0,0,0.0,0.0,39.93
45.11,56.71,33.97,63.96,46.78,44.51,76.3,48.42,160.0,4.0,43.88,51.81,42.61,235,1,0.0,0,0.0,0.0,46.15
63.08,77.91,77.2,81.43,89.16,70.93,46.16,51.22,140.0,10.0,52.13,73.69,69.13,269,1,0.0,0,1.0,0.0,71.02
85.7,60.01,69.28,60.45,68.45,70.37,92.26,70.83,143.0,0.0,86.73,92.77,65.69,256,1,0.0,1,1.0,0.0,74.28
59.1,53.68,57.29,58.42,50.89,61.78,80.65,85.82,126.0,8.0,72.69,78.41,55.79,208,0,0.0,0,1.0,0.0,52.96
50.18,21.98,53.29,69.89,66.05,46.97,51.55,38.78,151.0,7.0,50.42,51.39,49.85,223,0,1.0,0,0.0,0.0,36.22
77.89,50.75,69.12,41.63,37.14,52.59,55.55,44.95,143.0,9.0,45.77,55.18,41.11,277,0,0.0,0,0.0,0.0,49.97
78.61,54.26,57.94,35.2,57.71,65.98,47.26,77.67,124.0,6.0,54.57,74.59,75.79,317,1,0.0,0,0.0,,58.49
57.13,46.56,47.59,73.34,65.88,54.92,80.86,94.1,136.0,8.0,65.12,69.35,53.89,80,0,0.0,0,0.0,1.0,43.93
73.24,42.51,25.22,54.52,77.37,52.05,44.29,64.28,116.0,1.0,44.62,51.76,54.81,221,0,1.0,0,0.0,0.0,52.27
99.12,43.46,85.07,82.5,69.01,77.02,92.7,72.94,152.0,6.0,86.2,60.58,96.6,141,1,0.0,0,0.0,1.0,78.25
63.08,50.74,42.51,72.8,39.38,51.14,76.24,77.38,168.0,4.0,74.51,61.53,69.89,253,0,1.0,0,0.0,0.0,68.0
86.19,61.57,90.27,56.81,66.86,85.22,64.33,51.46,119.0,4.0,53.28,61.07,60.08,197,0,1.0,1,1.0,0.0,67.56
59.01,32.32,46.39,33.0,53.35,43.57,62.19,51.88,157.0,3.0,77.54,90.72,59.4,124,0,0.0,0,0.0,0.0,41.45
86.33,93.98,78.04,81.16,97.0,89.52,43.01,38.14,158.0,9.0,34.81,48.82,72.29,284,1,1.0,1,1.0,1.0,78.49
57.06,40.18,43.91,47.25,67.5,50.49,81.0,77.6,120.0,12.0,77.29,91.15,49.57,105,0,0.0,0,0.0,0.0,47.04
51.39,35.1,49.99,48.88,52.89,46.79,67.58,66.63,102.0,1.0,67.23,55.33,67.83,235,0,0.0,0,0.0,0.0,38.25
45.19,55.94,27.55,64.38,57.93,42.93,50.68,42.21,138.0,8.0,25.64,26.24,46.57,233,0,0.0,0,1.0,0.0,36.63
51.43,51.97,54.93,64.25,36.26,45.63,55.7,100.0,135.0,5.0,72.56,89.96,72.57,177,1,0.0,0,0.0,0.0,52.94
43.23,65.86,43.87,56.74,42.98,50.22,65.35,74.71,135.0,7.0,65.66,68.74,61.41,224,0,0.0,0,0.0,0.0,43.38
62.85,55.2,41.5,74.37,53.27,47.15,68.92,46.09,160.0,1.0,81.77,44.67,61.85,228,1,0.0,0,1.0,0.0,65.01
58.05,83.54,33.35,64.16,73.75,55.29,46.26,48.38,130.0,4.0,72.7,53.54,61.19,233,0,0.0,1,1.0,1.0,72.97
70.57,53.82,55.95,70.27,66.42,58.8,45.76,50.19,180.0,,49.57,45.19,38.5,437,0,1.0,1,1.0,0.0,47.48
62.92,26.16,50.04,64.16,56.61,54.28,70.59,85.77,112.0,3.0,73.13,83.91,53.68,190,0,0.0,0,0.0,0.0,48.35
27.29,19.8,46.27,19.72,26.2,27.35,62.7,42.2,123.0,5.0,44.68,69.25,44.09,191,0,0.0,0,0.0,0.0,25.28
66.62,52.37,62.98,86.25,53.87,58.39,51.47,52.63,121.0,10.0,58.79,68.44,49.18,256,0,0.0,0,0.0,0.0,45.5
52.91,37.13,17.36,47.35,60.59,33.27,76.47,53.12,137.0,7.0,45.0,76.29,44.0,419,0,1.0,0,0.0,0.0,42.89
97.42,74.63,58.78,64.91,91.38,84.98,66.05,32.59,165.0,9.0,33.63,48.16,84.53,272,1,1.0,1,1.0,1.0,85.97
51.82,67.8,32.72,52.88,53.98,55.8,67.07,54.9,119.0,15.0,37.5,66.3,72.1,199,1,0.0,0,0.0,0.0,42.34
92.83,40.8,46.86,99.13,69.16,69.61,81.96,66.0,125.0,3.0,83.49,75.98,47.96,319,1,1.0,0,0.0,1.0,66.0
65.4,31.93,60.08,59.9,75.06,44.77,69.11,64.23,128.0,1.0,72.34,65.9,57.99,203,0,0.0,0,1.0,0.0,51.39
53.41,19.0,41.04,60.79,64.94,44.02,53.86,57.82,136.0,4.0,57.89,51.66,37.62,241,0,0.0,0,1.0,1.0,42.02
58.79,65.52,52.08,68.92,63.89,51.53,83.71,62.16,145.0,2.0,69.08,54.21,75.69,353,1,0.0,0,0.0,0.0,57.68
86.79,65.86,45.83,76.68,72.73,69.94,61.6,46.31,132.0,7.0,59.75,67.63,64.46,264,1,1.0,0,0.0,0.0,74.37
69.78,67.45,49.35,52.26,49.84,58.29,75.7,65.26,117.0,6.0,58.51,45.35,76.73,206,1,0.0,0,0.0,0.0,58.08
60.95,35.32,63.03,57.42,51.51,52.88,62.72,42.94,137.0,10.0,55.58,47.15,46.67,320,0,0.0,0,0.0,0.0,37.54
80.96,86.54,61.22,65.33,100.0,70.99,60.15,73.42,164.0,1.0,74.06,51.92,55.54,246,0,1.0,1,1.0,1.0,84.27
61.23,45.85,48.44,50.01,44.03,41.42,55.22,50.47,154.0,13.0,57.33,39.97,46.69,224,0,0.0,0,0.0,0.0,34.8
70.6,50.0,72.03,48.24,58.96,54.21,70.91,60.16,132.0,5.0,53.91,49.8,52.1,88,0,0.0,0,0.0,0.0,42.53
64.84,14.92,41.66,59.05,62.5,45.34,81.15,83.3,143.0,1.0,74.01,75.84,61.07,284,0,1.0,0,0.0,0.0,49.14
72.91,64.44,65.41,58.05,68.31,61.62,,67.97,149.0,1.0,82.5,82.91,79.11,253,1,0.0,1,0.0,0.0,60.62
75.4,73.12,63.57,65.41,60.22,66.25,48.01,40.29,153.0,7.0,50.71,46.13,59.36,203,1,1.0,0,1.0,1.0,68.08
51.71,33.39,43.74,78.91,44.79,37.54,56.06,55.74,165.0,4.0,41.71,49.73,41.58,196,0,0.0,0,0.0,0.0,30.01
41.85,45.0,45.86,63.95,55.75,44.85,54.46,44.82,142.0,13.0,49.07,44.32,48.82,279,0,0.0,1,1.0,0.0,41.22
49.42,45.78,45.64,35.17,41.84,50.84,90.95,73.03,122.0,2.0,83.2,72.62,53.24,187,0,0.0,1,1.0,0.0,51.87
55.44,46.87,77.03,56.93,41.79,54.3,81.96,56.44,114.0,5.0,41.23,29.64,39.58,168,0,0.0,0,0.0,0.0,44.61
66.05,53.21,56.89,78.21,53.56,58.52,69.66,58.21,151.0,2.0,64.87,71.48,73.61,282,0,0.0,0,0.0,0.0,49.2
74.62,54.04,74.88,78.97,70.26,67.32,85.87,55.72,116.0,10.0,50.32,60.03,59.51,233,0,0.0,0,1.0,1.0,69.87
58.36,66.6,68.71,64.96,46.85,54.52,61.5,55.58,153.0,4.0,55.43,63.76,69.82,247,0,0.0,0,0.0,1.0,56.59
57.27,63.95,19.93,52.27,46.51,55.64,64.9,48.01,128.0,10.0,53.62,63.0,53.57,282,0,0.0,0,0.0,0.0,41.83
46.73,79.63,41.06,63.79,66.46,57.35,90.95,100.0,121.0,1.0,83.19,85.01,72.88,202,0,1.0,1,1.0,0.0,61.27
86.2,50.74,66.34,38.72,57.67,61.24,85.92,79.19,151.0,6.0,78.58,89.98,78.79,228,0,1.0,0,1.0,1.0,78.64
63.3,50.79,54.57,67.09,48.48,56.81,86.41,63.74,124.0,8.0,64.91,72.04,75.7,229,0,0.0,0,0.0,0.0,50.95
74.29,39.03,66.45,86.65,54.47,63.26,77.55,66.21,149.0,59.0,63.62,61.67,60.44,211,1,0.0,0,1.0,1.0,61.36
80.73,56.05,85.07,69.27,89.92,63.91,87.97,79.96,146.0,4.0,66.69,80.74,70.49,276,0,1.0,0,1.0,1.0,86.47
65.79,45.93,51.18,40.22,65.53,52.41,74.46,71.15,106.0,11.0,65.7,100.0,60.7,255,0,0.0,0,1.0,0.0,45.07
88.9,23.04,80.41,96.27,62.0,75.76,100.0,72.63,169.0,2.0,93.46,72.24,87.26,330,0,1.0,0,1.0,1.0,73.99
22.0,1.52,37.53,44.34,45.49,34.35,74.13,83.72,164.0,8.0,62.48,77.26,55.2,161,0,0.0,0,0.0,0.0,23.56
79.06,53.35,35.61,74.17,61.69,55.65,92.31,67.68,160.0,1.0,90.95,48.74,65.57,354,0,0.0,1,1.0,0.0,64.83
94.57,84.11,55.09,58.18,56.53,73.86,70.97,66.23,157.0,8.0,61.96,32.03,68.66,452,1,1.0,1,0.0,0.0,68.72
56.14,53.27,68.43,37.77,32.06,47.26,83.36,64.96,128.0,5.0,65.66,88.13,47.13,174,1,0.0,0,0.0,0.0,53.13
73.62,68.59,44.5,77.0,58.19,62.09,95.89,69.86,164.0,2.0,70.17,69.0,72.34,384,0,0.0,1,0.0,0.0,64.91
37.47,84.31,44.88,78.95,52.81,50.97,94.52,87.3,157.0,,83.12,72.55,71.42,204,1,0.0,1,1.0,0.0,63.04
64.84,39.39,46.75,57.77,72.54,49.04,45.04,67.95,99.0,12.0,43.39,51.32,35.92,137,1,0.0,0,0.0,0.0,38.0
78.34,44.11,54.15,69.63,54.7,52.56,81.8,68.31,,7.0,73.53,97.74,62.04,221,0,0.0,0,0.0,0.0,57.15
77.82,58.47,38.23,42.32,63.06,65.48,41.22,77.53,122.0,,56.59,54.68,48.26,271,0,0.0,1,1.0,0.0,54.4
55.0,53.55,39.03,38.37,56.38,44.17,65.59,64.71,166.0,4.0,66.55,89.66,50.14,166,0,0.0,0,0.0,0.0,50.32
51.96,26.87,28.73,49.54,59.02,45.96,57.14,57.33,121.0,5.0,53.37,49.78,58.0,184,0,0.0,0,0.0,0.0,46.01
88.63,39.64,74.19,74.41,49.07,58.61,79.92,78.6,131.0,6.0,67.43,84.27,69.96,293,1,0.0,0,0.0,0.0,61.9
84.25,71.99,45.58,40.88,76.62,60.55,43.24,66.17,113.0,6.0,56.21,39.93,61.7,134,1,0.0,1,0.0,0.0,56.62
41.93,87.43,18.41,64.13,43.63,50.01,59.03,69.25,130.0,6.0,50.05,63.41,72.69,211,1,0.0,0,0.0,0.0,43.0
90.9,4.88,72.67,65.92,63.29,46.95,77.68,78.53,159.0,4.0,81.14,54.68,73.9,170,0,0.0,0,1.0,0.0,47.47
52.12,44.33,34.04,80.45,70.19,52.65,80.45,73.59,116.0,4.0,59.74,60.82,46.34,168,0,0.0,1,0.0,0.0,44.45
40.71,33.78,43.54,65.12,61.73,41.67,85.22,78.02,150.0,9.0,68.35,96.15,54.22,295,0,0.0,0,0.0,1.0,41.53
77.61,65.98,68.73,89.29,70.6,64.9,88.78,57.5,127.0,2.0,63.07,52.83,83.11,234,0,0.0,0,0.0,1.0,76.0
60.33,74.58,56.61,93.03,74.56,59.69,64.83,66.16,173.0,8.0,56.31,78.37,54.74,406,1,0.0,0,1.0,1.0,69.59
,75.2,31.27,57.46,55.74,67.65,72.41,52.29,142.0,5.0,63.09,55.88,60.89,201,1,0.0,1,0.0,0.0,67.55
75.81,52.52,46.51,68.04,38.74,53.05,73.29,66.64,139.0,9.0,65.66,64.01,64.09,317,1,0.0,0,0.0,0.0,48.32
82.83,59.32,82.61,65.58,74.1,68.94,90.26,87.88,132.0,1.0,95.2,80.16,75.27,301,1,0.0,1,0.0,0.0,73.69
88.3,57.77,89.61,81.64,91.96,81.23,85.41,67.31,146.0,3.0,69.11,83.28,93.11,172,1,1.0,0,0.0,0.0,72.23
66.95,25.86,49.22,75.15,43.21,41.33,,56.19,111.0,7.0,45.35,61.66,44.03,170,0,0.0,0,0.0,0.0,38.65
48.03,66.61,42.83,84.52,63.44,60.76,67.5,78.07,,3.0,79.52,87.62,88.71,313,0,0.0,1,1.0,1.0,75.91
57.59,55.6,58.11,65.02,68.06,55.81,64.48,85.52,128.0,12.0,62.16,55.93,52.67,256,1,0.0,1,0.0,1.0,52.94
32.21,21.44,23.28,23.58,24.51,15.68,42.89,45.04,125.0,11.0,22.61,37.41,21.63,137,0,0.0,0,0.0,0.0,17.61
66.44,44.92,64.78,72.76,62.52,53.65,71.24,67.59,177.0,8.0,42.94,42.86,47.42,127,0,0.0,0,1.0,0.0,46.66
55.94,60.74,29.24,45.61,63.34,42.18,38.43,51.89,161.0,8.0,64.35,62.56,37.33,105,1,0.0,0,0.0,1.0,48.93
93.33,93.84,67.47,66.44,75.92,78.23,,56.84,164.0,9.0,46.94,23.78,67.44,305,1,0.0,1,0.0,0.0,60.93
64.14,50.1,51.29,72.54,61.88,49.9,66.05,49.4,154.0,7.0,53.93,54.37,41.45,157,0,0.0,0,1.0,1.0,57.42
50.72,35.0,70.2,70.28,42.07,42.56,70.64,60.56,147.0,5.0,55.98,71.49,43.93,304,0,0.0,1,0.0,0.0,48.19
58.79,35.07,24.13,76.66,59.88,45.99,90.19,71.99,169.0,11.0,64.47,57.98,68.43,268,0,0.0,0,0.0,1.0,42.17
37.65,13.49,0.0,21.73,21.2,18.42,63.8,63.85,145.0,9.0,43.93,71.92,18.5,80,0,0.0,0,0.0,0.0,7.37
76.17,21.58,69.5,74.86,48.24,59.85,74.01,72.52,151.0,7.0,58.58,59.85,47.42,243,0,0.0,0,0.0,0.0,45.03
84.31,61.97,51.34,74.5,64.51,70.33,63.46,48.71,164.0,10.0,50.71,52.44,60.66,173,0,0.0,0,0.0,0.0,54.48
54.62,43.92,39.84,64.07,61.91,48.11,76.54,57.59,155.0,8.0,61.88,71.1,63.23,217,1,0.0,0,0.0,0.0,54.71
75.54,68.91,47.92,53.52,58.76,62.44,67.82,76.18,147.0,3.0,69.36,54.07,59.94,219,0,0.0,0,0.0,0.0,57.43
74.93,13.16,75.8,41.1,54.44,41.36,71.82,63.01,154.0,12.0,,74.23,57.68,233,0,1.0,0,0.0,0.0,44.96
69.12,46.07,53.81,44.94,57.12,56.7,69.57,77.29,220.0,8.0,60.46,56.68,51.29,266,0,1.0,0,0.0,0.0,57.68
62.9,33.36,62.95,69.84,49.04,52.85,48.7,30.93,146.0,5.0,57.79,41.77,66.36,127,0,0.0,0,0.0,0.0,32.4
81.16,67.15,69.16,66.9,52.71,70.56,78.06,69.73,152.0,9.0,68.35,75.49,78.57,271,0,0.0,1,0.0,0.0,62.07
69.27,41.34,59.73,48.89,81.08,54.92,88.78,76.05,120.0,4.0,76.88,87.57,60.51,142,0,1.0,0,0.0,0.0,56.85
50.72,62.32,56.26,54.32,71.11,53.33,64.64,74.57,126.0,2.0,73.07,71.3,57.68,203,1,0.0,0,0.0,0.0,54.94
65.74,69.78,20.01,54.5,51.37,48.67,61.3,49.09,152.0,8.0,48.69,64.35,32.2,212,1,0.0,0,0.0,0.0,42.04
68.52,48.48,44.99,64.78,64.04,62.49,72.13,71.91,142.0,6.0,87.2,33.56,77.56,306,0,0.0,1,0.0,0.0,54.17
81.54,50.4,71.15,78.51,65.44,65.97,40.64,56.71,135.0,7.0,68.36,62.99,42.95,146,0,0.0,0,0.0,0.0,43.87
59.9,44.68,53.75,55.84,47.05,40.07,47.34,63.35,142.0,7.0,56.41,58.5,40.27,225,0,0.0,0,0.0,0.0,37.17
72.19,32.72,51.2,59.57,50.73,53.61,52.04,82.53,102.0,5.0,66.11,64.09,51.32,258,0,0.0,0,0.0,0.0,34.89
97.39,64.65,52.5,79.23,65.83,65.43,67.38,52.61,136.0,3.0,82.93,68.76,53.25,335,1,1.0,1,0.0,1.0,70.97
79.25,7.91,73.58,66.97,64.0,59.32,78.06,72.03,217.0,9.0,67.22,84.47,56.64,198,0,0.0,0,0.0,1.0,50.8
76.39,44.61,40.82,64.31,60.22,56.75,71.25,71.59,143.0,3.0,62.8,57.3,64.65,311,1,1.0,0,0.0,0.0,65.01
73.24,48.22,51.25,84.53,61.3,64.88,67.16,53.95,155.0,7.0,68.55,67.91,58.88,303,0,0.0,0,0.0,0.0,54.78
75.56,83.03,41.52,86.33,82.9,74.28,62.35,41.97,132.0,9.0,54.75,69.35,71.85,213,1,0.0,1,1.0,0.0,69.23
96.49,56.97,36.49,76.1,70.71,69.08,59.13,63.14,162.0,5.0,58.35,60.09,68.26,228,1,0.0,0,0.0,0.0,56.66
56.16,53.83,25.14,45.24,45.32,50.22,59.36,60.63,121.0,5.0,50.53,46.96,43.7,206,0,0.0,1,0.0,0.0,39.77
57.6,47.54,47.28,58.87,66.44,56.07,79.68,85.89,154.0,6.0,58.46,100.0,57.96,234,1,1.0,0,1.0,0.0,61.12
76.19,28.9,49.5,41.35,72.89,47.45,75.58,84.01,131.0,1.0,90.99,88.6,59.88,316,0,0.0,0,0.0,1.0,55.49
87.08,44.88,88.19,91.19,77.3,63.85,89.98,37.69,164.0,4.0,73.34,74.02,67.69,264,0,1.0,0,1.0,0.0,73.7
52.06,66.55,42.22,60.21,51.39,46.01,72.9,69.86,144.0,1.0,68.06,65.24,73.17,220,0,1.0,0,0.0,0.0,59.53
54.73,53.58,58.85,74.33,44.56,56.32,65.53,52.12,117.0,4.0,43.34,52.75,56.95,186,1,0.0,0,1.0,0.0,56.29
76.06,66.28,66.49,70.68,74.65,53.24,58.96,60.47,140.0,7.0,61.37,75.37,38.78,268,0,0.0,1,1.0,0.0,68.13
56.59,42.13,89.02,92.24,62.66,59.94,44.62,36.35,143.0,12.0,44.83,53.08,43.47,274,1,0.0,0,0.0,0.0,46.35
56.69,76.02,53.51,77.35,47.1,55.82,73.79,76.57,144.0,4.0,80.22,68.01,60.24,149,1,0.0,1,0.0,0.0,63.3
64.99,24.94,38.59,78.77,51.12,52.43,54.29,53.59,143.0,10.0,37.74,55.19,53.08,248,0,0.0,0,0.0,0.0,42.11
81.37,47.39,79.58,65.37,59.28,62.46,82.99,62.64,137.0,9.0,71.48,58.13,86.61,305,0,1.0,0,0.0,0.0,64.32
80.78,45.14,96.37,55.88,54.18,62.04,65.82,51.89,129.0,4.0,56.14,41.32,67.74,236,0,,0,0.0,0.0,55.09
90.6,38.39,40.01,73.87,74.91,66.56,70.25,58.61,110.0,2.0,57.07,61.79,62.17,189,0,0.0,0,1.0,0.0,50.48
73.02,70.81,59.92,42.08,56.58,59.83,82.51,74.06,152.0,2.0,64.68,65.38,57.57,217,1,0.0,0,0.0,0.0,55.29
68.66,80.51,61.31,62.37,79.94,65.7,72.92,60.48,149.0,5.0,71.18,78.74,80.74,157,1,0.0,0,1.0,1.0,78.03
60.78,44.72,56.33,54.21,69.38,50.3,78.25,59.43,175.0,3.0,56.01,68.16,56.39,115,0,0.0,0,0.0,1.0,50.18
68.71,70.5,21.12,57.2,53.95,53.93,94.36,83.82,142.0,2.0,85.66,66.34,57.61,262,0,0.0,1,0.0,0.0,61.84
81.32,80.7,50.58,78.97,65.38,65.42,49.44,44.16,142.0,9.0,60.07,56.18,60.27,368,1,1.0,1,0.0,1.0,67.67
71.23,69.87,31.04,68.52,71.24,56.41,63.51,62.4,142.0,2.0,62.49,60.13,45.9,248,0,1.0,1,1.0,0.0,60.23
90.29,74.74,86.8,79.8,78.28,86.38,67.53,86.31,155.0,3.0,72.82,82.76,,344,1,1.0,1,1.0,1.0,84.27
71.43,52.24,35.89,67.13,73.32,55.68,57.09,74.7,129.0,5.0,63.07,71.88,52.1,258,1,1.0,0,1.0,1.0,67.19
74.29,56.26,41.15,52.81,50.79,50.71,63.53,60.87,142.0,,52.08,64.3,50.96,207,0,0.0,0,0.0,0.0,47.18
59.94,39.05,45.9,93.38,57.56,,47.07,63.25,137.0,8.0,49.1,56.21,18.47,230,0,0.0,0,0.0,0.0,34.58
100.0,44.88,79.91,90.04,73.63,72.93,75.57,79.0,154.0,2.0,83.94,77.32,83.46,286,0,0.0,0,1.0,1.0,85.53
60.86,50.87,46.9,56.99,96.65,54.08,64.09,46.44,179.0,3.0,62.78,55.44,45.82,236,0,1.0,0,1.0,1.0,66.61
70.23,80.77,33.6,79.25,55.68,57.4,56.64,62.91,144.0,6.0,48.53,59.79,46.42,322,1,1.0,1,0.0,1.0,61.33
65.39,65.84,47.73,83.96,100.0,59.96,79.13,64.65,115.0,5.0,70.13,76.93,68.04,190,0,1.0,0,1.0,1.0,78.75
100.0,91.34,66.43,79.11,76.29,80.92,54.04,46.06,116.0,10.0,58.61,56.11,62.31,348,1,0.0,1,0.0,0.0,65.72
31.69,,0.0,22.65,66.15,28.16,43.02,29.3,155.0,11.0,39.39,32.95,59.31,166,0,1.0,1,0.0,0.0,37.53
55.02,55.37,46.74,40.06,67.91,53.48,97.03,72.23,114.0,8.0,59.2,83.92,49.96,262,1,0.0,0,0.0,0.0,56.91
59.01,29.99,82.88,66.12,49.8,49.09,53.91,41.95,143.0,5.0,40.72,54.71,44.22,131,1,0.0,0,0.0,0.0,30.37
81.52,59.32,61.71,71.42,75.07,69.8,61.41,52.12,,2.0,54.45,48.17,68.93,140,0,0.0,0,0.0,0.0,58.7
64.27,53.36,32.08,29.45,44.68,48.35,62.38,41.85,187.0,10.0,52.97,64.67,48.5,98,0,0.0,0,0.0,0.0,31.83
77.35,60.86,50.27,60.03,66.68,60.87,54.3,62.85,116.0,11.0,49.98,60.84,,155,1,0.0,1,0.0,1.0,56.01
76.45,47.17,62.38,63.18,64.44,64.12,64.47,41.11,127.0,18.0,34.49,50.83,81.74,289,0,0.0,0,0.0,0.0,44.6
87.78,72.98,55.03,79.89,66.57,77.73,58.98,77.22,152.0,4.0,60.39,73.31,65.15,224,1,0.0,1,0.0,0.0,65.63
92.96,58.01,85.76,90.16,66.4,80.69,,71.69,133.0,2.0,66.6,74.14,77.74,298,0,1.0,0,0.0,0.0,70.56
83.87,69.23,39.0,79.1,76.21,56.88,81.6,100.0,128.0,9.0,67.24,91.25,,340,1,1.0,1,1.0,1.0,71.47
49.71,14.35,46.72,71.61,24.31,31.7,48.61,49.91,119.0,8.0,45.67,54.88,48.11,239,0,0.0,0,0.0,0.0,23.45
70.28,60.15,62.16,88.7,57.6,58.55,84.99,85.24,130.0,7.0,83.25,83.47,68.11,286,0,0.0,0,0.0,0.0,54.79
66.1,46.38,54.69,67.96,79.61,61.26,52.7,30.76,121.0,11.0,34.99,47.0,34.85,228,0,1.0,0,0.0,1.0,53.43
69.84,80.63,27.3,51.55,77.13,56.3,52.6,30.02,137.0,4.0,45.62,29.31,62.23,233,1,0.0,1,1.0,1.0,57.25
50.34,81.44,19.22,43.28,42.27,43.34,67.91,79.34,174.0,1.0,92.94,92.6,66.36,154,1,0.0,0,1.0,1.0,53.78
46.61,77.78,14.72,39.32,55.27,41.31,72.17,59.69,177.0,1.0,57.11,53.24,59.57,227,1,0.0,0,0.0,0.0,53.16
46.6,54.85,33.3,59.97,32.44,43.72,64.58,53.57,176.0,6.0,57.41,51.48,51.26,192,0,0.0,0,0.0,0.0,43.04
57.15,44.37,39.53,59.04,65.93,52.49,71.86,70.31,138.0,3.0,66.08,84.73,53.68,171,0,1.0,0,0.0,1.0,64.13
83.22,64.83,34.15,83.24,76.45,55.65,73.57,57.63,153.0,3.0,62.9,46.37,74.49,174,0,0.0,1,0.0,0.0,62.53
54.67,49.09,30.87,57.92,41.77,40.4,51.17,72.31,139.0,8.0,55.47,80.49,50.09,174,1,0.0,0,0.0,0.0,45.63
56.4,56.21,18.39,47.15,44.67,31.38,39.46,59.93,121.0,4.0,48.21,68.46,19.9,120,0,0.0,0,0.0,0.0,45.75
43.52,33.88,36.96,68.06,75.14,29.95,48.16,62.95,104.0,5.0,64.85,75.91,43.23,352,0,1.0,1,1.0,0.0,32.82
59.11,30.44,46.49,40.87,30.99,43.11,74.18,85.91,109.0,6.0,56.95,76.99,52.47,242,0,0.0,0,0.0,0.0,38.85
77.38,51.69,25.78,55.05,55.48,52.86,84.18,84.38,144.0,7.0,82.11,62.0,41.18,313,0,0.0,1,0.0,0.0,58.42
93.99,73.65,70.11,79.05,51.95,71.81,83.3,83.3,117.0,3.0,98.21,77.83,70.1,307,1,0.0,0,0.0,0.0,66.06
,44.14,44.1,47.87,66.52,60.27,67.17,46.9,125.0,11.0,46.32,70.41,83.62,304,0,0.0,0,1.0,1.0,53.06
83.35,36.95,61.1,67.02,60.84,47.8,46.34,28.46,143.0,10.0,56.54,51.86,24.7,131,0,0.0,0,1.0,1.0,41.83
71.05,33.48,53.27,71.79,61.28,40.23,98.29,100.0,102.0,6.0,78.05,88.23,54.81,168,0,0.0,0,0.0,1.0,44.84
88.76,51.5,47.42,67.02,71.03,54.91,42.65,64.39,162.0,12.0,53.65,54.3,24.91,320,1,0.0,0,0.0,0.0,39.51
63.53,41.94,35.41,51.84,40.52,31.58,64.62,84.15,140.0,3.0,66.23,66.79,34.1,260,0,0.0,0,0.0,0.0,41.79
49.29,39.69,38.44,44.97,45.52,37.23,50.7,79.67,130.0,2.0,66.58,46.16,29.3,254,0,0.0,1,0.0,0.0,43.14
68.92,57.07,53.49,70.08,68.92,62.44,62.0,72.23,127.0,2.0,59.52,61.43,47.63,174,0,0.0,0,1.0,1.0,65.0
44.15,25.03,39.16,65.9,43.58,39.34,85.8,74.42,150.0,2.0,71.37,59.04,77.84,233,0,0.0,0,0.0,0.0,38.36
83.71,81.49,50.52,55.12,59.54,71.53,,71.56,119.0,2.0,66.89,61.45,68.91,198,1,1.0,0,0.0,0.0,67.96
70.59,100.0,61.23,46.57,68.43,71.5,75.83,61.19,164.0,0.0,69.95,83.92,66.84,261,1,1.0,1,0.0,0.0,74.62
100.0,88.01,77.71,99.69,82.62,81.44,77.18,54.99,156.0,10.0,56.07,35.85,87.6,286,1,0.0,0,0.0,1.0,83.98
75.69,80.55,63.31,97.31,77.86,68.76,67.36,68.46,126.0,4.0,61.64,59.2,59.25,234,1,1.0,1,1.0,0.0,72.85
48.8,82.69,48.89,67.95,72.33,61.95,50.21,61.35,133.0,8.0,46.68,63.15,43.39,289,1,1.0,1,1.0,1.0,69.19
100.0,100.0,52.03,70.99,60.97,66.66,64.55,58.57,161.0,6.0,67.85,67.3,59.23,235,1,0.0,1,0.0,0.0,84.5
51.7,15.08,39.78,67.31,58.04,20.62,59.64,38.61,146.0,14.0,41.17,64.57,23.32,217,0,1.0,0,0.0,0.0,26.5
44.92,34.42,37.42,61.48,53.48,43.24,100.0,68.44,140.0,9.0,63.25,76.73,46.22,194,0,0.0,0,1.0,0.0,33.95
85.24,85.39,59.49,67.17,65.56,71.83,72.4,64.45,127.0,0.0,73.46,73.98,75.75,213,1,1.0,1,0.0,0.0,87.8
78.75,35.17,48.33,71.35,44.45,60.82,50.79,30.7,135.0,4.0,55.84,24.27,57.85,160,0,0.0,0,0.0,1.0,42.98
63.74,56.54,48.94,51.44,90.92,62.77,100.0,86.88,136.0,1.0,57.91,86.54,58.56,309,1,1.0,0,1.0,1.0,81.41
48.87,38.86,45.35,40.43,80.4,49.06,79.97,54.54,147.0,11.0,55.74,69.54,64.05,175,0,1.0,0,1.0,1.0,58.92
66.74,51.75,45.15,67.66,83.26,55.66,62.91,75.77,133.0,11.0,52.83,52.41,60.92,173,0,0.0,1,0.0,1.0,53.94
60.23,23.81,61.31,70.62,64.16,44.68,63.91,46.71,121.0,4.0,57.34,53.2,46.85,222,0,0.0,0,0.0,0.0,35.64
49.44,26.95,19.92,65.11,57.4,36.02,77.89,66.99,161.0,4.0,46.82,71.44,42.44,224,0,0.0,0,1.0,1.0,49.1
100.0,36.33,100.0,96.43,85.85,81.9,85.94,69.17,152.0,0.0,93.53,72.49,89.24,215,0,1.0,0,0.0,1.0,80.65
77.11,40.94,58.16,52.96,66.37,59.14,68.19,69.67,122.0,4.0,51.64,43.85,63.1,304,0,1.0,0,1.0,0.0,52.5
67.31,53.35,76.35,73.82,69.14,68.15,41.73,30.78,125.0,9.0,47.42,35.25,70.14,277,0,1.0,0,0.0,1.0,65.51
77.62,64.94,56.98,100.0,77.36,68.18,54.43,66.33,150.0,9.0,63.57,70.98,64.4,288,1,0.0,0,0.0,1.0,67.43
100.0,67.58,70.37,77.15,100.0,73.07,76.54,89.08,126.0,4.0,73.74,92.37,53.28,303,1,1.0,0,1.0,1.0,76.23
46.71,72.53,38.67,53.51,83.99,61.97,57.32,74.24,135.0,5.0,61.49,64.71,42.86,308,0,1.0,1,0.0,1.0,65.27
35.07,33.15,3.65,4.63,35.59,30.29,42.82,42.26,131.0,15.0,42.34,34.14,35.5,187,1,0.0,0,0.0,0.0,18.31
75.54,39.48,16.15,53.96,62.84,47.83,60.69,43.47,125.0,10.0,52.51,52.06,60.19,153,0,0.0,0,1.0,0.0,47.23
93.41,56.85,72.81,78.43,64.94,72.49,58.32,33.82,119.0,6.0,70.44,61.28,67.51,151,0,0.0,0,0.0,1.0,76.96
87.49,74.18,60.19,84.21,72.45,73.92,93.65,61.4,142.0,5.0,81.04,83.93,72.1,252,0,0.0,1,1.0,1.0,72.58
91.97,49.05,44.25,59.59,70.91,57.84,68.22,52.35,123.0,3.0,83.69,67.19,47.72,176,1,0.0,0,0.0,0.0,59.38
90.44,49.94,74.17,74.41,66.41,65.35,54.34,32.35,127.0,7.0,29.42,22.37,66.8,282,0,0.0,0,0.0,0.0,52.63
72.91,42.3,66.5,73.95,58.26,52.19,69.04,50.56,155.0,7.0,65.9,52.33,73.32,270,0,0.0,0,0.0,0.0,54.64
89.89,66.26,53.69,76.93,66.49,65.22,90.08,61.88,130.0,7.0,57.72,62.78,55.08,342,1,0.0,1,0.0,1.0,64.88
65.86,33.21,44.48,34.35,27.23,47.28,54.68,56.52,,9.0,47.94,69.82,55.7,240,0,0.0,0,0.0,0.0,37.29
52.43,54.39,49.61,63.13,57.43,55.89,61.43,49.7,156.0,11.0,41.69,41.98,55.79,95,0,0.0,0,0.0,0.0,45.98
88.87,52.23,55.27,67.77,72.5,67.07,48.27,40.53,135.0,6.0,64.22,52.4,64.62,215,0,0.0,0,0.0,1.0,69.33
71.3,52.5,59.38,39.46,74.11,63.78,76.25,69.4,150.0,6.0,68.68,77.14,81.55,227,0,0.0,1,1.0,1.0,70.3
61.87,54.15,48.0,69.14,69.37,53.12,87.48,61.96,127.0,4.0,51.75,54.03,76.78,318,1,1.0,0,1.0,0.0,59.69
68.67,69.31,66.22,67.22,73.26,57.79,76.76,77.27,154.0,3.0,71.81,60.1,69.95,263,0,1.0,0,1.0,0.0,74.97
57.55,33.05,49.98,63.72,33.17,42.35,53.3,57.97,149.0,8.0,50.32,65.19,44.78,303,0,1.0,0,0.0,0.0,31.74
51.25,,37.59,42.61,32.62,37.31,57.69,47.96,164.0,6.0,75.29,62.41,48.7,216,0,1.0,0,0.0,0.0,29.91
67.11,47.76,31.56,63.82,54.8,53.15,73.68,53.11,161.0,3.0,44.79,66.15,54.54,219,0,0.0,0,0.0,0.0,43.32
42.21,9.89,56.58,55.44,47.02,39.69,60.71,55.07,143.0,9.0,50.37,55.56,75.88,205,0,0.0,0,0.0,1.0,28.46
61.35,55.35,44.9,86.45,51.39,59.42,75.87,58.96,190.0,0.0,88.03,85.99,68.91,210,0,0.0,0,0.0,0.0,52.19
60.71,79.38,51.05,77.13,53.99,47.77,72.31,75.41,156.0,6.0,70.03,75.17,67.09,231,1,0.0,1,0.0,0.0,64.31
78.15,66.88,63.12,83.67,90.58,65.39,53.66,37.63,160.0,10.0,55.64,48.56,,218,0,0.0,1,1.0,0.0,63.93
80.07,63.63,68.44,53.83,63.68,63.72,79.43,58.98,133.0,3.0,61.03,68.96,55.94,254,0,1.0,1,0.0,0.0,56.88
67.22,36.92,68.68,69.27,55.16,57.32,69.52,77.34,133.0,4.0,68.98,71.24,66.6,195,0,0.0,0,1.0,0.0,47.73
81.79,95.78,41.81,47.98,76.55,81.27,78.67,79.65,142.0,1.0,75.13,79.93,,259,1,1.0,1,1.0,1.0,84.33
66.24,19.76,45.24,49.66,55.42,37.99,91.51,89.94,125.0,3.0,81.88,82.69,54.63,156,0,0.0,0,0.0,0.0,42.89
85.2,64.1,51.18,97.89,61.32,61.16,48.75,49.25,137.0,7.0,69.56,63.12,62.69,238,1,0.0,0,0.0,0.0,62.35
65.4,70.65,40.21,55.24,62.16,53.83,73.25,75.17,139.0,4.0,55.26,81.17,46.3,191,0,0.0,0,1.0,0.0,60.0
64.48,66.71,51.67,36.36,58.41,50.89,,59.72,159.0,9.0,52.52,39.7,64.07,103,0,0.0,1,0.0,1.0,53.94
89.55,54.11,66.59,86.18,61.37,60.97,81.54,73.11,162.0,3.0,71.35,66.88,73.23,314,0,0.0,0,0.0,0.0,58.15
80.38,80.16,41.99,64.51,76.26,66.18,67.09,56.95,141.0,1.0,63.67,63.97,76.0,273,1,1.0,1,1.0,0.0,61.34
69.94,46.41,39.91,80.56,37.37,55.63,60.15,26.73,132.0,11.0,55.24,54.23,60.23,170,0,0.0,0,0.0,0.0,36.26
78.69,99.44,47.83,51.41,82.59,71.93,73.27,81.46,172.0,11.0,63.51,47.96,57.93,257,1,1.0,1,1.0,0.0,77.1
58.81,49.69,32.25,45.59,39.97,38.55,52.22,77.1,110.0,3.0,69.3,77.44,60.36,185,1,0.0,0,0.0,0.0,57.82
57.29,39.4,59.88,84.24,51.8,50.18,75.05,56.18,112.0,5.0,71.78,69.36,73.1,160,0,0.0,0,0.0,0.0,39.68
92.44,55.17,49.17,56.08,82.68,58.59,60.5,71.07,147.0,12.0,48.47,66.72,64.25,212,0,0.0,1,1.0,1.0,56.37
70.99,76.04,63.87,69.43,74.21,72.81,59.49,74.58,137.0,13.0,49.6,43.28,67.95,347,1,1.0,1,1.0,1.0,80.24
91.12,49.56,54.99,74.95,68.36,72.34,96.11,54.31,,4.0,72.13,52.82,61.89,228,0,0.0,0,1.0,1.0,69.37
48.82,53.74,57.55,50.89,37.5,37.6,67.16,64.54,106.0,6.0,57.44,62.21,59.83,290,1,0.0,1,0.0,0.0,49.44
57.11,54.48,29.56,57.65,43.81,46.83,47.76,58.4,121.0,13.0,41.51,68.02,32.89,268,0,0.0,0,0.0,0.0,30.26
68.91,56.12,72.61,68.8,59.5,56.26,78.6,40.46,168.0,10.0,54.78,52.23,55.27,103,0,0.0,0,1.0,0.0,50.4
40.47,40.07,75.31,68.12,48.0,48.71,61.22,47.51,162.0,5.0,55.92,88.4,44.97,224,0,0.0,0,,0.0,49.39
73.67,80.32,45.83,90.09,79.53,67.01,,66.01,155.0,10.0,55.46,64.99,49.77,210,1,1.0,1,0.0,1.0,69.47
51.25,37.84,70.86,100.0,81.47,49.57,65.43,61.84,124.0,5.0,63.4,61.06,58.23,332,0,1.0,0,1.0,0.0,56.72
53.53,42.94,49.68,62.48,62.19,56.36,38.77,33.25,129.0,14.0,31.0,44.61,43.71,169,0,0.0,0,0.0,0.0,38.99
76.57,,31.83,61.56,57.61,54.47,100.0,60.95,137.0,9.0,63.56,82.51,82.69,269,1,1.0,0,1.0,0.0,73.62
84.93,59.2,66.99,90.63,93.08,69.01,75.45,66.18,128.0,10.0,47.28,56.44,75.88,276,0,1.0,0,1.0,1.0,76.53
55.22,56.82,65.11,60.98,44.41,53.7,73.64,33.46,130.0,16.0,48.77,45.19,59.49,239,0,0.0,0,0.0,0.0,45.86
70.84,43.8,71.38,39.23,27.45,45.51,38.72,20.94,134.0,11.0,45.0,55.76,50.57,176,1,0.0,0,1.0,0.0,40.15
70.92,63.73,41.04,69.5,52.44,54.79,77.66,64.55,114.0,8.0,61.14,91.05,60.86,259,0,1.0,0,0.0,0.0,60.32
65.18,,73.33,82.03,34.68,40.91,43.89,65.54,157.0,7.0,54.44,64.97,43.37,321,0,1.0,1,0.0,0.0,48.2
60.24,71.94,13.89,26.26,52.94,32.14,70.63,52.88,137.0,4.0,78.28,56.5,55.73,242,0,0.0,0,1.0,0.0,53.54
40.39,36.5,39.56,38.95,47.32,32.04,77.05,62.57,132.0,3.0,74.28,55.18,54.18,197,0,0.0,0,0.0,0.0,41.97
48.09,30.82,65.64,46.26,24.69,37.49,74.66,83.38,112.0,3.0,76.61,96.39,59.58,137,0,0.0,0,0.0,0.0,44.06
77.69,71.28,71.33,71.22,56.49,55.77,73.57,66.64,154.0,6.0,68.45,76.14,69.06,274,1,0.0,1,1.0,0.0,69.55
53.85,60.94,59.95,98.04,41.47,52.11,65.03,59.44,120.0,9.0,61.63,73.34,44.74,240,0,0.0,0,0.0,0.0,44.23
84.87,42.84,80.25,55.38,51.61,57.88,56.16,62.07,146.0,17.0,58.58,51.74,51.6,229,0,0.0,0,0.0,0.0,49.26
60.6,48.46,36.48,62.73,48.33,47.06,73.83,55.93,124.0,7.0,50.57,60.82,63.38,241,1,0.0,0,0.0,1.0,57.25
73.25,57.42,31.66,61.77,78.44,60.34,76.58,83.58,143.0,11.0,63.43,68.81,58.58,315,0,1.0,0,1.0,1.0,66.88
70.75,23.82,39.65,57.6,54.8,55.69,73.93,65.83,117.0,6.0,60.82,26.64,55.65,222,0,0.0,0,0.0,0.0,39.04
75.19,81.63,41.27,71.05,95.49,70.93,78.78,69.3,138.0,7.0,85.35,70.25,83.39,256,1,1.0,1,1.0,1.0,84.98
55.07,41.61,56.45,53.04,48.2,41.65,65.51,73.55,138.0,4.0,60.09,70.48,45.41,247,1,0.0,0,0.0,0.0,43.19
64.33,55.8,50.46,100.0,86.6,66.06,64.42,69.68,142.0,3.0,69.37,69.79,67.93,213,0,1.0,0,1.0,1.0,68.74
85.87,27.94,96.73,86.83,62.18,73.68,85.16,89.89,158.0,3.0,83.8,79.22,77.51,259,0,0.0,0,1.0,0.0,65.87
34.04,69.31,47.39,38.45,42.87,38.18,72.41,100.0,149.0,3.0,71.58,89.14,64.87,142,0,0.0,0,0.0,0.0,45.83
50.2,31.93,45.02,77.53,87.3,43.5,87.9,84.39,170.0,4.0,79.9,74.82,63.98,418,0,1.0,0,1.0,1.0,55.87
71.86,23.48,43.48,61.25,26.97,33.7,50.52,42.43,111.0,6.0,66.37,61.71,38.34,301,0,0.0,0,0.0,1.0,38.65
64.58,65.07,55.51,68.36,66.97,56.31,74.1,88.43,178.0,0.0,82.07,94.3,59.0,325,1,1.0,0,0.0,0.0,66.1
76.88,42.02,78.48,68.42,42.74,60.32,76.4,61.53,158.0,7.0,,70.65,83.91,237,0,0.0,0,0.0,0.0,50.73
70.41,59.5,67.48,66.67,40.17,66.74,65.29,47.41,131.0,6.0,57.42,60.75,56.4,211,0,0.0,0,0.0,0.0,55.97
71.79,61.63,59.53,52.57,45.09,62.13,50.85,13.58,155.0,15.0,53.21,28.36,48.54,108,0,0.0,0,0.0,0.0,38.43
91.1,78.17,54.77,48.43,83.31,72.92,67.13,65.7,171.0,5.0,75.04,53.3,63.58,249,0,0.0,1,0.0,,74.28
72.91,75.27,38.37,75.04,54.94,59.76,48.88,59.45,157.0,4.0,35.42,26.07,46.73,200,1,0.0,1,1.0,0.0,52.02
54.35,30.59,35.7,55.49,47.76,43.04,53.3,77.9,120.0,8.0,74.49,75.71,48.23,169,0,0.0,1,0.0,0.0,38.11
65.18,59.07,50.06,77.84,73.9,61.89,42.56,51.22,137.0,9.0,41.03,30.47,54.99,135,0,0.0,0,0.0,1.0,52.16
47.36,28.07,46.84,41.53,50.02,47.56,76.75,100.0,154.0,3.0,71.18,82.15,61.89,80,0,0.0,0,0.0,0.0,36.72
69.37,50.57,58.26,56.69,76.02,58.4,76.18,71.1,140.0,3.0,74.6,71.45,59.59,214,0,1.0,0,1.0,0.0,74.29
59.0,22.95,59.84,74.74,66.59,51.02,89.45,84.83,150.0,14.0,71.46,74.24,73.53,243,0,1.0,0,0.0,0.0,52.59
65.41,44.46,15.35,45.72,67.06,42.68,41.57,52.06,145.0,12.0,50.04,49.28,46.35,80,0,1.0,0,0.0,0.0,36.23
63.26,66.82,12.76,67.52,40.68,47.63,52.35,73.39,119.0,10.0,80.77,84.23,68.27,208,0,0.0,0,0.0,0.0,46.74
48.4,73.1,37.94,51.86,61.34,50.14,46.45,26.29,159.0,7.0,31.71,38.5,47.42,342,1,0.0,1,0.0,1.0,54.63
84.4,72.96,54.92,98.12,61.29,60.96,80.31,54.19,143.0,5.0,64.93,70.1,64.57,213,1,0.0,1,0.0,0.0,58.58
64.4,78.63,52.13,85.73,74.61,70.08,70.23,49.36,139.0,11.0,51.01,50.32,61.27,294,0,1.0,0,0.0,1.0,68.75
91.27,56.67,51.51,79.22,52.83,71.35,53.7,66.42,121.0,7.0,71.08,54.3,63.97,172,0,0.0,1,0.0,1.0,60.86
69.53,59.76,22.25,66.53,52.72,50.41,66.96,40.13,135.0,4.0,70.64,46.78,62.38,411,1,0.0,0,0.0,0.0,46.81
100.0,32.85,63.46,71.57,56.42,63.32,67.88,40.43,156.0,3.0,50.12,50.41,59.79,274,0,0.0,0,1.0,0.0,55.66
82.56,70.44,56.05,45.17,90.13,72.79,56.78,55.76,142.0,11.0,53.22,47.93,56.07,262,1,0.0,0,1.0,1.0,65.25
67.89,44.8,50.98,67.75,41.97,49.88,56.28,53.03,151.0,6.0,52.13,47.26,57.66,149,0,0.0,0,0.0,0.0,48.46
100.0,81.03,70.34,100.0,53.13,77.15,69.18,61.63,139.0,0.0,70.19,68.68,73.82,239,1,0.0,0,0.0,0.0,71.23
63.5,63.91,48.16,33.59,72.34,54.44,94.5,72.59,145.0,1.0,87.11,49.1,72.54,219,0,0.0,1,1.0,1.0,74.47
61.03,71.74,48.42,69.34,47.99,52.7,84.93,87.29,112.0,2.0,65.7,77.96,71.03,209,1,0.0,1,0.0,0.0,63.48
75.54,43.93,63.62,50.55,70.08,61.29,79.3,82.91,148.0,1.0,69.06,60.66,65.72,120,0,0.0,0,0.0,0.0,52.96
79.68,5.53,76.17,66.62,53.97,54.32,58.35,46.99,135.0,11.0,37.42,56.75,50.92,163,0,0.0,0,0.0,0.0,30.53
60.52,62.53,71.94,68.09,60.66,65.82,40.94,59.25,141.0,3.0,64.16,64.36,61.26,283,1,0.0,0,0.0,0.0,61.81
82.09,74.24,82.32,95.96,75.43,75.35,91.27,75.65,104.0,4.0,67.19,82.06,83.29,191,1,0.0,1,0.0,1.0,78.71
88.64,60.18,78.73,83.87,74.88,64.73,81.49,86.95,187.0,6.0,62.38,54.23,73.68,393,0,1.0,1,1.0,,66.47
69.95,57.98,45.17,81.66,63.56,64.49,61.92,47.69,140.0,5.0,56.06,50.28,51.88,344,1,0.0,0,0.0,1.0,63.47
47.77,42.08,42.06,70.97,39.69,38.55,67.68,75.74,148.0,4.0,70.44,76.76,58.15,126,0,0.0,0,0.0,0.0,36.82
67.77,0.0,43.35,59.39,54.75,35.29,64.81,56.19,146.0,3.0,52.65,61.09,49.11,173,0,1.0,0,0.0,1.0,39.8
67.96,62.71,49.14,68.85,44.66,52.01,68.32,62.78,134.0,7.0,45.13,62.75,58.57,94,1,0.0,1,0.0,0.0,44.93
83.24,3.7,64.88,66.03,62.01,40.25,,87.14,149.0,0.0,81.77,75.46,79.62,380,0,0.0,0,0.0,0.0,45.36
80.61,57.37,48.45,65.95,54.21,57.06,93.64,56.01,164.0,4.0,70.36,67.91,67.61,209,0,0.0,0,0.0,1.0,64.29
46.49,75.56,1.03,29.97,63.21,46.66,61.0,60.95,142.0,16.0,59.82,61.89,53.43,263,1,1.0,1,1.0,0.0,43.29
,39.29,46.85,78.05,54.51,51.38,50.4,57.49,152.0,3.0,54.9,63.61,45.01,271,0,1.0,0,1.0,0.0,56.35
77.85,65.77,56.91,69.63,71.24,72.41,52.98,33.92,151.0,5.0,45.75,50.3,55.7,273,0,0.0,0,1.0,1.0,66.06
,34.53,70.49,28.03,70.06,62.39,,68.2,150.0,3.0,53.64,70.57,49.12,159,0,1.0,1,1.0,0.0,63.1
96.01,65.18,71.23,80.57,58.17,75.94,89.29,93.13,176.0,,64.69,74.62,63.64,323,1,1.0,0,0.0,0.0,77.03
58.79,15.08,34.52,45.54,46.67,25.31,78.22,74.42,147.0,9.0,58.25,46.86,30.74,284,0,0.0,0,0.0,0.0,31.17
47.76,76.04,14.81,52.17,63.27,56.53,90.16,67.24,141.0,11.0,59.39,87.51,59.26,213,0,0.0,0,0.0,0.0,51.21
42.87,22.73,23.35,53.0,43.62,31.07,68.67,53.82,139.0,4.0,59.34,73.79,43.39,209,0,0.0,0,0.0,0.0,22.92
52.08,44.16,39.77,51.56,54.77,,64.8,61.92,,9.0,51.86,53.8,55.44,157,0,0.0,0,1.0,1.0,52.78
69.83,39.68,31.2,99.58,62.69,48.29,60.57,30.24,114.0,9.0,46.54,44.56,45.65,297,0,0.0,0,0.0,0.0,46.4
83.18,71.61,71.72,98.68,60.11,69.83,75.88,40.22,166.0,11.0,50.6,68.33,75.26,270,0,0.0,1,1.0,0.0,70.43
82.21,43.81,38.96,68.56,74.37,57.6,44.48,56.45,132.0,9.0,47.39,55.85,51.87,222,0,1.0,0,1.0,0.0,56.14
70.45,20.83,55.93,68.18,64.74,44.72,65.71,61.29,137.0,12.0,41.54,70.55,57.75,238,0,0.0,0,0.0,0.0,42.7
77.58,78.47,41.17,91.13,68.37,55.75,65.51,70.77,116.0,7.0,74.6,79.27,70.9,339,1,0.0,1,1.0,0.0,76.19
40.6,68.54,33.39,55.13,43.96,30.74,66.34,72.07,141.0,11.0,65.08,69.96,63.8,127,1,0.0,0,0.0,0.0,38.72
66.73,64.24,17.59,65.69,53.55,67.83,71.14,85.77,115.0,1.0,67.49,71.59,75.77,315,1,0.0,1,0.0,0.0,66.24
68.65,68.2,50.77,74.12,68.94,51.32,52.22,42.93,107.0,7.0,66.78,54.67,44.73,269,1,1.0,0,0.0,0.0,60.1
78.88,75.29,85.96,89.33,54.78,61.75,75.16,77.87,127.0,7.0,86.58,95.75,77.42,261,1,0.0,1,0.0,0.0,65.89
77.51,49.72,54.78,86.59,60.52,63.08,73.78,64.18,136.0,5.0,69.48,74.96,68.68,182,0,0.0,1,1.0,0.0,64.26
42.12,66.88,34.71,45.7,48.72,36.85,49.81,67.63,121.0,5.0,55.07,63.91,58.42,80,0,0.0,0,0.0,0.0,38.99
35.23,62.93,0.0,41.17,32.93,23.17,65.27,98.9,144.0,7.0,56.57,85.03,45.26,213,0,0.0,1,0.0,0.0,31.02
62.55,17.35,36.47,49.02,38.01,20.48,82.62,78.32,164.0,3.0,74.09,57.62,64.48,169,0,1.0,0,0.0,0.0,35.78
44.95,28.54,54.36,43.22,47.45,42.22,49.27,74.78,141.0,9.0,56.57,66.28,48.12,90,0,0.0,0,0.0,0.0,31.13
73.87,49.74,78.99,39.89,61.87,53.61,96.07,57.84,103.0,2.0,67.27,67.1,69.97,169,1,0.0,0,0.0,1.0,63.24
49.16,65.7,37.44,62.51,50.08,52.91,52.28,39.87,137.0,4.0,63.89,59.18,60.28,279,1,0.0,0,0.0,0.0,47.14
67.72,53.44,81.95,81.58,52.29,61.26,28.93,58.13,144.0,14.0,41.09,16.24,41.61,282,0,0.0,0,0.0,0.0,36.8
66.22,45.02,45.29,88.26,64.3,54.94,75.82,53.96,134.0,7.0,66.16,55.07,67.9,324,0,0.0,0,1.0,0.0,54.96
61.68,51.27,37.74,48.59,46.19,44.44,57.56,64.09,144.0,3.0,65.97,31.35,37.32,320,0,1.0,0,0.0,0.0,46.43
45.28,56.75,47.86,61.17,66.08,48.78,45.6,51.55,141.0,18.0,40.5,35.52,50.06,169,0,0.0,0,1.0,0.0,34.2
73.3,43.62,57.58,65.37,82.77,54.15,75.18,80.65,121.0,11.0,58.05,76.82,47.53,203,0,1.0,0,1.0,1.0,64.84
65.79,48.21,51.68,73.75,47.67,47.74,45.9,43.81,158.0,8.0,52.71,41.99,52.92,251,0,0.0,0,0.0,1.0,49.58
81.68,44.53,38.78,57.9,51.59,46.0,72.34,59.51,135.0,7.0,61.14,81.04,25.65,273,0,0.0,0,1.0,0.0,42.92
83.53,31.19,71.71,59.97,61.46,67.26,89.5,61.04,137.0,7.0,62.22,76.67,52.5,323,1,0.0,0,1.0,0.0,52.98
71.53,59.52,47.31,40.97,69.25,54.32,62.14,83.35,147.0,3.0,,45.56,59.39,318,1,1.0,0,0.0,0.0,57.33
47.69,45.66,30.38,35.56,63.93,28.92,68.03,65.14,111.0,8.0,40.18,63.72,45.5,200,0,0.0,0,0.0,0.0,36.58
91.86,59.16,81.99,80.59,95.06,77.69,54.32,71.71,160.0,2.0,58.15,31.23,60.01,352,1,1.0,0,0.0,1.0,81.43
71.65,65.03,42.23,66.6,41.72,,74.43,67.59,123.0,9.0,56.22,74.4,65.23,245,1,0.0,0,0.0,0.0,42.32
63.31,48.23,42.66,37.53,74.38,51.2,59.22,72.56,171.0,9.0,65.49,69.45,64.83,347,0,1.0,0,1.0,0.0,52.37
55.0,47.87,48.71,49.14,44.53,,61.12,51.5,159.0,5.0,77.0,63.16,81.36,152,0,0.0,0,0.0,0.0,47.46
53.13,34.4,42.7,64.67,62.97,54.8,68.14,68.9,121.0,10.0,53.26,49.97,57.72,183,1,1.0,0,1.0,1.0,72.1
61.28,3.19,35.61,73.8,55.93,36.37,51.57,78.95,143.0,13.0,34.41,38.72,51.55,253,0,1.0,0,1.0,0.0,31.91
55.15,5.38,45.15,44.67,55.89,42.07,60.56,35.09,121.0,8.0,46.66,72.8,40.41,217,0,0.0,0,1.0,0.0,27.78
82.12,33.75,51.55,72.29,74.59,,82.65,66.58,122.0,1.0,68.05,80.64,62.05,190,0,0.0,0,0.0,1.0,65.04
82.07,66.49,31.48,61.77,60.93,50.08,51.69,79.97,92.0,6.0,69.45,67.59,45.25,140,0,0.0,1,0.0,1.0,44.0
39.15,84.24,32.56,39.54,40.55,47.68,70.89,57.08,151.0,,,66.9,54.17,203,1,0.0,1,0.0,0.0,38.4
100.0,35.46,76.2,73.22,92.12,65.8,83.23,88.29,133.0,12.0,77.79,83.57,73.43,226,0,1.0,1,1.0,1.0,77.23
40.0,,37.0,49.17,50.39,32.6,91.22,75.22,157.0,8.0,71.63,90.63,70.33,159,1,0.0,0,0.0,0.0,45.11
90.79,48.71,78.58,62.51,85.13,62.41,79.01,77.16,145.0,6.0,77.27,73.79,71.91,231,0,1.0,0,1.0,1.0,71.62
31.99,54.96,34.38,61.81,35.39,43.92,41.39,58.94,114.0,15.0,50.98,52.32,57.5,80,0,0.0,0,0.0,0.0,27.35
64.22,35.85,29.57,48.09,50.71,59.03,35.88,32.25,150.0,8.0,44.23,53.94,60.29,191,0,0.0,1,0.0,0.0,37.14
55.39,40.02,61.85,39.62,44.21,41.79,67.43,31.91,149.0,4.0,42.49,44.6,50.36,232,0,0.0,0,0.0,1.0,40.11
88.19,36.61,86.93,77.36,44.5,63.7,51.5,43.28,128.0,14.0,62.83,72.14,56.21,151,0,0.0,0,0.0,0.0,53.29
58.39,84.01,33.21,60.34,40.72,55.19,66.18,44.0,157.0,4.0,78.05,80.94,46.51,308,1,0.0,1,0.0,0.0,52.31
52.97,51.56,57.6,70.61,76.11,52.31,56.76,52.5,133.0,8.0,44.7,62.81,45.55,171,0,0.0,0,1.0,0.0,50.81
70.03,82.27,37.79,72.3,53.72,68.33,44.36,40.76,122.0,7.0,57.82,67.06,,232,1,0.0,0,0.0,0.0,61.12
51.07,33.6,23.16,40.13,77.79,54.81,63.92,48.88,135.0,11.0,47.0,41.09,47.03,176,0,0.0,0,1.0,0.0,43.19
43.3,44.75,52.4,49.73,58.17,42.18,66.25,67.08,133.0,9.0,43.46,57.98,45.68,132,0,0.0,1,1.0,1.0,42.29
71.49,42.89,78.41,83.62,44.57,68.79,74.58,51.86,114.0,1.0,71.31,75.1,73.53,203,0,0.0,0,1.0,0.0,67.72
33.91,32.13,35.15,43.85,52.57,32.2,40.89,54.24,90.0,8.0,43.99,38.75,41.02,142,0,0.0,0,0.0,0.0,15.52
57.49,22.58,35.07,59.72,21.65,29.8,77.21,58.36,170.0,5.0,72.43,69.26,64.4,195,0,0.0,0,0.0,0.0,29.05
50.03,61.54,37.83,68.72,53.84,48.62,76.95,53.08,161.0,4.0,46.91,74.12,60.33,242,1,0.0,0,0.0,0.0,50.41
72.31,54.95,24.01,64.79,49.17,55.06,70.57,100.0,220.0,6.0,79.14,100.0,57.42,363,1,0.0,0,0.0,0.0,50.42
54.82,41.82,63.01,37.61,40.26,45.72,62.65,43.26,155.0,12.0,52.1,10.13,59.41,222,0,0.0,0,0.0,0.0,33.32
51.58,47.68,21.56,46.58,41.17,43.91,86.95,96.12,135.0,4.0,75.79,94.39,49.96,233,1,0.0,0,0.0,0.0,43.42
47.79,,34.26,65.97,63.76,40.24,78.37,100.0,138.0,0.0,92.71,53.31,72.68,207,0,0.0,0,1.0,0.0,58.23
25.31,55.08,18.75,50.74,46.72,43.2,57.69,52.73,127.0,5.0,,57.09,41.0,92,0,0.0,0,0.0,0.0,31.07
,53.94,30.75,56.51,57.41,49.47,62.83,50.22,148.0,8.0,47.47,42.73,29.44,255,0,1.0,1,0.0,0.0,37.89
87.93,52.75,64.88,53.64,59.93,71.56,50.6,27.31,146.0,6.0,53.14,45.8,63.46,237,1,1.0,0,0.0,0.0,65.41
81.34,61.35,54.12,63.09,53.08,55.09,41.73,54.42,130.0,5.0,47.88,53.11,44.77,243,1,0.0,0,0.0,0.0,56.78
64.68,31.46,55.66,66.71,57.96,48.89,76.27,66.56,148.0,12.0,54.5,68.43,69.63,182,0,0.0,0,0.0,1.0,42.33
40.38,31.75,28.9,34.76,24.33,30.56,51.35,71.13,158.0,7.0,55.59,78.57,52.79,80,0,0.0,1,0.0,0.0,21.07
45.72,25.86,33.83,53.54,24.89,28.0,33.7,58.0,135.0,12.0,36.22,29.05,22.81,176,0,0.0,0,0.0,0.0,7.68
63.12,65.22,23.88,55.82,44.85,42.44,79.6,75.71,120.0,3.0,91.17,98.72,79.06,206,1,0.0,1,0.0,0.0,56.58
70.46,48.48,59.91,33.58,31.07,51.89,66.55,79.79,147.0,7.0,67.15,56.51,39.6,252,0,0.0,1,0.0,0.0,37.9
78.76,57.61,71.54,69.0,81.06,71.09,65.01,60.11,117.0,3.0,72.11,60.55,70.89,356,1,1.0,1,1.0,1.0,80.73
68.91,78.91,63.27,76.11,76.82,68.57,55.4,58.7,123.0,14.0,53.06,73.98,72.64,292,1,0.0,1,1.0,0.0,71.04
77.94,65.89,52.03,68.22,56.39,67.32,75.21,58.37,145.0,2.0,69.17,68.74,57.33,211,1,0.0,0,0.0,0.0,65.9
52.38,36.05,45.88,73.15,56.75,39.76,57.19,49.51,149.0,3.0,63.14,39.91,71.16,254,0,0.0,0,1.0,1.0,52.93
81.3,54.96,41.35,73.44,42.07,52.86,58.7,49.18,140.0,6.0,78.65,61.7,60.22,214,1,0.0,0,0.0,0.0,55.47
66.53,53.88,47.94,44.89,46.83,43.82,69.45,64.53,121.0,6.0,55.76,54.2,57.75,215,0,0.0,0,0.0,0.0,55.4
62.51,45.53,47.26,40.91,71.32,52.15,75.3,61.69,190.0,1.0,67.63,67.24,73.19,342,1,1.0,0,0.0,1.0,63.04
87.39,45.6,100.0,75.9,95.18,77.89,75.14,62.77,131.0,7.0,61.2,63.81,74.07,273,0,1.0,0,0.0,1.0,65.37
46.55,79.83,14.19,53.63,64.7,56.79,73.29,66.53,148.0,2.0,86.49,75.94,53.08,354,1,0.0,1,0.0,0.0,55.65
61.72,69.45,16.64,79.45,70.4,46.6,64.44,58.29,128.0,69.0,57.7,48.68,21.7,268,0,0.0,0,0.0,0.0,38.65
76.66,56.52,59.68,98.8,58.83,64.99,81.29,45.45,124.0,5.0,76.9,62.87,60.33,183,1,0.0,1,0.0,0.0,68.55
31.27,22.81,12.15,68.39,32.33,35.3,45.26,24.59,137.0,9.0,51.4,55.43,33.3,165,0,0.0,0,0.0,0.0,19.77
61.29,47.11,34.64,55.4,64.75,42.95,87.92,83.97,134.0,4.0,77.05,78.56,54.38,180,0,0.0,0,0.0,0.0,46.22
75.81,45.38,29.27,69.56,68.59,45.58,59.37,78.75,140.0,8.0,65.96,65.79,47.19,257,0,1.0,0,1.0,1.0,65.36
76.78,69.41,37.94,70.19,67.48,51.78,47.88,32.28,125.0,8.0,70.02,71.07,24.52,269,0,1.0,0,0.0,0.0,55.23
54.53,74.28,18.28,36.04,65.38,52.75,51.84,64.69,140.0,7.0,58.57,63.25,40.43,156,1,0.0,0,0.0,0.0,60.56
76.11,0.0,70.93,34.71,37.93,38.47,63.79,63.45,125.0,9.0,77.36,67.96,59.96,189,0,0.0,0,0.0,0.0,29.37
66.57,81.98,59.71,73.74,73.75,69.49,61.66,48.21,158.0,8.0,63.82,65.52,73.32,261,1,1.0,1,1.0,1.0,75.04
100.0,63.71,71.15,51.53,61.13,68.13,57.94,71.58,143.0,11.0,61.76,49.3,53.49,239,1,0.0,0,0.0,0.0,52.8
57.82,71.33,40.92,48.5,63.96,65.26,68.05,68.05,137.0,2.0,57.97,51.94,69.07,330,0,0.0,0,1.0,0.0,56.86
88.99,32.25,63.94,57.0,70.7,64.27,66.46,83.46,139.0,8.0,73.58,64.19,38.51,212,0,0.0,1,1.0,0.0,51.68
64.23,,36.43,50.04,33.14,33.48,50.25,91.78,130.0,6.0,59.29,80.64,47.36,135,0,0.0,0,0.0,0.0,32.96
54.94,79.28,66.52,86.51,58.71,,81.38,95.34,143.0,11.0,78.52,92.84,80.82,336,1,1.0,1,0.0,0.0,65.52
100.0,43.15,81.65,84.73,80.58,77.09,86.33,45.83,169.0,8.0,57.45,54.64,77.57,276,0,0.0,0,1.0,0.0,63.37
57.18,0.0,43.56,52.47,50.34,29.42,63.49,70.79,129.0,10.0,62.8,72.0,47.79,305,0,0.0,0,0.0,0.0,23.34
43.66,44.45,43.77,21.37,49.76,47.54,33.39,43.16,137.0,26.0,37.32,22.89,14.71,143,0,0.0,0,0.0,0.0,18.31
75.97,54.13,54.34,74.44,72.73,59.7,72.11,89.31,126.0,10.0,52.75,68.01,79.21,214,0,0.0,1,0.0,0.0,60.25
47.56,78.32,31.78,56.62,75.55,58.99,62.21,41.72,94.0,18.0,38.35,18.04,73.4,234,1,0.0,0,0.0,1.0,33.49
56.28,42.71,37.34,44.04,58.61,44.08,48.75,43.34,148.0,10.0,57.17,59.98,54.79,267,0,0.0,0,1.0,1.0,49.43
52.51,62.03,47.24,76.13,69.3,52.02,56.81,48.29,157.0,10.0,58.86,91.01,67.04,274,0,0.0,0,0.0,0.0,49.19
52.07,34.68,20.53,35.41,37.74,30.71,62.2,64.36,146.0,9.0,34.21,49.46,42.44,193,0,1.0,0,0.0,0.0,29.97
83.34,49.25,59.57,58.96,54.05,69.16,64.2,55.37,181.0,7.0,56.79,56.24,69.8,235,0,1.0,0,0.0,0.0,53.53
63.08,13.99,67.34,56.67,52.76,44.43,68.04,46.9,133.0,11.0,59.63,61.52,62.98,123,0,,0,0.0,0.0,35.51
63.02,50.21,61.42,57.61,52.71,72.24,65.5,79.85,123.0,4.0,64.25,58.63,64.63,204,1,0.0,0,0.0,0.0,61.7
71.39,66.39,23.97,70.42,73.88,57.65,47.56,47.18,158.0,9.0,50.59,50.24,42.98,468,0,0.0,1,1.0,1.0,53.9
60.39,78.2,16.27,76.25,65.2,,75.66,47.16,163.0,12.0,54.76,67.11,66.59,257,1,1.0,1,1.0,0.0,66.9
63.32,62.82,75.61,83.59,88.55,58.01,67.47,72.38,159.0,4.0,61.95,60.03,,239,0,1.0,0,1.0,1.0,82.41
51.95,52.66,41.32,63.25,54.98,55.66,81.66,49.79,122.0,7.0,57.74,72.85,75.25,313,0,1.0,0,0.0,0.0,54.32
70.66,52.19,66.25,59.91,59.81,57.35,74.4,74.41,128.0,8.0,74.81,69.26,67.97,264,0,0.0,0,0.0,0.0,64.5
79.19,45.16,66.92,66.88,62.65,65.12,58.73,38.61,109.0,16.0,43.78,32.15,58.93,171,0,0.0,1,0.0,0.0,38.89
58.22,7.09,37.65,60.49,69.24,54.22,79.79,57.23,177.0,3.0,80.09,82.26,69.37,285,0,1.0,0,1.0,1.0,45.28
65.43,41.19,24.58,61.73,43.12,47.66,55.5,58.47,121.0,10.0,50.27,74.82,27.08,313,0,0.0,1,0.0,0.0,41.72
85.96,83.28,66.71,87.71,74.97,76.72,81.52,57.68,120.0,6.0,57.7,43.31,69.71,382,0,1.0,1,0.0,0.0,80.31
73.16,42.19,49.01,65.49,62.01,61.47,47.22,69.37,135.0,7.0,58.91,27.93,52.09,268,0,0.0,0,0.0,0.0,41.32
67.57,43.87,72.32,74.19,65.02,63.72,89.69,78.01,145.0,5.0,69.01,53.58,58.65,178,0,0.0,0,1.0,0.0,63.64
77.42,51.58,45.58,74.72,58.23,49.34,100.0,89.43,156.0,3.0,86.29,81.15,82.55,213,0,0.0,0,0.0,0.0,67.79
52.59,59.16,34.86,42.08,49.19,54.08,60.6,36.56,136.0,8.0,66.26,61.2,60.01,183,0,0.0,1,0.0,0.0,43.22
56.98,,39.57,70.83,46.54,42.95,56.45,50.63,126.0,,45.04,58.62,21.22,307,0,0.0,0,0.0,0.0,26.6
52.93,61.92,52.74,42.44,58.87,61.23,62.91,52.58,132.0,12.0,48.18,60.68,59.38,164,0,0.0,0,1.0,1.0,55.26
72.92,70.17,36.95,66.57,80.76,64.48,46.43,57.64,126.0,8.0,60.07,43.89,68.14,193,1,0.0,1,1.0,,62.45
92.99,73.74,55.83,67.09,84.86,79.13,95.2,82.18,168.0,2.0,84.95,93.55,75.57,208,0,1.0,0,1.0,1.0,73.45
82.77,54.95,63.08,85.36,76.54,65.05,66.51,69.73,139.0,2.0,63.57,56.08,52.47,160,0,1.0,0,0.0,0.0,68.84
81.76,30.3,78.4,88.89,63.49,52.38,44.13,60.69,148.0,10.0,38.48,60.31,32.83,215,0,0.0,0,0.0,1.0,45.87
76.58,75.09,45.82,75.7,82.97,69.81,54.02,67.84,134.0,11.0,42.23,72.55,57.26,199,0,0.0,1,1.0,1.0,61.75
87.01,42.17,9.07,80.11,35.82,52.56,72.97,78.64,107.0,6.0,57.21,46.6,51.5,114,0,0.0,0,0.0,0.0,42.05
26.32,48.0,21.94,36.79,40.51,28.83,80.48,79.87,171.0,8.0,55.01,52.06,37.01,130,0,0.0,1,0.0,0.0,26.57
78.51,52.61,49.82,79.45,65.79,58.66,55.56,45.25,148.0,7.0,55.34,51.18,71.34,261,0,1.0,0,0.0,1.0,66.96
78.2,77.01,38.12,60.69,93.1,52.91,72.41,80.88,147.0,5.0,61.96,82.74,61.71,244,0,0.0,1,0.0,1.0,68.36
71.01,51.86,35.95,74.37,84.67,56.66,65.77,60.91,101.0,9.0,56.21,61.93,52.58,210,0,1.0,0,1.0,1.0,53.76
88.27,22.68,69.1,68.94,68.74,51.23,55.8,59.6,135.0,7.0,45.68,28.33,67.2,136,0,0.0,0,0.0,1.0,52.89
65.31,28.44,66.33,69.56,46.65,53.2,42.33,50.4,164.0,8.0,52.19,38.57,50.94,282,0,0.0,0,0.0,0.0,43.65
79.39,53.02,62.97,71.39,56.36,62.7,79.41,93.85,164.0,1.0,100.0,77.47,71.89,199,0,0.0,0,1.0,0.0,66.77
68.7,70.6,11.83,74.88,63.36,53.39,53.81,45.84,134.0,10.0,58.67,50.93,55.42,379,1,0.0,1,1.0,0.0,61.97
80.17,36.14,24.01,44.88,63.79,56.05,54.46,57.64,159.0,8.0,62.18,50.14,49.88,261,0,1.0,0,0.0,0.0,47.74
75.27,41.97,64.01,100.0,64.12,62.15,73.55,60.96,168.0,2.0,67.31,76.09,63.22,84,0,0.0,0,0.0,0.0,53.23
61.58,42.15,39.39,36.78,60.19,47.74,77.67,62.05,138.0,3.0,51.96,67.17,63.23,188,0,1.0,0,0.0,0.0,50.85
73.5,28.17,58.12,69.54,68.4,55.93,49.99,57.58,161.0,15.0,54.06,63.59,68.87,206,0,0.0,0,0.0,0.0,32.64
91.09,31.0,40.29,73.76,54.08,50.24,69.49,72.26,163.0,12.0,61.94,61.12,52.22,289,1,0.0,0,0.0,0.0,49.69
49.1,56.43,37.57,64.98,50.83,53.1,77.55,49.04,156.0,1.0,72.13,75.41,69.7,118,0,0.0,0,0.0,0.0,49.38
80.99,48.61,62.63,71.15,78.7,58.04,66.76,52.9,156.0,5.0,65.63,82.3,45.8,238,0,1.0,0,0.0,0.0,53.43
42.57,50.72,45.58,64.6,44.6,47.2,53.17,58.63,122.0,9.0,48.89,46.74,53.79,135,0,0.0,0,0.0,0.0,39.2
43.34,2.19,11.8,33.13,19.27,27.2,71.89,73.31,154.0,12.0,35.83,50.34,62.54,236,0,0.0,0,0.0,0.0,16.59
76.98,58.66,40.59,92.28,50.78,51.56,58.84,63.34,136.0,3.0,66.46,66.88,55.95,153,1,0.0,0,0.0,0.0,56.22
56.79,69.83,78.98,56.34,71.71,55.25,46.01,40.89,120.0,11.0,43.68,35.62,42.68,260,0,1.0,0,1.0,1.0,59.66
100.0,75.1,60.05,81.32,78.82,68.89,88.35,90.31,170.0,5.0,72.94,65.33,67.72,198,0,0.0,0,0.0,0.0,67.43
69.38,77.91,56.8,62.31,78.84,76.6,83.48,83.43,139.0,2.0,,78.67,80.62,304,1,1.0,0,1.0,0.0,76.89
85.46,83.12,60.02,71.12,70.52,67.49,52.89,67.67,142.0,10.0,59.46,57.15,59.06,218,1,0.0,1,0.0,1.0,67.65
63.98,44.34,50.35,42.56,59.31,43.04,88.9,63.53,145.0,7.0,66.23,75.03,58.0,128,0,0.0,0,0.0,0.0,43.7
73.22,54.57,27.06,65.41,55.88,53.92,67.48,72.52,111.0,4.0,79.32,66.61,68.48,189,0,0.0,0,0.0,0.0,49.17
49.7,51.61,49.54,47.18,66.5,33.29,80.97,95.49,136.0,4.0,65.74,85.82,46.93,108,0,0.0,0,0.0,1.0,46.57
87.17,69.96,70.66,68.17,69.11,64.37,91.26,88.95,157.0,5.0,81.63,94.39,82.64,196,1,0.0,1,1.0,0.0,80.33
85.17,23.61,57.66,60.91,71.7,64.17,73.18,37.52,140.0,7.0,,55.22,58.53,265,0,1.0,0,1.0,1.0,56.42
85.08,79.43,51.12,78.87,68.39,62.93,60.12,46.15,132.0,9.0,73.38,57.7,68.42,118,1,0.0,1,0.0,1.0,64.98
89.06,46.79,83.92,79.24,69.49,67.06,67.43,50.2,145.0,5.0,,70.54,75.17,298,1,0.0,0,0.0,0.0,57.03
86.87,53.32,31.27,75.91,65.75,59.99,69.51,39.41,159.0,9.0,57.77,46.86,41.17,232,0,0.0,0,0.0,0.0,50.44
58.38,23.58,64.24,53.07,52.78,48.14,100.0,77.36,115.0,1.0,72.09,86.64,68.01,345,1,0.0,1,0.0,0.0,56.64
78.92,77.7,46.36,66.18,65.45,61.01,82.81,85.92,140.0,8.0,80.73,98.5,,405,1,1.0,0,0.0,0.0,69.33
82.6,50.81,65.05,70.51,63.62,65.78,60.27,34.04,139.0,15.0,46.68,67.35,40.31,139,0,0.0,0,0.0,0.0,43.17
73.63,54.14,60.46,73.45,67.48,69.58,70.44,42.8,172.0,11.0,52.15,60.46,61.07,252,0,0.0,0,0.0,0.0,52.44
78.26,50.58,52.72,60.89,63.84,51.75,36.61,57.33,157.0,12.0,52.18,57.64,48.89,255,0,1.0,0,0.0,0.0,46.46
55.13,52.24,28.27,36.34,65.59,43.02,56.34,77.26,113.0,14.0,34.72,52.23,29.87,325,1,1.0,1,0.0,1.0,49.97
72.84,79.6,65.1,95.73,61.98,68.01,46.74,71.6,161.0,8.0,51.21,49.74,57.75,219,0,1.0,1,0.0,0.0,58.43
47.78,46.72,33.66,61.87,48.29,47.24,68.23,53.88,137.0,6.0,62.44,69.76,47.53,171,0,0.0,0,0.0,0.0,46.16
98.45,61.68,58.88,73.14,65.16,68.65,54.06,55.78,109.0,8.0,84.7,55.18,65.01,215,0,0.0,0,0.0,0.0,64.53
70.32,37.87,40.62,53.84,51.76,47.32,9.09,40.73,107.0,13.0,30.76,39.93,56.34,218,0,0.0,0,0.0,0.0,29.01
73.94,77.95,64.95,100.0,52.86,58.08,52.24,37.22,162.0,9.0,53.08,42.95,,226,1,0.0,0,0.0,0.0,51.8
61.41,47.67,72.73,72.25,35.94,46.69,60.12,47.15,147.0,5.0,47.88,55.41,39.17,234,0,0.0,0,0.0,0.0,36.9
55.45,32.93,55.58,60.98,40.88,46.01,56.82,58.0,120.0,5.0,55.77,26.86,50.64,877,0,0.0,0,1.0,0.0,53.4
48.78,49.37,51.63,43.18,46.28,42.63,51.06,70.07,166.0,8.0,,66.66,44.35,93,0,0.0,0,0.0,0.0,36.2
68.67,58.22,51.92,57.44,36.95,50.67,67.14,53.27,152.0,9.0,37.01,43.14,48.68,174,0,0.0,1,0.0,0.0,44.58
86.01,59.18,98.82,56.75,78.74,73.1,78.29,55.47,136.0,8.0,66.21,34.67,70.42,181,0,0.0,0,0.0,1.0,66.53
52.04,38.68,51.98,62.01,49.19,,64.84,53.34,144.0,12.0,36.4,56.72,53.02,337,0,0.0,0,0.0,0.0,33.19
70.98,47.2,35.41,75.79,32.32,45.12,52.13,41.79,121.0,10.0,64.48,65.47,,229,1,0.0,0,0.0,0.0,45.74
74.55,62.8,53.19,79.73,58.4,69.14,57.16,50.67,174.0,17.0,54.03,55.96,,259,0,0.0,1,0.0,0.0,50.97
76.17,37.42,70.51,79.3,59.17,66.58,67.11,46.48,118.0,10.0,49.9,65.29,73.89,224,0,0.0,0,1.0,0.0,50.88
77.24,,35.38,67.52,45.63,57.78,78.44,65.8,118.0,12.0,65.31,66.07,60.4,135,0,0.0,1,0.0,1.0,55.85
62.02,55.59,40.92,70.55,77.66,50.64,57.77,56.41,142.0,5.0,64.61,73.6,58.16,186,1,0.0,0,1.0,1.0,65.12
80.61,58.45,48.51,80.04,70.47,63.19,67.04,49.5,190.0,3.0,54.43,41.08,39.9,233,0,0.0,0,0.0,0.0,48.95
60.36,54.21,37.07,22.45,68.24,46.49,47.8,67.47,111.0,10.0,50.61,55.11,46.9,254,0,0.0,1,0.0,0.0,51.35
74.07,18.65,71.34,65.8,31.99,60.47,70.58,61.48,154.0,2.0,79.12,80.33,84.62,252,0,0.0,0,0.0,0.0,46.81
100.0,66.79,54.3,100.0,92.59,78.17,67.93,62.74,141.0,12.0,71.58,60.46,77.76,302,0,1.0,0,1.0,1.0,70.43
70.46,44.97,39.75,65.06,59.83,50.56,82.91,84.52,149.0,1.0,90.49,90.03,69.38,279,0,1.0,0,0.0,0.0,62.24
63.93,64.67,14.54,19.91,63.53,57.52,32.1,53.16,155.0,3.0,59.57,26.31,47.6,284,1,0.0,0,1.0,0.0,49.44
48.5,33.64,68.41,55.47,62.79,46.74,65.68,41.47,127.0,2.0,49.7,60.8,49.73,243,0,0.0,0,1.0,0.0,45.53
66.69,20.96,44.49,22.61,40.5,42.87,57.29,56.78,133.0,8.0,67.0,53.12,56.22,239,0,0.0,0,0.0,0.0,36.89
63.04,54.6,35.66,50.27,67.73,55.7,46.5,39.2,124.0,15.0,30.86,47.04,56.5,281,0,1.0,0,1.0,1.0,47.97
93.81,45.67,61.51,52.43,64.71,64.29,81.86,47.03,167.0,4.0,73.6,44.4,64.33,250,1,1.0,0,0.0,0.0,56.86
65.7,65.1,42.27,83.86,63.36,57.37,98.45,86.17,167.0,1.0,71.31,79.67,79.08,207,0,0.0,0,0.0,1.0,69.89
58.27,71.98,69.97,77.04,78.38,70.15,60.09,38.17,118.0,7.0,55.96,48.91,52.99,398,0,1.0,0,,1.0,69.46
63.45,59.14,50.18,63.6,69.93,53.23,80.98,63.53,148.0,3.0,76.48,63.78,61.06,233,0,0.0,0,0.0,0.0,64.13
,,62.74,82.31,61.5,60.05,61.64,62.28,157.0,5.0,34.1,59.33,42.25,283,0,0.0,0,0.0,1.0,50.77
69.88,45.29,62.91,56.16,79.98,57.22,50.97,47.78,108.0,3.0,55.87,46.75,54.83,203,0,0.0,0,1.0,1.0,58.28
55.65,54.54,49.54,54.76,50.35,57.93,,50.16,162.0,12.0,58.16,57.98,54.47,225,0,1.0,0,0.0,0.0,42.48
55.13,49.24,47.76,91.16,55.41,58.14,56.81,55.1,137.0,10.0,59.65,71.17,60.17,137,0,0.0,1,0.0,1.0,60.61
63.06,77.76,53.85,81.74,72.78,67.31,67.1,67.47,131.0,8.0,47.22,70.94,63.58,199,0,1.0,1,0.0,1.0,57.4
76.81,50.64,64.84,78.07,70.1,62.01,59.94,56.26,163.0,7.0,60.26,33.73,66.03,315,0,1.0,0,1.0,0.0,61.98
46.93,61.0,33.74,46.94,59.27,53.44,29.34,37.01,154.0,9.0,31.57,52.09,60.86,158,0,1.0,0,0.0,0.0,38.01
62.74,45.56,55.47,67.6,57.48,56.37,59.1,44.46,114.0,7.0,57.72,63.98,63.21,320,0,0.0,1,0.0,0.0,48.85
19.93,23.44,39.89,15.23,15.55,3.19,73.95,58.74,153.0,7.0,42.66,65.59,17.68,190,0,0.0,0,0.0,0.0,12.12
65.83,49.83,34.68,83.89,59.27,47.3,24.86,55.52,146.0,13.0,43.62,41.66,36.18,317,0,0.0,0,0.0,0.0,32.98
75.4,46.47,22.85,33.87,66.05,49.61,74.94,52.69,101.0,6.0,65.16,46.02,59.51,352,1,1.0,0,0.0,0.0,44.66
77.71,48.28,65.51,78.7,71.31,64.28,76.0,72.11,151.0,11.0,59.67,44.67,48.83,262,0,1.0,0,0.0,0.0,55.04
82.9,58.53,50.16,75.11,63.91,66.11,57.57,59.77,131.0,7.0,53.62,62.8,66.57,210,1,0.0,0,1.0,0.0,61.42
85.51,71.48,71.46,52.99,83.12,80.51,76.65,56.08,161.0,4.0,60.44,75.01,89.1,276,1,1.0,1,1.0,1.0,87.44
56.29,23.47,64.28,69.42,48.93,50.03,57.64,34.94,123.0,12.0,46.02,43.7,,200,0,0.0,0,0.0,0.0,35.23
89.72,34.04,42.76,60.51,42.26,39.15,78.36,79.68,143.0,5.0,73.62,80.8,71.31,238,0,0.0,0,1.0,1.0,53.49
64.44,,53.72,54.67,69.3,62.92,80.68,68.44,132.0,4.0,57.18,78.14,75.9,245,1,0.0,1,0.0,0.0,60.63
38.44,44.89,47.37,49.7,42.8,48.36,70.51,61.12,128.0,15.0,48.88,43.5,57.46,314,0,0.0,0,0.0,0.0,40.43
83.73,46.59,84.18,70.97,66.53,66.78,86.3,81.31,103.0,2.0,77.12,78.5,80.72,210,0,0.0,0,1.0,0.0,57.95
67.54,67.94,30.93,53.93,69.05,56.64,47.57,69.49,156.0,7.0,48.32,56.08,42.76,205,1,1.0,1,0.0,1.0,64.16
68.13,45.32,85.77,66.58,83.35,61.44,60.27,54.37,159.0,5.0,54.82,60.13,69.11,274,0,1.0,0,0.0,0.0,56.95
84.42,62.41,55.57,60.48,50.14,66.6,62.24,73.02,140.0,10.0,78.54,80.71,77.59,264,1,0.0,0,0.0,0.0,61.11
78.01,38.21,60.0,52.62,64.26,53.83,91.82,86.33,149.0,5.0,82.6,92.61,75.13,186,0,1.0,0,0.0,,71.39
75.11,67.74,65.08,75.46,30.36,63.26,53.44,45.02,124.0,5.0,51.4,37.08,58.47,307,1,0.0,0,0.0,0.0,54.16
93.3,57.37,74.14,84.26,77.35,74.54,61.79,62.57,158.0,6.0,71.55,75.72,58.47,172,0,1.0,1,1.0,0.0,75.46
,59.4,47.38,56.67,55.22,55.39,79.71,75.28,146.0,3.0,80.07,69.07,76.03,310,0,1.0,0,0.0,0.0,63.01
53.49,29.52,40.04,50.24,66.86,46.62,52.89,52.46,138.0,7.0,62.71,60.21,51.33,310,0,1.0,0,0.0,0.0,43.4
62.98,44.97,59.13,58.08,71.69,56.32,72.46,65.26,167.0,9.0,67.51,50.2,60.73,373,0,1.0,0,0.0,1.0,58.54
57.5,53.67,44.96,52.19,75.09,60.68,69.6,68.43,116.0,5.0,53.25,70.59,69.42,231,1,0.0,0,1.0,1.0,65.68
57.82,40.15,48.27,55.43,47.34,50.39,60.07,63.55,103.0,16.0,68.36,55.82,53.16,209,0,0.0,0,0.0,0.0,32.46
100.0,88.4,68.26,100.0,69.82,86.28,77.31,57.93,149.0,3.0,,66.63,69.14,298,1,1.0,1,0.0,0.0,78.61
55.07,45.5,49.53,74.11,46.12,43.87,83.76,53.42,138.0,4.0,60.76,54.43,70.5,187,0,0.0,0,1.0,0.0,47.76
82.46,52.93,84.18,64.94,85.37,64.88,59.87,43.32,118.0,10.0,46.56,34.95,42.03,290,0,1.0,0,1.0,1.0,70.38
80.77,60.59,56.9,50.38,60.88,61.07,69.69,56.43,143.0,9.0,52.75,58.08,67.33,266,1,0.0,0,0.0,0.0,67.68
68.33,61.16,30.78,32.27,50.43,53.75,70.82,62.38,146.0,7.0,65.55,35.86,47.88,257,0,0.0,1,1.0,0.0,57.3
